categorie,approche,cluster,marque,gamme_prix,semaine,n_produits,prix_geometrique_tnd
pc_bureau,N1_technique,c0,,,1,68,3684.24
pc_bureau,N1_technique,c0,,,2,71,3676.41
pc_bureau,N1_technique,c0,,,3,72,3632.92
pc_bureau,N1_technique,c0,,,4,74,3580.8
pc_bureau,N1_technique,c1,,,1,52,2546.01
pc_bureau,N1_technique,c1,,,2,53,2508.62
pc_bureau,N1_technique,c1,,,3,50,2534.55
pc_bureau,N1_technique,c1,,,4,51,2569.8
pc_bureau,N1_technique,c2,,,1,66,2708.75
pc_bureau,N1_technique,c2,,,2,67,2678.44
pc_bureau,N1_technique,c2,,,3,65,2696.58
pc_bureau,N1_technique,c2,,,4,61,2729.02
pc_bureau,N1_technique,c3,,,1,16,5111.14
pc_bureau,N1_technique,c3,,,2,16,5111.14
pc_bureau,N1_technique,c3,,,3,16,5111.14
pc_bureau,N1_technique,c3,,,4,15,5083.82
pc_bureau,N1_technique,c4,,,1,14,1919.81
pc_bureau,N1_technique,c4,,,2,14,2054.98
pc_bureau,N1_technique,c4,,,3,14,2054.98
pc_bureau,N1_technique,c4,,,4,14,2163.16
pc_bureau,N2_marque_gamme,ASUS::Milieu de gamme::c0,ASUS,Milieu de gamme,1,3,2051.92
pc_bureau,N2_marque_gamme,ASUS::Milieu de gamme::c0,ASUS,Milieu de gamme,2,3,2051.92
pc_bureau,N2_marque_gamme,ASUS::Milieu de gamme::c0,ASUS,Milieu de gamme,3,3,2051.92
pc_bureau,N2_marque_gamme,ASUS::Milieu de gamme::c0,ASUS,Milieu de gamme,4,3,2051.92
pc_bureau,N2_marque_gamme,ASUS::Milieu de gamme::c1,ASUS,Milieu de gamme,1,2,2133.99
pc_bureau,N2_marque_gamme,ASUS::Milieu de gamme::c1,ASUS,Milieu de gamme,2,2,2133.99
pc_bureau,N2_marque_gamme,ASUS::Milieu de gamme::c1,ASUS,Milieu de gamme,3,2,2133.99
pc_bureau,N2_marque_gamme,ASUS::Milieu de gamme::c1,ASUS,Milieu de gamme,4,1,2139.0
pc_bureau,N2_marque_gamme,ASUS::Premium::c0,ASUS,Premium,1,3,2451.97
pc_bureau,N2_marque_gamme,ASUS::Premium::c0,ASUS,Premium,2,3,2451.97
pc_bureau,N2_marque_gamme,ASUS::Premium::c0,ASUS,Premium,3,3,2451.97
pc_bureau,N2_marque_gamme,ASUS::Premium::c0,ASUS,Premium,4,2,2414.34
pc_bureau,N2_marque_gamme,ASUS::Premium::c1,ASUS,Premium,1,3,2530.55
pc_bureau,N2_marque_gamme,ASUS::Premium::c1,ASUS,Premium,2,3,2530.55
pc_bureau,N2_marque_gamme,ASUS::Premium::c1,ASUS,Premium,3,3,2530.55
pc_bureau,N2_marque_gamme,ASUS::Premium::c1,ASUS,Premium,4,3,2530.55
pc_bureau,N2_marque_gamme,ASUS::Économique::c0,ASUS,Économique,1,4,1784.03
pc_bureau,N2_marque_gamme,ASUS::Économique::c0,ASUS,Économique,2,4,1784.03
pc_bureau,N2_marque_gamme,ASUS::Économique::c0,ASUS,Économique,3,4,1784.03
pc_bureau,N2_marque_gamme,ASUS::Économique::c0,ASUS,Économique,4,3,1782.38
pc_bureau,N2_marque_gamme,ASUS::Économique::c1,ASUS,Économique,1,3,1521.33
pc_bureau,N2_marque_gamme,ASUS::Économique::c1,ASUS,Économique,2,3,1521.33
pc_bureau,N2_marque_gamme,ASUS::Économique::c1,ASUS,Économique,3,3,1521.33
pc_bureau,N2_marque_gamme,ASUS::Économique::c1,ASUS,Économique,4,2,1586.44
pc_bureau,N2_marque_gamme,BMAX::Gamme unique::c0,BMAX,Gamme unique,1,2,686.8
pc_bureau,N2_marque_gamme,BMAX::Gamme unique::c0,BMAX,Gamme unique,2,1,569.0
pc_bureau,N2_marque_gamme,BMAX::Gamme unique::c0,BMAX,Gamme unique,3,1,569.0
pc_bureau,N2_marque_gamme,BMAX::Gamme unique::c0,BMAX,Gamme unique,4,1,569.0
pc_bureau,N2_marque_gamme,DELL::Milieu de gamme::c0,DELL,Milieu de gamme,1,3,2269.45
pc_bureau,N2_marque_gamme,DELL::Milieu de gamme::c0,DELL,Milieu de gamme,2,3,2269.45
pc_bureau,N2_marque_gamme,DELL::Milieu de gamme::c0,DELL,Milieu de gamme,3,3,2269.45
pc_bureau,N2_marque_gamme,DELL::Milieu de gamme::c0,DELL,Milieu de gamme,4,3,2269.45
pc_bureau,N2_marque_gamme,DELL::Milieu de gamme::c1,DELL,Milieu de gamme,1,5,2117.35
pc_bureau,N2_marque_gamme,DELL::Milieu de gamme::c1,DELL,Milieu de gamme,2,4,2190.53
pc_bureau,N2_marque_gamme,DELL::Milieu de gamme::c1,DELL,Milieu de gamme,3,3,2250.89
pc_bureau,N2_marque_gamme,DELL::Milieu de gamme::c1,DELL,Milieu de gamme,4,5,2159.35
pc_bureau,N2_marque_gamme,DELL::Premium::c0,DELL,Premium,2,2,2970.36
pc_bureau,N2_marque_gamme,DELL::Premium::c0,DELL,Premium,3,2,2892.09
pc_bureau,N2_marque_gamme,DELL::Premium::c0,DELL,Premium,4,2,2892.09
pc_bureau,N2_marque_gamme,DELL::Premium::c1,DELL,Premium,1,4,3536.93
pc_bureau,N2_marque_gamme,DELL::Premium::c1,DELL,Premium,2,4,3536.93
pc_bureau,N2_marque_gamme,DELL::Premium::c1,DELL,Premium,3,4,3536.93
pc_bureau,N2_marque_gamme,DELL::Premium::c1,DELL,Premium,4,4,3519.57
pc_bureau,N2_marque_gamme,DELL::Premium::c2,DELL,Premium,1,2,2944.1
pc_bureau,N2_marque_gamme,DELL::Premium::c2,DELL,Premium,2,2,2944.1
pc_bureau,N2_marque_gamme,DELL::Premium::c2,DELL,Premium,3,2,2944.1
pc_bureau,N2_marque_gamme,DELL::Premium::c2,DELL,Premium,4,2,2944.1
pc_bureau,N2_marque_gamme,DELL::Économique::c0,DELL,Économique,1,2,1583.93
pc_bureau,N2_marque_gamme,DELL::Économique::c0,DELL,Économique,2,2,1583.93
pc_bureau,N2_marque_gamme,DELL::Économique::c0,DELL,Économique,3,2,1583.93
pc_bureau,N2_marque_gamme,DELL::Économique::c0,DELL,Économique,4,2,1583.93
pc_bureau,N2_marque_gamme,DELL::Économique::c1,DELL,Économique,1,4,1626.13
pc_bureau,N2_marque_gamme,DELL::Économique::c1,DELL,Économique,2,4,1599.1
pc_bureau,N2_marque_gamme,DELL::Économique::c1,DELL,Économique,3,4,1599.1
pc_bureau,N2_marque_gamme,DELL::Économique::c1,DELL,Économique,4,4,1599.1
pc_bureau,N2_marque_gamme,DELL::Économique::c2,DELL,Économique,1,1,1855.0
pc_bureau,N2_marque_gamme,DELL::Économique::c2,DELL,Économique,2,2,1857.0
pc_bureau,N2_marque_gamme,DELL::Économique::c2,DELL,Économique,3,2,1857.0
pc_bureau,N2_marque_gamme,DELL::Économique::c2,DELL,Économique,4,2,1857.0
pc_bureau,N2_marque_gamme,HP::Milieu de gamme::c0,HP,Milieu de gamme,1,6,3086.41
pc_bureau,N2_marque_gamme,HP::Milieu de gamme::c0,HP,Milieu de gamme,2,5,3136.21
pc_bureau,N2_marque_gamme,HP::Milieu de gamme::c0,HP,Milieu de gamme,3,4,3133.02
pc_bureau,N2_marque_gamme,HP::Milieu de gamme::c0,HP,Milieu de gamme,4,4,3133.02
pc_bureau,N2_marque_gamme,HP::Premium::c0,HP,Premium,1,1,3619.0
pc_bureau,N2_marque_gamme,HP::Premium::c0,HP,Premium,2,1,3619.0
pc_bureau,N2_marque_gamme,HP::Premium::c0,HP,Premium,3,1,3619.0
pc_bureau,N2_marque_gamme,HP::Premium::c0,HP,Premium,4,2,3643.91
pc_bureau,N2_marque_gamme,HP::Premium::c1,HP,Premium,1,4,3861.42
pc_bureau,N2_marque_gamme,HP::Premium::c1,HP,Premium,2,4,3861.42
pc_bureau,N2_marque_gamme,HP::Premium::c1,HP,Premium,3,4,3861.42
pc_bureau,N2_marque_gamme,HP::Premium::c1,HP,Premium,4,4,3861.42
pc_bureau,N2_marque_gamme,HP::Économique::c0,HP,Économique,1,5,2559.2
pc_bureau,N2_marque_gamme,HP::Économique::c0,HP,Économique,2,5,2559.2
pc_bureau,N2_marque_gamme,HP::Économique::c0,HP,Économique,3,5,2559.2
pc_bureau,N2_marque_gamme,HP::Économique::c0,HP,Économique,4,5,2559.2
pc_bureau,N2_marque_gamme,HP::Économique::c1,HP,Économique,1,2,1573.3
pc_bureau,N2_marque_gamme,HP::Économique::c1,HP,Économique,2,2,1573.3
pc_bureau,N2_marque_gamme,HP::Économique::c1,HP,Économique,3,2,1573.3
pc_bureau,N2_marque_gamme,HP::Économique::c1,HP,Économique,4,2,1573.3
pc_bureau,N2_marque_gamme,LENOVO::Milieu de gamme::c0,LENOVO,Milieu de gamme,1,5,2359.94
pc_bureau,N2_marque_gamme,LENOVO::Milieu de gamme::c0,LENOVO,Milieu de gamme,2,8,2280.78
pc_bureau,N2_marque_gamme,LENOVO::Milieu de gamme::c0,LENOVO,Milieu de gamme,3,8,2280.78
pc_bureau,N2_marque_gamme,LENOVO::Milieu de gamme::c0,LENOVO,Milieu de gamme,4,8,2280.78
pc_bureau,N2_marque_gamme,LENOVO::Premium::c0,LENOVO,Premium,1,7,3169.4
pc_bureau,N2_marque_gamme,LENOVO::Premium::c0,LENOVO,Premium,2,7,3169.4
pc_bureau,N2_marque_gamme,LENOVO::Premium::c0,LENOVO,Premium,3,7,3169.4
pc_bureau,N2_marque_gamme,LENOVO::Premium::c0,LENOVO,Premium,4,7,3169.4
pc_bureau,N2_marque_gamme,LENOVO::Économique::c0,LENOVO,Économique,1,4,1523.93
pc_bureau,N2_marque_gamme,LENOVO::Économique::c0,LENOVO,Économique,2,4,1523.93
pc_bureau,N2_marque_gamme,LENOVO::Économique::c0,LENOVO,Économique,3,3,1542.7
pc_bureau,N2_marque_gamme,LENOVO::Économique::c0,LENOVO,Économique,4,3,1542.7
pc_bureau,N2_marque_gamme,LENOVO::Économique::c1,LENOVO,Économique,1,4,1731.22
pc_bureau,N2_marque_gamme,LENOVO::Économique::c1,LENOVO,Économique,2,4,1731.22
pc_bureau,N2_marque_gamme,LENOVO::Économique::c1,LENOVO,Économique,3,4,1731.22
pc_bureau,N2_marque_gamme,LENOVO::Économique::c1,LENOVO,Économique,4,4,1731.22
pc_bureau,N2_marque_gamme,MSI::Milieu de gamme::c0,MSI,Milieu de gamme,1,28,4031.0
pc_bureau,N2_marque_gamme,MSI::Milieu de gamme::c0,MSI,Milieu de gamme,2,25,4081.12
pc_bureau,N2_marque_gamme,MSI::Milieu de gamme::c0,MSI,Milieu de gamme,3,25,4081.12
pc_bureau,N2_marque_gamme,MSI::Milieu de gamme::c0,MSI,Milieu de gamme,4,26,4060.12
pc_bureau,N2_marque_gamme,MSI::Premium::c0,MSI,Premium,1,12,5705.25
pc_bureau,N2_marque_gamme,MSI::Premium::c0,MSI,Premium,2,12,5705.25
pc_bureau,N2_marque_gamme,MSI::Premium::c0,MSI,Premium,3,12,5705.25
pc_bureau,N2_marque_gamme,MSI::Premium::c0,MSI,Premium,4,11,5795.68
pc_bureau,N2_marque_gamme,MSI::Premium::c1,MSI,Premium,1,11,5352.21
pc_bureau,N2_marque_gamme,MSI::Premium::c1,MSI,Premium,2,11,5352.21
pc_bureau,N2_marque_gamme,MSI::Premium::c1,MSI,Premium,3,11,5352.21
pc_bureau,N2_marque_gamme,MSI::Premium::c1,MSI,Premium,4,11,5352.21
pc_bureau,N2_marque_gamme,MSI::Premium::c2,MSI,Premium,1,4,7230.08
pc_bureau,N2_marque_gamme,MSI::Premium::c2,MSI,Premium,2,4,7230.08
pc_bureau,N2_marque_gamme,MSI::Premium::c2,MSI,Premium,3,4,7230.08
pc_bureau,N2_marque_gamme,MSI::Premium::c2,MSI,Premium,4,4,7230.08
pc_bureau,N2_marque_gamme,MSI::Économique::c0,MSI,Économique,1,8,3171.86
pc_bureau,N2_marque_gamme,MSI::Économique::c0,MSI,Économique,2,9,3204.6
pc_bureau,N2_marque_gamme,MSI::Économique::c0,MSI,Économique,3,9,3204.6
pc_bureau,N2_marque_gamme,MSI::Économique::c0,MSI,Économique,4,9,3204.6
pc_bureau,N2_marque_gamme,MSI::Économique::c1,MSI,Économique,1,4,2851.35
pc_bureau,N2_marque_gamme,MSI::Économique::c1,MSI,Économique,2,5,2917.72
pc_bureau,N2_marque_gamme,MSI::Économique::c1,MSI,Économique,3,5,2917.72
pc_bureau,N2_marque_gamme,MSI::Économique::c1,MSI,Économique,4,5,2917.72
pc_bureau,N2_marque_gamme,MSI::Économique::c2,MSI,Économique,1,2,2797.21
pc_bureau,N2_marque_gamme,MSI::Économique::c2,MSI,Économique,2,2,2797.21
pc_bureau,N2_marque_gamme,MSI::Économique::c2,MSI,Économique,3,2,2797.21
pc_bureau,N2_marque_gamme,MSI::Économique::c2,MSI,Économique,4,2,2797.21
pc_bureau,N2_marque_gamme,MSI::Économique::c3,MSI,Économique,1,3,2957.64
pc_bureau,N2_marque_gamme,MSI::Économique::c3,MSI,Économique,2,3,2957.64
pc_bureau,N2_marque_gamme,MSI::Économique::c3,MSI,Économique,3,3,2957.64
pc_bureau,N2_marque_gamme,MSI::Économique::c3,MSI,Économique,4,3,2957.64
pc_bureau,N2_marque_gamme,MSI::Économique::c4,MSI,Économique,1,4,2319.46
pc_bureau,N2_marque_gamme,MSI::Économique::c4,MSI,Économique,2,3,2287.2
pc_bureau,N2_marque_gamme,MSI::Économique::c4,MSI,Économique,3,1,2559.0
pc_bureau,N2_marque_gamme,MSI::Économique::c4,MSI,Économique,4,1,2559.0
pc_bureau,N2_marque_gamme,MSI::Économique::c5,MSI,Économique,1,2,3392.67
pc_bureau,N2_marque_gamme,MSI::Économique::c5,MSI,Économique,2,2,3392.67
pc_bureau,N2_marque_gamme,MSI::Économique::c5,MSI,Économique,3,2,3392.67
pc_bureau,N2_marque_gamme,MSI::Économique::c5,MSI,Économique,4,2,3392.67
pc_bureau,N2_marque_gamme,MSI::Économique::c6,MSI,Économique,1,4,2919.03
pc_bureau,N2_marque_gamme,MSI::Économique::c6,MSI,Économique,2,5,2984.06
pc_bureau,N2_marque_gamme,MSI::Économique::c6,MSI,Économique,3,5,2931.52
pc_bureau,N2_marque_gamme,MSI::Économique::c6,MSI,Économique,4,5,2931.52
pc_bureau,N2_marque_gamme,MYTEK::Milieu de gamme::c0,MYTEK,Milieu de gamme,1,9,2879.42
pc_bureau,N2_marque_gamme,MYTEK::Milieu de gamme::c0,MYTEK,Milieu de gamme,2,9,2809.44
pc_bureau,N2_marque_gamme,MYTEK::Milieu de gamme::c0,MYTEK,Milieu de gamme,3,9,2809.44
pc_bureau,N2_marque_gamme,MYTEK::Milieu de gamme::c0,MYTEK,Milieu de gamme,4,9,2773.44
pc_bureau,N2_marque_gamme,MYTEK::Milieu de gamme::c1,MYTEK,Milieu de gamme,1,10,2997.36
pc_bureau,N2_marque_gamme,MYTEK::Milieu de gamme::c1,MYTEK,Milieu de gamme,2,10,2997.36
pc_bureau,N2_marque_gamme,MYTEK::Milieu de gamme::c1,MYTEK,Milieu de gamme,3,10,2997.36
pc_bureau,N2_marque_gamme,MYTEK::Milieu de gamme::c1,MYTEK,Milieu de gamme,4,12,2871.77
pc_bureau,N2_marque_gamme,MYTEK::Premium::c0,MYTEK,Premium,1,7,6847.33
pc_bureau,N2_marque_gamme,MYTEK::Premium::c0,MYTEK,Premium,2,7,6847.33
pc_bureau,N2_marque_gamme,MYTEK::Premium::c0,MYTEK,Premium,3,7,6847.33
pc_bureau,N2_marque_gamme,MYTEK::Premium::c0,MYTEK,Premium,4,7,6847.33
pc_bureau,N2_marque_gamme,MYTEK::Premium::c1,MYTEK,Premium,1,3,5358.93
pc_bureau,N2_marque_gamme,MYTEK::Premium::c1,MYTEK,Premium,2,3,5358.93
pc_bureau,N2_marque_gamme,MYTEK::Premium::c1,MYTEK,Premium,3,3,5358.93
pc_bureau,N2_marque_gamme,MYTEK::Premium::c1,MYTEK,Premium,4,2,5271.1
pc_bureau,N2_marque_gamme,MYTEK::Premium::c2,MYTEK,Premium,1,8,4794.96
pc_bureau,N2_marque_gamme,MYTEK::Premium::c2,MYTEK,Premium,2,9,4806.41
pc_bureau,N2_marque_gamme,MYTEK::Premium::c2,MYTEK,Premium,3,9,4806.41
pc_bureau,N2_marque_gamme,MYTEK::Premium::c2,MYTEK,Premium,4,9,4806.41
pc_bureau,N2_marque_gamme,MYTEK::Économique::c0,MYTEK,Économique,1,3,1632.75
pc_bureau,N2_marque_gamme,MYTEK::Économique::c0,MYTEK,Économique,2,3,1632.75
pc_bureau,N2_marque_gamme,MYTEK::Économique::c0,MYTEK,Économique,3,3,1632.75
pc_bureau,N2_marque_gamme,MYTEK::Économique::c0,MYTEK,Économique,4,5,1709.43
pc_bureau,N2_marque_gamme,MYTEK::Économique::c1,MYTEK,Économique,1,10,1326.25
pc_bureau,N2_marque_gamme,MYTEK::Économique::c1,MYTEK,Économique,2,12,1415.34
pc_bureau,N2_marque_gamme,MYTEK::Économique::c1,MYTEK,Économique,3,12,1415.34
pc_bureau,N2_marque_gamme,MYTEK::Économique::c1,MYTEK,Économique,4,9,1365.96
pc_bureau,N2_marque_gamme,MYTEK::Économique::c2,MYTEK,Économique,1,5,1871.7
pc_bureau,N2_marque_gamme,MYTEK::Économique::c2,MYTEK,Économique,2,5,1871.7
pc_bureau,N2_marque_gamme,MYTEK::Économique::c2,MYTEK,Économique,3,6,1859.38
pc_bureau,N2_marque_gamme,MYTEK::Économique::c2,MYTEK,Économique,4,5,1871.7
pc_portables,N1_technique,c0,,,1,192,2990.71
pc_portables,N1_technique,c0,,,2,211,3047.16
pc_portables,N1_technique,c0,,,3,197,3084.07
pc_portables,N1_technique,c0,,,4,208,3057.42
pc_portables,N1_technique,c1,,,1,159,2740.13
pc_portables,N1_technique,c1,,,2,161,2748.56
pc_portables,N1_technique,c1,,,3,152,2759.45
pc_portables,N1_technique,c1,,,4,152,2747.34
pc_portables,N1_technique,c2,,,1,143,3552.34
pc_portables,N1_technique,c2,,,2,148,3540.74
pc_portables,N1_technique,c2,,,3,143,3544.54
pc_portables,N1_technique,c2,,,4,143,3536.55
pc_portables,N1_technique,c3,,,1,34,1682.88
pc_portables,N1_technique,c3,,,2,38,1683.23
pc_portables,N1_technique,c3,,,3,37,1686.73
pc_portables,N1_technique,c3,,,4,37,1686.4
pc_portables,N2_marque_gamme,ASUS::Milieu de gamme::c0,ASUS,Milieu de gamme,1,7,3024.42
pc_portables,N2_marque_gamme,ASUS::Milieu de gamme::c0,ASUS,Milieu de gamme,2,7,3024.42
pc_portables,N2_marque_gamme,ASUS::Milieu de gamme::c0,ASUS,Milieu de gamme,3,6,3122.15
pc_portables,N2_marque_gamme,ASUS::Milieu de gamme::c0,ASUS,Milieu de gamme,4,7,3109.55
pc_portables,N2_marque_gamme,ASUS::Milieu de gamme::c1,ASUS,Milieu de gamme,1,10,2735.56
pc_portables,N2_marque_gamme,ASUS::Milieu de gamme::c1,ASUS,Milieu de gamme,2,10,2735.56
pc_portables,N2_marque_gamme,ASUS::Milieu de gamme::c1,ASUS,Milieu de gamme,3,10,2735.56
pc_portables,N2_marque_gamme,ASUS::Milieu de gamme::c1,ASUS,Milieu de gamme,4,11,2742.69
pc_portables,N2_marque_gamme,ASUS::Milieu de gamme::c2,ASUS,Milieu de gamme,1,11,2952.6
pc_portables,N2_marque_gamme,ASUS::Milieu de gamme::c2,ASUS,Milieu de gamme,2,8,2833.6
pc_portables,N2_marque_gamme,ASUS::Milieu de gamme::c2,ASUS,Milieu de gamme,3,4,2697.15
pc_portables,N2_marque_gamme,ASUS::Milieu de gamme::c2,ASUS,Milieu de gamme,4,4,2697.15
pc_portables,N2_marque_gamme,ASUS::Milieu de gamme::c3,ASUS,Milieu de gamme,2,3,3294.95
pc_portables,N2_marque_gamme,ASUS::Milieu de gamme::c3,ASUS,Milieu de gamme,3,8,3070.89
pc_portables,N2_marque_gamme,ASUS::Milieu de gamme::c3,ASUS,Milieu de gamme,4,7,3109.29
pc_portables,N2_marque_gamme,ASUS::Milieu de gamme::c4,ASUS,Milieu de gamme,1,5,2843.34
pc_portables,N2_marque_gamme,ASUS::Milieu de gamme::c4,ASUS,Milieu de gamme,2,5,2843.34
pc_portables,N2_marque_gamme,ASUS::Milieu de gamme::c4,ASUS,Milieu de gamme,3,5,2843.34
pc_portables,N2_marque_gamme,ASUS::Milieu de gamme::c4,ASUS,Milieu de gamme,4,5,2843.34
pc_portables,N2_marque_gamme,ASUS::Milieu de gamme::c5,ASUS,Milieu de gamme,1,8,3129.07
pc_portables,N2_marque_gamme,ASUS::Milieu de gamme::c5,ASUS,Milieu de gamme,2,8,3129.07
pc_portables,N2_marque_gamme,ASUS::Milieu de gamme::c5,ASUS,Milieu de gamme,3,8,3129.07
pc_portables,N2_marque_gamme,ASUS::Milieu de gamme::c5,ASUS,Milieu de gamme,4,8,3124.27
pc_portables,N2_marque_gamme,ASUS::Milieu de gamme::c6,ASUS,Milieu de gamme,1,5,2697.64
pc_portables,N2_marque_gamme,ASUS::Milieu de gamme::c6,ASUS,Milieu de gamme,2,5,2697.64
pc_portables,N2_marque_gamme,ASUS::Milieu de gamme::c6,ASUS,Milieu de gamme,3,5,2697.64
pc_portables,N2_marque_gamme,ASUS::Milieu de gamme::c6,ASUS,Milieu de gamme,4,5,2697.64
pc_portables,N2_marque_gamme,ASUS::Premium::c0,ASUS,Premium,1,12,4458.07
pc_portables,N2_marque_gamme,ASUS::Premium::c0,ASUS,Premium,2,12,4523.17
pc_portables,N2_marque_gamme,ASUS::Premium::c0,ASUS,Premium,3,10,4473.65
pc_portables,N2_marque_gamme,ASUS::Premium::c0,ASUS,Premium,4,10,4473.65
pc_portables,N2_marque_gamme,ASUS::Premium::c1,ASUS,Premium,1,7,5430.3
pc_portables,N2_marque_gamme,ASUS::Premium::c1,ASUS,Premium,2,8,5333.0
pc_portables,N2_marque_gamme,ASUS::Premium::c1,ASUS,Premium,3,8,5222.09
pc_portables,N2_marque_gamme,ASUS::Premium::c1,ASUS,Premium,4,8,5222.09
pc_portables,N2_marque_gamme,ASUS::Premium::c2,ASUS,Premium,1,5,3904.6
pc_portables,N2_marque_gamme,ASUS::Premium::c2,ASUS,Premium,2,2,3956.98
pc_portables,N2_marque_gamme,ASUS::Premium::c3,ASUS,Premium,1,3,4277.71
pc_portables,N2_marque_gamme,ASUS::Premium::c3,ASUS,Premium,2,3,4277.71
pc_portables,N2_marque_gamme,ASUS::Premium::c3,ASUS,Premium,3,3,4277.71
pc_portables,N2_marque_gamme,ASUS::Premium::c3,ASUS,Premium,4,3,4277.71
pc_portables,N2_marque_gamme,ASUS::Premium::c4,ASUS,Premium,1,9,4854.03
pc_portables,N2_marque_gamme,ASUS::Premium::c4,ASUS,Premium,2,9,4854.03
pc_portables,N2_marque_gamme,ASUS::Premium::c4,ASUS,Premium,3,8,5013.32
pc_portables,N2_marque_gamme,ASUS::Premium::c4,ASUS,Premium,4,8,5013.32
pc_portables,N2_marque_gamme,ASUS::Premium::c5,ASUS,Premium,2,3,3870.07
pc_portables,N2_marque_gamme,ASUS::Premium::c5,ASUS,Premium,3,5,3904.6
pc_portables,N2_marque_gamme,ASUS::Premium::c5,ASUS,Premium,4,4,3876.51
pc_portables,N2_marque_gamme,ASUS::Premium::c6,ASUS,Premium,1,7,5075.64
pc_portables,N2_marque_gamme,ASUS::Premium::c6,ASUS,Premium,2,7,5075.64
pc_portables,N2_marque_gamme,ASUS::Premium::c6,ASUS,Premium,3,7,5056.47
pc_portables,N2_marque_gamme,ASUS::Premium::c6,ASUS,Premium,4,7,5053.12
pc_portables,N2_marque_gamme,ASUS::Premium::c7,ASUS,Premium,1,2,3993.92
pc_portables,N2_marque_gamme,ASUS::Premium::c7,ASUS,Premium,2,2,3993.92
pc_portables,N2_marque_gamme,ASUS::Premium::c7,ASUS,Premium,3,2,3993.92
pc_portables,N2_marque_gamme,ASUS::Premium::c7,ASUS,Premium,4,2,3993.92
pc_portables,N2_marque_gamme,ASUS::Économique::c0,ASUS,Économique,1,5,1678.04
pc_portables,N2_marque_gamme,ASUS::Économique::c0,ASUS,Économique,2,5,1678.04
pc_portables,N2_marque_gamme,ASUS::Économique::c0,ASUS,Économique,3,5,1678.04
pc_portables,N2_marque_gamme,ASUS::Économique::c0,ASUS,Économique,4,5,1678.04
pc_portables,N2_marque_gamme,ASUS::Économique::c1,ASUS,Économique,1,13,2080.75
pc_portables,N2_marque_gamme,ASUS::Économique::c1,ASUS,Économique,2,11,2110.39
pc_portables,N2_marque_gamme,ASUS::Économique::c1,ASUS,Économique,3,11,2110.39
pc_portables,N2_marque_gamme,ASUS::Économique::c1,ASUS,Économique,4,11,2110.39
pc_portables,N2_marque_gamme,ASUS::Économique::c2,ASUS,Économique,1,15,1792.6
pc_portables,N2_marque_gamme,ASUS::Économique::c2,ASUS,Économique,2,14,1790.73
pc_portables,N2_marque_gamme,ASUS::Économique::c2,ASUS,Économique,3,13,1782.66
pc_portables,N2_marque_gamme,ASUS::Économique::c2,ASUS,Économique,4,13,1782.66
pc_portables,N2_marque_gamme,ASUS::Économique::c3,ASUS,Économique,1,5,2034.66
pc_portables,N2_marque_gamme,ASUS::Économique::c3,ASUS,Économique,2,5,2034.66
pc_portables,N2_marque_gamme,ASUS::Économique::c3,ASUS,Économique,3,5,2034.66
pc_portables,N2_marque_gamme,ASUS::Économique::c3,ASUS,Économique,4,5,2034.66
pc_portables,N2_marque_gamme,ASUS::Économique::c4,ASUS,Économique,1,5,2208.6
pc_portables,N2_marque_gamme,ASUS::Économique::c4,ASUS,Économique,2,5,2208.6
pc_portables,N2_marque_gamme,ASUS::Économique::c4,ASUS,Économique,3,5,2208.6
pc_portables,N2_marque_gamme,ASUS::Économique::c4,ASUS,Économique,4,5,2208.6
pc_portables,N2_marque_gamme,ASUS::Économique::c5,ASUS,Économique,1,2,2199.0
pc_portables,N2_marque_gamme,ASUS::Économique::c5,ASUS,Économique,2,2,2199.0
pc_portables,N2_marque_gamme,ASUS::Économique::c5,ASUS,Économique,3,2,2199.0
pc_portables,N2_marque_gamme,ASUS::Économique::c5,ASUS,Économique,4,2,2199.0
pc_portables,N2_marque_gamme,ASUS::Économique::c6,ASUS,Économique,1,4,2010.74
pc_portables,N2_marque_gamme,ASUS::Économique::c6,ASUS,Économique,2,4,2010.74
pc_portables,N2_marque_gamme,ASUS::Économique::c6,ASUS,Économique,3,3,1969.72
pc_portables,N2_marque_gamme,ASUS::Économique::c6,ASUS,Économique,4,3,1969.72
pc_portables,N2_marque_gamme,BMAX::Gamme unique::c0,BMAX,Gamme unique,1,2,1157.45
pc_portables,N2_marque_gamme,BMAX::Gamme unique::c0,BMAX,Gamme unique,2,2,1157.45
pc_portables,N2_marque_gamme,BMAX::Gamme unique::c0,BMAX,Gamme unique,3,2,1157.45
pc_portables,N2_marque_gamme,BMAX::Gamme unique::c0,BMAX,Gamme unique,4,3,1161.28
pc_portables,N2_marque_gamme,CHUWI::Milieu de gamme::c0,CHUWI,Milieu de gamme,1,2,1645.97
pc_portables,N2_marque_gamme,CHUWI::Milieu de gamme::c0,CHUWI,Milieu de gamme,2,2,1645.97
pc_portables,N2_marque_gamme,CHUWI::Milieu de gamme::c0,CHUWI,Milieu de gamme,3,2,1645.97
pc_portables,N2_marque_gamme,CHUWI::Milieu de gamme::c0,CHUWI,Milieu de gamme,4,2,1645.97
pc_portables,N2_marque_gamme,CHUWI::Premium::c0,CHUWI,Premium,1,2,2380.15
pc_portables,N2_marque_gamme,CHUWI::Premium::c0,CHUWI,Premium,2,2,2380.15
pc_portables,N2_marque_gamme,CHUWI::Premium::c0,CHUWI,Premium,3,2,2380.15
pc_portables,N2_marque_gamme,CHUWI::Premium::c0,CHUWI,Premium,4,2,2380.15
pc_portables,N2_marque_gamme,CHUWI::Économique::c0,CHUWI,Économique,1,2,1261.14
pc_portables,N2_marque_gamme,CHUWI::Économique::c0,CHUWI,Économique,2,2,1261.14
pc_portables,N2_marque_gamme,CHUWI::Économique::c0,CHUWI,Économique,3,2,1261.14
pc_portables,N2_marque_gamme,CHUWI::Économique::c0,CHUWI,Économique,4,2,1261.14
pc_portables,N2_marque_gamme,DELL::Milieu de gamme::c0,DELL,Milieu de gamme,1,3,2327.46
pc_portables,N2_marque_gamme,DELL::Milieu de gamme::c0,DELL,Milieu de gamme,2,3,2327.46
pc_portables,N2_marque_gamme,DELL::Milieu de gamme::c0,DELL,Milieu de gamme,3,3,2327.46
pc_portables,N2_marque_gamme,DELL::Milieu de gamme::c0,DELL,Milieu de gamme,4,3,2327.46
pc_portables,N2_marque_gamme,DELL::Milieu de gamme::c1,DELL,Milieu de gamme,1,1,2309.0
pc_portables,N2_marque_gamme,DELL::Milieu de gamme::c1,DELL,Milieu de gamme,2,2,2501.02
pc_portables,N2_marque_gamme,DELL::Milieu de gamme::c1,DELL,Milieu de gamme,3,2,2501.02
pc_portables,N2_marque_gamme,DELL::Milieu de gamme::c1,DELL,Milieu de gamme,4,2,2501.02
pc_portables,N2_marque_gamme,DELL::Milieu de gamme::c2,DELL,Milieu de gamme,1,3,2244.79
pc_portables,N2_marque_gamme,DELL::Milieu de gamme::c2,DELL,Milieu de gamme,2,2,2294.27
pc_portables,N2_marque_gamme,DELL::Milieu de gamme::c2,DELL,Milieu de gamme,3,2,2294.27
pc_portables,N2_marque_gamme,DELL::Milieu de gamme::c2,DELL,Milieu de gamme,4,2,2294.27
pc_portables,N2_marque_gamme,DELL::Milieu de gamme::c3,DELL,Milieu de gamme,1,2,2204.49
pc_portables,N2_marque_gamme,DELL::Milieu de gamme::c3,DELL,Milieu de gamme,2,2,2204.49
pc_portables,N2_marque_gamme,DELL::Milieu de gamme::c3,DELL,Milieu de gamme,3,2,2204.49
pc_portables,N2_marque_gamme,DELL::Milieu de gamme::c3,DELL,Milieu de gamme,4,2,2204.49
pc_portables,N2_marque_gamme,DELL::Milieu de gamme::c4,DELL,Milieu de gamme,1,5,2403.43
pc_portables,N2_marque_gamme,DELL::Milieu de gamme::c4,DELL,Milieu de gamme,2,4,2486.19
pc_portables,N2_marque_gamme,DELL::Milieu de gamme::c4,DELL,Milieu de gamme,3,3,2582.23
pc_portables,N2_marque_gamme,DELL::Milieu de gamme::c4,DELL,Milieu de gamme,4,3,2582.23
pc_portables,N2_marque_gamme,DELL::Milieu de gamme::c5,DELL,Milieu de gamme,1,4,2557.58
pc_portables,N2_marque_gamme,DELL::Milieu de gamme::c5,DELL,Milieu de gamme,2,4,2557.58
pc_portables,N2_marque_gamme,DELL::Milieu de gamme::c5,DELL,Milieu de gamme,3,4,2557.58
pc_portables,N2_marque_gamme,DELL::Milieu de gamme::c5,DELL,Milieu de gamme,4,4,2557.58
pc_portables,N2_marque_gamme,DELL::Milieu de gamme::c6,DELL,Milieu de gamme,1,5,2324.14
pc_portables,N2_marque_gamme,DELL::Milieu de gamme::c6,DELL,Milieu de gamme,2,3,2360.19
pc_portables,N2_marque_gamme,DELL::Milieu de gamme::c6,DELL,Milieu de gamme,3,3,2360.19
pc_portables,N2_marque_gamme,DELL::Milieu de gamme::c6,DELL,Milieu de gamme,4,3,2360.19
pc_portables,N2_marque_gamme,DELL::Milieu de gamme::c7,DELL,Milieu de gamme,1,5,2225.26
pc_portables,N2_marque_gamme,DELL::Milieu de gamme::c7,DELL,Milieu de gamme,2,4,2294.38
pc_portables,N2_marque_gamme,DELL::Milieu de gamme::c7,DELL,Milieu de gamme,3,4,2294.38
pc_portables,N2_marque_gamme,DELL::Milieu de gamme::c7,DELL,Milieu de gamme,4,4,2294.38
pc_portables,N2_marque_gamme,DELL::Premium::c0,DELL,Premium,1,5,3126.79
pc_portables,N2_marque_gamme,DELL::Premium::c0,DELL,Premium,2,5,3126.79
pc_portables,N2_marque_gamme,DELL::Premium::c0,DELL,Premium,3,6,3111.99
pc_portables,N2_marque_gamme,DELL::Premium::c0,DELL,Premium,4,6,3111.99
pc_portables,N2_marque_gamme,DELL::Premium::c1,DELL,Premium,1,11,3548.0
pc_portables,N2_marque_gamme,DELL::Premium::c1,DELL,Premium,2,11,3548.0
pc_portables,N2_marque_gamme,DELL::Premium::c1,DELL,Premium,3,11,3548.0
pc_portables,N2_marque_gamme,DELL::Premium::c1,DELL,Premium,4,14,3617.71
pc_portables,N2_marque_gamme,DELL::Premium::c2,DELL,Premium,1,4,5192.63
pc_portables,N2_marque_gamme,DELL::Premium::c2,DELL,Premium,2,4,5192.63
pc_portables,N2_marque_gamme,DELL::Premium::c2,DELL,Premium,3,4,5192.63
pc_portables,N2_marque_gamme,DELL::Premium::c2,DELL,Premium,4,4,5192.63
pc_portables,N2_marque_gamme,DELL::Premium::c3,DELL,Premium,1,4,4983.22
pc_portables,N2_marque_gamme,DELL::Premium::c3,DELL,Premium,2,4,4983.22
pc_portables,N2_marque_gamme,DELL::Premium::c3,DELL,Premium,3,4,4983.22
pc_portables,N2_marque_gamme,DELL::Premium::c3,DELL,Premium,4,4,4983.22
pc_portables,N2_marque_gamme,DELL::Économique::c0,DELL,Économique,1,5,1614.49
pc_portables,N2_marque_gamme,DELL::Économique::c0,DELL,Économique,2,5,1614.49
pc_portables,N2_marque_gamme,DELL::Économique::c0,DELL,Économique,3,5,1614.49
pc_portables,N2_marque_gamme,DELL::Économique::c0,DELL,Économique,4,5,1614.49
pc_portables,N2_marque_gamme,DELL::Économique::c1,DELL,Économique,1,3,1759.79
pc_portables,N2_marque_gamme,DELL::Économique::c1,DELL,Économique,2,3,1759.79
pc_portables,N2_marque_gamme,DELL::Économique::c1,DELL,Économique,3,3,1759.79
pc_portables,N2_marque_gamme,DELL::Économique::c1,DELL,Économique,4,3,1759.79
pc_portables,N2_marque_gamme,DELL::Économique::c2,DELL,Économique,1,6,1834.43
pc_portables,N2_marque_gamme,DELL::Économique::c2,DELL,Économique,2,7,1822.57
pc_portables,N2_marque_gamme,DELL::Économique::c2,DELL,Économique,3,6,1802.31
pc_portables,N2_marque_gamme,DELL::Économique::c2,DELL,Économique,4,6,1802.31
pc_portables,N2_marque_gamme,DELL::Économique::c3,DELL,Économique,2,2,1599.0
pc_portables,N2_marque_gamme,DELL::Économique::c3,DELL,Économique,3,2,1599.0
pc_portables,N2_marque_gamme,DELL::Économique::c3,DELL,Économique,4,2,1599.0
pc_portables,N2_marque_gamme,DELL::Économique::c4,DELL,Économique,1,1,1849.0
pc_portables,N2_marque_gamme,DELL::Économique::c4,DELL,Économique,2,2,1873.83
pc_portables,N2_marque_gamme,DELL::Économique::c4,DELL,Économique,3,2,1873.83
pc_portables,N2_marque_gamme,DELL::Économique::c4,DELL,Économique,4,2,1873.83
pc_portables,N2_marque_gamme,DELL::Économique::c5,DELL,Économique,1,4,1527.19
pc_portables,N2_marque_gamme,DELL::Économique::c5,DELL,Économique,2,4,1527.19
pc_portables,N2_marque_gamme,DELL::Économique::c5,DELL,Économique,3,4,1527.19
pc_portables,N2_marque_gamme,DELL::Économique::c5,DELL,Économique,4,4,1527.19
pc_portables,N2_marque_gamme,DELL::Économique::c6,DELL,Économique,1,4,1807.1
pc_portables,N2_marque_gamme,DELL::Économique::c6,DELL,Économique,2,4,1752.74
pc_portables,N2_marque_gamme,DELL::Économique::c6,DELL,Économique,3,3,1830.39
pc_portables,N2_marque_gamme,DELL::Économique::c6,DELL,Économique,4,3,1830.39
pc_portables,N2_marque_gamme,DELL::Économique::c7,DELL,Économique,2,2,1639.0
pc_portables,N2_marque_gamme,DELL::Économique::c7,DELL,Économique,3,1,1639.0
pc_portables,N2_marque_gamme,DELL::Économique::c7,DELL,Économique,4,2,1639.0
pc_portables,N2_marque_gamme,GIGABYTE::Milieu de gamme::c0,GIGABYTE,Milieu de gamme,1,7,5018.95
pc_portables,N2_marque_gamme,GIGABYTE::Milieu de gamme::c0,GIGABYTE,Milieu de gamme,2,7,5018.95
pc_portables,N2_marque_gamme,GIGABYTE::Milieu de gamme::c0,GIGABYTE,Milieu de gamme,3,7,5131.62
pc_portables,N2_marque_gamme,GIGABYTE::Milieu de gamme::c0,GIGABYTE,Milieu de gamme,4,7,5131.62
pc_portables,N2_marque_gamme,GIGABYTE::Premium::c0,GIGABYTE,Premium,1,7,8447.78
pc_portables,N2_marque_gamme,GIGABYTE::Premium::c0,GIGABYTE,Premium,2,7,8447.78
pc_portables,N2_marque_gamme,GIGABYTE::Premium::c0,GIGABYTE,Premium,3,7,8447.78
pc_portables,N2_marque_gamme,GIGABYTE::Premium::c0,GIGABYTE,Premium,4,7,8447.78
pc_portables,N2_marque_gamme,GIGABYTE::Économique::c0,GIGABYTE,Économique,1,8,4242.82
pc_portables,N2_marque_gamme,GIGABYTE::Économique::c0,GIGABYTE,Économique,2,8,4242.82
pc_portables,N2_marque_gamme,GIGABYTE::Économique::c0,GIGABYTE,Économique,3,7,4194.25
pc_portables,N2_marque_gamme,GIGABYTE::Économique::c0,GIGABYTE,Économique,4,7,4194.25
pc_portables,N2_marque_gamme,HP::Milieu de gamme::c0,HP,Milieu de gamme,1,16,2663.15
pc_portables,N2_marque_gamme,HP::Milieu de gamme::c0,HP,Milieu de gamme,2,19,2602.04
pc_portables,N2_marque_gamme,HP::Milieu de gamme::c0,HP,Milieu de gamme,3,15,2565.52
pc_portables,N2_marque_gamme,HP::Milieu de gamme::c0,HP,Milieu de gamme,4,15,2565.52
pc_portables,N2_marque_gamme,HP::Milieu de gamme::c1,HP,Milieu de gamme,1,8,2655.58
pc_portables,N2_marque_gamme,HP::Milieu de gamme::c1,HP,Milieu de gamme,2,10,2608.63
pc_portables,N2_marque_gamme,HP::Milieu de gamme::c1,HP,Milieu de gamme,3,10,2607.77
pc_portables,N2_marque_gamme,HP::Milieu de gamme::c1,HP,Milieu de gamme,4,10,2607.77
pc_portables,N2_marque_gamme,HP::Milieu de gamme::c2,HP,Milieu de gamme,1,8,2735.53
pc_portables,N2_marque_gamme,HP::Milieu de gamme::c2,HP,Milieu de gamme,2,8,2735.53
pc_portables,N2_marque_gamme,HP::Milieu de gamme::c2,HP,Milieu de gamme,3,8,2735.53
pc_portables,N2_marque_gamme,HP::Milieu de gamme::c2,HP,Milieu de gamme,4,8,2735.53
pc_portables,N2_marque_gamme,HP::Premium::c0,HP,Premium,1,4,4126.87
pc_portables,N2_marque_gamme,HP::Premium::c0,HP,Premium,2,4,4126.87
pc_portables,N2_marque_gamme,HP::Premium::c0,HP,Premium,3,3,4205.75
pc_portables,N2_marque_gamme,HP::Premium::c0,HP,Premium,4,3,4205.75
pc_portables,N2_marque_gamme,HP::Premium::c1,HP,Premium,1,5,3575.36
pc_portables,N2_marque_gamme,HP::Premium::c1,HP,Premium,2,6,3864.26
pc_portables,N2_marque_gamme,HP::Premium::c1,HP,Premium,3,5,3913.98
pc_portables,N2_marque_gamme,HP::Premium::c1,HP,Premium,4,5,3913.98
pc_portables,N2_marque_gamme,HP::Premium::c2,HP,Premium,1,7,3432.63
pc_portables,N2_marque_gamme,HP::Premium::c2,HP,Premium,2,8,3483.23
pc_portables,N2_marque_gamme,HP::Premium::c2,HP,Premium,3,8,3483.23
pc_portables,N2_marque_gamme,HP::Premium::c2,HP,Premium,4,8,3483.23
pc_portables,N2_marque_gamme,HP::Premium::c3,HP,Premium,1,4,3964.25
pc_portables,N2_marque_gamme,HP::Premium::c3,HP,Premium,2,5,3847.75
pc_portables,N2_marque_gamme,HP::Premium::c3,HP,Premium,3,4,3892.19
pc_portables,N2_marque_gamme,HP::Premium::c3,HP,Premium,4,4,3892.19
pc_portables,N2_marque_gamme,HP::Premium::c4,HP,Premium,1,2,3186.19
pc_portables,N2_marque_gamme,HP::Premium::c4,HP,Premium,2,2,3186.19
pc_portables,N2_marque_gamme,HP::Premium::c4,HP,Premium,3,2,3186.19
pc_portables,N2_marque_gamme,HP::Premium::c4,HP,Premium,4,2,3186.19
pc_portables,N2_marque_gamme,HP::Premium::c5,HP,Premium,1,1,3799.0
pc_portables,N2_marque_gamme,HP::Premium::c5,HP,Premium,2,2,3778.95
pc_portables,N2_marque_gamme,HP::Premium::c5,HP,Premium,3,3,3649.15
pc_portables,N2_marque_gamme,HP::Premium::c5,HP,Premium,4,2,3759.0
pc_portables,N2_marque_gamme,HP::Premium::c6,HP,Premium,1,3,3630.24
pc_portables,N2_marque_gamme,HP::Premium::c6,HP,Premium,2,3,3630.24
pc_portables,N2_marque_gamme,HP::Premium::c6,HP,Premium,3,3,3630.24
pc_portables,N2_marque_gamme,HP::Premium::c6,HP,Premium,4,3,3630.24
pc_portables,N2_marque_gamme,HP::Premium::c7,HP,Premium,1,5,5348.03
pc_portables,N2_marque_gamme,HP::Premium::c7,HP,Premium,2,6,5252.34
pc_portables,N2_marque_gamme,HP::Premium::c7,HP,Premium,3,5,5313.74
pc_portables,N2_marque_gamme,HP::Premium::c7,HP,Premium,4,7,5394.02
pc_portables,N2_marque_gamme,HP::Économique::c0,HP,Économique,1,8,1715.0
pc_portables,N2_marque_gamme,HP::Économique::c0,HP,Économique,2,9,1676.63
pc_portables,N2_marque_gamme,HP::Économique::c0,HP,Économique,3,9,1675.98
pc_portables,N2_marque_gamme,HP::Économique::c0,HP,Économique,4,9,1672.06
pc_portables,N2_marque_gamme,HP::Économique::c1,HP,Économique,1,4,1877.2
pc_portables,N2_marque_gamme,HP::Économique::c1,HP,Économique,2,5,1848.7
pc_portables,N2_marque_gamme,HP::Économique::c1,HP,Économique,3,5,1848.7
pc_portables,N2_marque_gamme,HP::Économique::c1,HP,Économique,4,5,1848.7
pc_portables,N2_marque_gamme,HP::Économique::c2,HP,Économique,1,2,2176.96
pc_portables,N2_marque_gamme,HP::Économique::c2,HP,Économique,2,2,2176.96
pc_portables,N2_marque_gamme,HP::Économique::c2,HP,Économique,3,2,2176.96
pc_portables,N2_marque_gamme,HP::Économique::c2,HP,Économique,4,2,2176.96
pc_portables,N2_marque_gamme,HP::Économique::c3,HP,Économique,1,5,1985.03
pc_portables,N2_marque_gamme,HP::Économique::c3,HP,Économique,2,6,1863.56
pc_portables,N2_marque_gamme,HP::Économique::c3,HP,Économique,3,6,1863.56
pc_portables,N2_marque_gamme,HP::Économique::c3,HP,Économique,4,6,1863.56
pc_portables,N2_marque_gamme,HP::Économique::c4,HP,Économique,1,4,2057.81
pc_portables,N2_marque_gamme,HP::Économique::c4,HP,Économique,2,4,2007.95
pc_portables,N2_marque_gamme,HP::Économique::c4,HP,Économique,3,3,2144.19
pc_portables,N2_marque_gamme,HP::Économique::c4,HP,Économique,4,4,2007.95
pc_portables,N2_marque_gamme,HP::Économique::c5,HP,Économique,1,3,2208.62
pc_portables,N2_marque_gamme,HP::Économique::c5,HP,Économique,2,6,2037.16
pc_portables,N2_marque_gamme,HP::Économique::c5,HP,Économique,3,4,1967.54
pc_portables,N2_marque_gamme,HP::Économique::c5,HP,Économique,4,5,1924.57
pc_portables,N2_marque_gamme,HP::Économique::c6,HP,Économique,2,3,1669.0
pc_portables,N2_marque_gamme,HP::Économique::c6,HP,Économique,3,3,1669.0
pc_portables,N2_marque_gamme,HP::Économique::c6,HP,Économique,4,3,1665.0
pc_portables,N2_marque_gamme,HP::Économique::c7,HP,Économique,1,2,1812.01
pc_portables,N2_marque_gamme,HP::Économique::c7,HP,Économique,2,2,1812.01
pc_portables,N2_marque_gamme,HP::Économique::c7,HP,Économique,3,2,1812.01
pc_portables,N2_marque_gamme,HP::Économique::c7,HP,Économique,4,2,1812.01
pc_portables,N2_marque_gamme,LENOVO::Milieu de gamme::c0,LENOVO,Milieu de gamme,1,11,3211.13
pc_portables,N2_marque_gamme,LENOVO::Milieu de gamme::c0,LENOVO,Milieu de gamme,2,14,3187.16
pc_portables,N2_marque_gamme,LENOVO::Milieu de gamme::c0,LENOVO,Milieu de gamme,3,15,3203.11
pc_portables,N2_marque_gamme,LENOVO::Milieu de gamme::c0,LENOVO,Milieu de gamme,4,15,3203.11
pc_portables,N2_marque_gamme,LENOVO::Milieu de gamme::c1,LENOVO,Milieu de gamme,1,19,3176.6
pc_portables,N2_marque_gamme,LENOVO::Milieu de gamme::c1,LENOVO,Milieu de gamme,2,21,3151.87
pc_portables,N2_marque_gamme,LENOVO::Milieu de gamme::c1,LENOVO,Milieu de gamme,3,21,3151.87
pc_portables,N2_marque_gamme,LENOVO::Milieu de gamme::c1,LENOVO,Milieu de gamme,4,21,3151.87
pc_portables,N2_marque_gamme,LENOVO::Milieu de gamme::c2,LENOVO,Milieu de gamme,1,9,3294.69
pc_portables,N2_marque_gamme,LENOVO::Milieu de gamme::c2,LENOVO,Milieu de gamme,2,9,3291.87
pc_portables,N2_marque_gamme,LENOVO::Milieu de gamme::c2,LENOVO,Milieu de gamme,3,9,3291.87
pc_portables,N2_marque_gamme,LENOVO::Milieu de gamme::c2,LENOVO,Milieu de gamme,4,9,3291.87
pc_portables,N2_marque_gamme,LENOVO::Premium::c0,LENOVO,Premium,1,3,6250.58
pc_portables,N2_marque_gamme,LENOVO::Premium::c0,LENOVO,Premium,2,3,6250.58
pc_portables,N2_marque_gamme,LENOVO::Premium::c0,LENOVO,Premium,3,3,6250.58
pc_portables,N2_marque_gamme,LENOVO::Premium::c0,LENOVO,Premium,4,3,6250.58
pc_portables,N2_marque_gamme,LENOVO::Premium::c1,LENOVO,Premium,1,8,5237.1
pc_portables,N2_marque_gamme,LENOVO::Premium::c1,LENOVO,Premium,2,8,5237.1
pc_portables,N2_marque_gamme,LENOVO::Premium::c1,LENOVO,Premium,3,6,4712.72
pc_portables,N2_marque_gamme,LENOVO::Premium::c1,LENOVO,Premium,4,7,4619.72
pc_portables,N2_marque_gamme,LENOVO::Premium::c2,LENOVO,Premium,1,11,4440.66
pc_portables,N2_marque_gamme,LENOVO::Premium::c2,LENOVO,Premium,2,11,4440.66
pc_portables,N2_marque_gamme,LENOVO::Premium::c2,LENOVO,Premium,3,10,4384.89
pc_portables,N2_marque_gamme,LENOVO::Premium::c2,LENOVO,Premium,4,10,4384.89
pc_portables,N2_marque_gamme,LENOVO::Premium::c3,LENOVO,Premium,1,4,10706.55
pc_portables,N2_marque_gamme,LENOVO::Premium::c3,LENOVO,Premium,2,4,10706.55
pc_portables,N2_marque_gamme,LENOVO::Premium::c3,LENOVO,Premium,3,4,10706.55
pc_portables,N2_marque_gamme,LENOVO::Premium::c3,LENOVO,Premium,4,4,10706.55
pc_portables,N2_marque_gamme,LENOVO::Premium::c4,LENOVO,Premium,1,4,4408.13
pc_portables,N2_marque_gamme,LENOVO::Premium::c4,LENOVO,Premium,2,4,4382.65
pc_portables,N2_marque_gamme,LENOVO::Premium::c4,LENOVO,Premium,3,4,4382.65
pc_portables,N2_marque_gamme,LENOVO::Premium::c4,LENOVO,Premium,4,4,4382.65
pc_portables,N2_marque_gamme,LENOVO::Premium::c5,LENOVO,Premium,1,6,4860.58
pc_portables,N2_marque_gamme,LENOVO::Premium::c5,LENOVO,Premium,2,9,5247.81
pc_portables,N2_marque_gamme,LENOVO::Premium::c5,LENOVO,Premium,3,8,5429.15
pc_portables,N2_marque_gamme,LENOVO::Premium::c5,LENOVO,Premium,4,8,5429.15
pc_portables,N2_marque_gamme,LENOVO::Premium::c6,LENOVO,Premium,1,2,8184.33
pc_portables,N2_marque_gamme,LENOVO::Premium::c6,LENOVO,Premium,2,7,7716.23
pc_portables,N2_marque_gamme,LENOVO::Premium::c6,LENOVO,Premium,3,7,7716.23
pc_portables,N2_marque_gamme,LENOVO::Premium::c6,LENOVO,Premium,4,7,7716.23
pc_portables,N2_marque_gamme,LENOVO::Premium::c7,LENOVO,Premium,1,2,4090.03
pc_portables,N2_marque_gamme,LENOVO::Premium::c7,LENOVO,Premium,2,2,4090.03
pc_portables,N2_marque_gamme,LENOVO::Premium::c7,LENOVO,Premium,3,1,4219.0
pc_portables,N2_marque_gamme,LENOVO::Premium::c7,LENOVO,Premium,4,1,4219.0
pc_portables,N2_marque_gamme,LENOVO::Économique::c0,LENOVO,Économique,1,5,1388.85
pc_portables,N2_marque_gamme,LENOVO::Économique::c0,LENOVO,Économique,2,5,1358.8
pc_portables,N2_marque_gamme,LENOVO::Économique::c0,LENOVO,Économique,3,4,1369.97
pc_portables,N2_marque_gamme,LENOVO::Économique::c0,LENOVO,Économique,4,5,1358.8
pc_portables,N2_marque_gamme,LENOVO::Économique::c1,LENOVO,Économique,1,6,2361.59
pc_portables,N2_marque_gamme,LENOVO::Économique::c1,LENOVO,Économique,2,7,2372.49
pc_portables,N2_marque_gamme,LENOVO::Économique::c1,LENOVO,Économique,3,7,2372.49
pc_portables,N2_marque_gamme,LENOVO::Économique::c1,LENOVO,Économique,4,7,2372.49
pc_portables,N2_marque_gamme,LENOVO::Économique::c2,LENOVO,Économique,1,11,1313.2
pc_portables,N2_marque_gamme,LENOVO::Économique::c2,LENOVO,Économique,2,10,1308.57
pc_portables,N2_marque_gamme,LENOVO::Économique::c2,LENOVO,Économique,3,9,1318.92
pc_portables,N2_marque_gamme,LENOVO::Économique::c2,LENOVO,Économique,4,9,1318.92
pc_portables,N2_marque_gamme,LENOVO::Économique::c3,LENOVO,Économique,1,6,1982.15
pc_portables,N2_marque_gamme,LENOVO::Économique::c3,LENOVO,Économique,2,5,2016.5
pc_portables,N2_marque_gamme,LENOVO::Économique::c3,LENOVO,Économique,3,5,2016.5
pc_portables,N2_marque_gamme,LENOVO::Économique::c3,LENOVO,Économique,4,5,2016.5
pc_portables,N2_marque_gamme,LENOVO::Économique::c4,LENOVO,Économique,1,6,1599.06
pc_portables,N2_marque_gamme,LENOVO::Économique::c4,LENOVO,Économique,2,6,1599.06
pc_portables,N2_marque_gamme,LENOVO::Économique::c4,LENOVO,Économique,3,5,1607.19
pc_portables,N2_marque_gamme,LENOVO::Économique::c4,LENOVO,Économique,4,5,1607.19
pc_portables,N2_marque_gamme,LENOVO::Économique::c5,LENOVO,Économique,1,7,1377.72
pc_portables,N2_marque_gamme,LENOVO::Économique::c5,LENOVO,Économique,2,9,1386.39
pc_portables,N2_marque_gamme,LENOVO::Économique::c5,LENOVO,Économique,3,7,1417.19
pc_portables,N2_marque_gamme,LENOVO::Économique::c5,LENOVO,Économique,4,8,1403.19
pc_portables,N2_marque_gamme,LENOVO::Économique::c6,LENOVO,Économique,1,3,2024.99
pc_portables,N2_marque_gamme,LENOVO::Économique::c6,LENOVO,Économique,2,3,2024.99
pc_portables,N2_marque_gamme,LENOVO::Économique::c6,LENOVO,Économique,3,2,1943.22
pc_portables,N2_marque_gamme,LENOVO::Économique::c6,LENOVO,Économique,4,2,1943.22
pc_portables,N2_marque_gamme,LENOVO::Économique::c7,LENOVO,Économique,1,2,2348.91
pc_portables,N2_marque_gamme,LENOVO::Économique::c7,LENOVO,Économique,2,2,2348.91
pc_portables,N2_marque_gamme,LENOVO::Économique::c7,LENOVO,Économique,3,2,2348.91
pc_portables,N2_marque_gamme,LENOVO::Économique::c7,LENOVO,Économique,4,2,2348.91
pc_portables,N2_marque_gamme,MSI::Milieu de gamme::c0,MSI,Milieu de gamme,1,2,3158.26
pc_portables,N2_marque_gamme,MSI::Milieu de gamme::c0,MSI,Milieu de gamme,2,3,3393.83
pc_portables,N2_marque_gamme,MSI::Milieu de gamme::c0,MSI,Milieu de gamme,3,3,3393.83
pc_portables,N2_marque_gamme,MSI::Milieu de gamme::c0,MSI,Milieu de gamme,4,3,3393.83
pc_portables,N2_marque_gamme,MSI::Milieu de gamme::c1,MSI,Milieu de gamme,1,5,3263.73
pc_portables,N2_marque_gamme,MSI::Milieu de gamme::c1,MSI,Milieu de gamme,2,4,3212.66
pc_portables,N2_marque_gamme,MSI::Milieu de gamme::c1,MSI,Milieu de gamme,3,4,3212.66
pc_portables,N2_marque_gamme,MSI::Milieu de gamme::c1,MSI,Milieu de gamme,4,4,3212.66
pc_portables,N2_marque_gamme,MSI::Milieu de gamme::c2,MSI,Milieu de gamme,1,3,3274.27
pc_portables,N2_marque_gamme,MSI::Milieu de gamme::c2,MSI,Milieu de gamme,2,2,3239.37
pc_portables,N2_marque_gamme,MSI::Milieu de gamme::c2,MSI,Milieu de gamme,3,2,3239.37
pc_portables,N2_marque_gamme,MSI::Milieu de gamme::c2,MSI,Milieu de gamme,4,2,3239.37
pc_portables,N2_marque_gamme,MSI::Milieu de gamme::c3,MSI,Milieu de gamme,1,2,3463.39
pc_portables,N2_marque_gamme,MSI::Milieu de gamme::c3,MSI,Milieu de gamme,2,2,3198.86
pc_portables,N2_marque_gamme,MSI::Milieu de gamme::c3,MSI,Milieu de gamme,3,2,3148.94
pc_portables,N2_marque_gamme,MSI::Milieu de gamme::c3,MSI,Milieu de gamme,4,2,3083.67
pc_portables,N2_marque_gamme,MSI::Milieu de gamme::c4,MSI,Milieu de gamme,1,2,3452.32
pc_portables,N2_marque_gamme,MSI::Milieu de gamme::c4,MSI,Milieu de gamme,2,3,3554.4
pc_portables,N2_marque_gamme,MSI::Milieu de gamme::c4,MSI,Milieu de gamme,3,3,3554.4
pc_portables,N2_marque_gamme,MSI::Milieu de gamme::c4,MSI,Milieu de gamme,4,3,3554.4
pc_portables,N2_marque_gamme,MSI::Milieu de gamme::c5,MSI,Milieu de gamme,1,3,3254.83
pc_portables,N2_marque_gamme,MSI::Milieu de gamme::c5,MSI,Milieu de gamme,2,4,3203.33
pc_portables,N2_marque_gamme,MSI::Milieu de gamme::c5,MSI,Milieu de gamme,3,4,3200.81
pc_portables,N2_marque_gamme,MSI::Milieu de gamme::c5,MSI,Milieu de gamme,4,4,3200.81
pc_portables,N2_marque_gamme,MSI::Milieu de gamme::c6,MSI,Milieu de gamme,1,2,3198.28
pc_portables,N2_marque_gamme,MSI::Milieu de gamme::c6,MSI,Milieu de gamme,2,2,3198.28
pc_portables,N2_marque_gamme,MSI::Milieu de gamme::c6,MSI,Milieu de gamme,3,2,3198.28
pc_portables,N2_marque_gamme,MSI::Milieu de gamme::c6,MSI,Milieu de gamme,4,2,3198.28
pc_portables,N2_marque_gamme,MSI::Milieu de gamme::c7,MSI,Milieu de gamme,1,2,3440.22
pc_portables,N2_marque_gamme,MSI::Milieu de gamme::c7,MSI,Milieu de gamme,2,2,3440.22
pc_portables,N2_marque_gamme,MSI::Milieu de gamme::c7,MSI,Milieu de gamme,3,2,3440.22
pc_portables,N2_marque_gamme,MSI::Milieu de gamme::c7,MSI,Milieu de gamme,4,2,3440.22
pc_portables,N2_marque_gamme,MSI::Premium::c0,MSI,Premium,1,21,4847.63
pc_portables,N2_marque_gamme,MSI::Premium::c0,MSI,Premium,2,21,4858.86
pc_portables,N2_marque_gamme,MSI::Premium::c0,MSI,Premium,3,21,4858.86
pc_portables,N2_marque_gamme,MSI::Premium::c0,MSI,Premium,4,21,4858.86
pc_portables,N2_marque_gamme,MSI::Économique::c0,MSI,Économique,1,4,2638.82
pc_portables,N2_marque_gamme,MSI::Économique::c0,MSI,Économique,2,2,2502.99
pc_portables,N2_marque_gamme,MSI::Économique::c0,MSI,Économique,3,2,2502.99
pc_portables,N2_marque_gamme,MSI::Économique::c0,MSI,Économique,4,2,2502.99
pc_portables,N2_marque_gamme,MSI::Économique::c1,MSI,Économique,1,5,2709.71
pc_portables,N2_marque_gamme,MSI::Économique::c1,MSI,Économique,2,5,2709.71
pc_portables,N2_marque_gamme,MSI::Économique::c1,MSI,Économique,3,5,2709.71
pc_portables,N2_marque_gamme,MSI::Économique::c1,MSI,Économique,4,5,2709.71
pc_portables,N2_marque_gamme,MSI::Économique::c2,MSI,Économique,1,3,2262.13
pc_portables,N2_marque_gamme,MSI::Économique::c2,MSI,Économique,2,2,2139.46
pc_portables,N2_marque_gamme,MSI::Économique::c2,MSI,Économique,3,2,2139.46
pc_portables,N2_marque_gamme,MSI::Économique::c2,MSI,Économique,4,2,2139.46
pc_portables,N2_marque_gamme,MSI::Économique::c3,MSI,Économique,1,3,2662.22
pc_portables,N2_marque_gamme,MSI::Économique::c3,MSI,Économique,2,3,2662.22
pc_portables,N2_marque_gamme,MSI::Économique::c3,MSI,Économique,3,3,2662.22
pc_portables,N2_marque_gamme,MSI::Économique::c3,MSI,Économique,4,3,2662.22
pc_portables,N2_marque_gamme,MSI::Économique::c4,MSI,Économique,1,3,2138.54
pc_portables,N2_marque_gamme,MSI::Économique::c4,MSI,Économique,2,2,2094.7
pc_portables,N2_marque_gamme,MSI::Économique::c4,MSI,Économique,3,2,2094.7
pc_portables,N2_marque_gamme,MSI::Économique::c4,MSI,Économique,4,2,2094.7
pc_portables,N2_marque_gamme,MSI::Économique::c5,MSI,Économique,1,3,2352.83
pc_portables,N2_marque_gamme,MSI::Économique::c5,MSI,Économique,2,3,2453.31
pc_portables,N2_marque_gamme,MSI::Économique::c5,MSI,Économique,3,3,2453.31
pc_portables,N2_marque_gamme,MSI::Économique::c5,MSI,Économique,4,3,2453.31
pc_portables,N2_marque_gamme,MSI::Économique::c6,MSI,Économique,1,2,2579.94
pc_portables,N2_marque_gamme,MSI::Économique::c6,MSI,Économique,2,2,2579.94
pc_portables,N2_marque_gamme,MSI::Économique::c6,MSI,Économique,3,2,2579.94
pc_portables,N2_marque_gamme,MSI::Économique::c6,MSI,Économique,4,2,2579.94
pc_portables,N2_marque_gamme,MSI::Économique::c7,MSI,Économique,1,2,2625.17
pc_portables,N2_marque_gamme,MSI::Économique::c7,MSI,Économique,2,2,2625.17
pc_portables,N2_marque_gamme,MSI::Économique::c7,MSI,Économique,3,2,2625.17
pc_portables,N2_marque_gamme,MSI::Économique::c7,MSI,Économique,4,2,2625.17
smartphones,N1_technique,c0,,,1,103,1712.61
smartphones,N1_technique,c0,,,2,97,1756.99
smartphones,N1_technique,c0,,,3,98,1751.54
smartphones,N1_technique,c0,,,4,97,1775.46
smartphones,N1_technique,c1,,,1,101,607.48
smartphones,N1_technique,c1,,,2,95,614.3
smartphones,N1_technique,c1,,,3,103,614.37
smartphones,N1_technique,c1,,,4,106,616.66
smartphones,N1_technique,c2,,,1,26,445.04
smartphones,N1_technique,c2,,,2,26,402.6
smartphones,N1_technique,c2,,,3,32,420.91
smartphones,N1_technique,c2,,,4,32,420.91
smartphones,N1_technique,c3,,,1,23,1876.89
smartphones,N1_technique,c3,,,2,23,1876.89
smartphones,N1_technique,c3,,,3,23,1876.89
smartphones,N1_technique,c3,,,4,23,1876.89
smartphones,N2_marque_gamme,HONOR::Milieu de gamme::c0,HONOR,Milieu de gamme,1,3,979.0
smartphones,N2_marque_gamme,HONOR::Milieu de gamme::c0,HONOR,Milieu de gamme,2,3,979.0
smartphones,N2_marque_gamme,HONOR::Milieu de gamme::c0,HONOR,Milieu de gamme,3,8,919.2
smartphones,N2_marque_gamme,HONOR::Milieu de gamme::c0,HONOR,Milieu de gamme,4,9,923.54
smartphones,N2_marque_gamme,HONOR::Milieu de gamme::c1,HONOR,Milieu de gamme,1,2,1072.31
smartphones,N2_marque_gamme,HONOR::Milieu de gamme::c1,HONOR,Milieu de gamme,2,1,1199.0
smartphones,N2_marque_gamme,HONOR::Milieu de gamme::c1,HONOR,Milieu de gamme,3,1,1199.0
smartphones,N2_marque_gamme,HONOR::Milieu de gamme::c1,HONOR,Milieu de gamme,4,1,1199.0
smartphones,N2_marque_gamme,HONOR::Premium::c0,HONOR,Premium,1,3,1499.0
smartphones,N2_marque_gamme,HONOR::Premium::c0,HONOR,Premium,2,3,1499.0
smartphones,N2_marque_gamme,HONOR::Premium::c0,HONOR,Premium,3,3,1499.0
smartphones,N2_marque_gamme,HONOR::Premium::c0,HONOR,Premium,4,3,1499.0
smartphones,N2_marque_gamme,HONOR::Premium::c1,HONOR,Premium,1,3,1999.0
smartphones,N2_marque_gamme,HONOR::Premium::c1,HONOR,Premium,2,3,1999.0
smartphones,N2_marque_gamme,HONOR::Premium::c1,HONOR,Premium,3,3,1999.0
smartphones,N2_marque_gamme,HONOR::Premium::c1,HONOR,Premium,4,3,1999.0
smartphones,N2_marque_gamme,HONOR::Premium::c2,HONOR,Premium,1,3,1399.0
smartphones,N2_marque_gamme,HONOR::Premium::c2,HONOR,Premium,2,3,1399.0
smartphones,N2_marque_gamme,HONOR::Premium::c2,HONOR,Premium,3,3,1399.0
smartphones,N2_marque_gamme,HONOR::Premium::c2,HONOR,Premium,4,3,1399.0
smartphones,N2_marque_gamme,HONOR::Économique::c0,HONOR,Économique,1,6,714.54
smartphones,N2_marque_gamme,HONOR::Économique::c0,HONOR,Économique,2,4,675.71
smartphones,N2_marque_gamme,HONOR::Économique::c0,HONOR,Économique,3,4,675.71
smartphones,N2_marque_gamme,HONOR::Économique::c0,HONOR,Économique,4,3,639.0
smartphones,N2_marque_gamme,HONOR::Économique::c1,HONOR,Économique,1,3,445.97
smartphones,N2_marque_gamme,HONOR::Économique::c1,HONOR,Économique,2,2,421.61
smartphones,N2_marque_gamme,HONOR::Économique::c1,HONOR,Économique,3,2,421.61
smartphones,N2_marque_gamme,HONOR::Économique::c1,HONOR,Économique,4,2,421.61
smartphones,N2_marque_gamme,HONOR::Économique::c2,HONOR,Économique,1,3,799.0
smartphones,N2_marque_gamme,HONOR::Économique::c2,HONOR,Économique,2,3,799.0
smartphones,N2_marque_gamme,HONOR::Économique::c2,HONOR,Économique,3,3,799.0
smartphones,N2_marque_gamme,HONOR::Économique::c2,HONOR,Économique,4,3,799.0
smartphones,N2_marque_gamme,HONOR::Économique::c3,HONOR,Économique,1,2,599.0
smartphones,N2_marque_gamme,HONOR::Économique::c3,HONOR,Économique,2,2,599.0
smartphones,N2_marque_gamme,HONOR::Économique::c3,HONOR,Économique,3,2,599.0
smartphones,N2_marque_gamme,HONOR::Économique::c3,HONOR,Économique,4,2,599.0
smartphones,N2_marque_gamme,HONOR::Économique::c4,HONOR,Économique,1,2,479.0
smartphones,N2_marque_gamme,HONOR::Économique::c4,HONOR,Économique,2,2,479.0
smartphones,N2_marque_gamme,HONOR::Économique::c4,HONOR,Économique,3,2,479.0
smartphones,N2_marque_gamme,HONOR::Économique::c4,HONOR,Économique,4,2,479.0
smartphones,N2_marque_gamme,HUAWEI::Gamme unique::c0,HUAWEI,Gamme unique,1,2,747.33
smartphones,N2_marque_gamme,HUAWEI::Gamme unique::c0,HUAWEI,Gamme unique,2,2,747.33
smartphones,N2_marque_gamme,HUAWEI::Gamme unique::c0,HUAWEI,Gamme unique,3,2,747.33
smartphones,N2_marque_gamme,HUAWEI::Gamme unique::c0,HUAWEI,Gamme unique,4,2,747.33
smartphones,N2_marque_gamme,INFINIX::Milieu de gamme::c0,INFINIX,Milieu de gamme,1,5,799.0
smartphones,N2_marque_gamme,INFINIX::Milieu de gamme::c0,INFINIX,Milieu de gamme,2,5,799.0
smartphones,N2_marque_gamme,INFINIX::Milieu de gamme::c0,INFINIX,Milieu de gamme,3,5,799.0
smartphones,N2_marque_gamme,INFINIX::Milieu de gamme::c0,INFINIX,Milieu de gamme,4,5,799.0
smartphones,N2_marque_gamme,INFINIX::Milieu de gamme::c1,INFINIX,Milieu de gamme,1,4,1094.99
smartphones,N2_marque_gamme,INFINIX::Milieu de gamme::c1,INFINIX,Milieu de gamme,2,3,1129.0
smartphones,N2_marque_gamme,INFINIX::Milieu de gamme::c1,INFINIX,Milieu de gamme,3,3,1129.0
smartphones,N2_marque_gamme,INFINIX::Milieu de gamme::c1,INFINIX,Milieu de gamme,4,3,1129.0
smartphones,N2_marque_gamme,INFINIX::Premium::c0,INFINIX,Premium,1,3,1569.0
smartphones,N2_marque_gamme,INFINIX::Premium::c0,INFINIX,Premium,2,3,1569.0
smartphones,N2_marque_gamme,INFINIX::Premium::c0,INFINIX,Premium,3,3,1569.0
smartphones,N2_marque_gamme,INFINIX::Premium::c0,INFINIX,Premium,4,3,1569.0
smartphones,N2_marque_gamme,INFINIX::Premium::c1,INFINIX,Premium,1,2,1869.0
smartphones,N2_marque_gamme,INFINIX::Premium::c1,INFINIX,Premium,2,2,1869.0
smartphones,N2_marque_gamme,INFINIX::Premium::c1,INFINIX,Premium,3,2,1869.0
smartphones,N2_marque_gamme,INFINIX::Premium::c1,INFINIX,Premium,4,2,1869.0
smartphones,N2_marque_gamme,INFINIX::Économique::c0,INFINIX,Économique,1,4,399.0
smartphones,N2_marque_gamme,INFINIX::Économique::c0,INFINIX,Économique,2,4,399.0
smartphones,N2_marque_gamme,INFINIX::Économique::c0,INFINIX,Économique,3,4,399.0
smartphones,N2_marque_gamme,INFINIX::Économique::c0,INFINIX,Économique,4,4,399.0
smartphones,N2_marque_gamme,INFINIX::Économique::c1,INFINIX,Économique,1,4,429.0
smartphones,N2_marque_gamme,INFINIX::Économique::c1,INFINIX,Économique,2,4,439.0
smartphones,N2_marque_gamme,INFINIX::Économique::c1,INFINIX,Économique,3,4,439.0
smartphones,N2_marque_gamme,INFINIX::Économique::c1,INFINIX,Économique,4,4,439.0
smartphones,N2_marque_gamme,LESIA::Milieu de gamme::c0,LESIA,Milieu de gamme,1,3,209.9
smartphones,N2_marque_gamme,LESIA::Milieu de gamme::c0,LESIA,Milieu de gamme,2,3,209.9
smartphones,N2_marque_gamme,LESIA::Milieu de gamme::c0,LESIA,Milieu de gamme,3,3,209.9
smartphones,N2_marque_gamme,LESIA::Milieu de gamme::c0,LESIA,Milieu de gamme,4,3,209.9
smartphones,N2_marque_gamme,LESIA::Premium::c0,LESIA,Premium,2,2,239.45
smartphones,N2_marque_gamme,LESIA::Premium::c0,LESIA,Premium,3,2,239.45
smartphones,N2_marque_gamme,LESIA::Premium::c0,LESIA,Premium,4,2,239.45
smartphones,N2_marque_gamme,LESIA::Premium::c1,LESIA,Premium,1,3,229.9
smartphones,N2_marque_gamme,LESIA::Premium::c1,LESIA,Premium,2,3,229.9
smartphones,N2_marque_gamme,LESIA::Premium::c1,LESIA,Premium,3,3,229.9
smartphones,N2_marque_gamme,LESIA::Premium::c1,LESIA,Premium,4,3,229.9
smartphones,N2_marque_gamme,LESIA::Économique::c0,LESIA,Économique,1,6,179.62
smartphones,N2_marque_gamme,LESIA::Économique::c0,LESIA,Économique,2,6,179.62
smartphones,N2_marque_gamme,LESIA::Économique::c0,LESIA,Économique,3,6,179.62
smartphones,N2_marque_gamme,LESIA::Économique::c0,LESIA,Économique,4,6,179.62
smartphones,N2_marque_gamme,OPPO::Milieu de gamme::c0,OPPO,Milieu de gamme,1,2,899.0
smartphones,N2_marque_gamme,OPPO::Milieu de gamme::c0,OPPO,Milieu de gamme,2,2,899.0
smartphones,N2_marque_gamme,OPPO::Milieu de gamme::c0,OPPO,Milieu de gamme,3,2,899.0
smartphones,N2_marque_gamme,OPPO::Milieu de gamme::c0,OPPO,Milieu de gamme,4,2,899.0
smartphones,N2_marque_gamme,OPPO::Milieu de gamme::c1,OPPO,Milieu de gamme,1,3,888.89
smartphones,N2_marque_gamme,OPPO::Milieu de gamme::c1,OPPO,Milieu de gamme,2,3,888.89
smartphones,N2_marque_gamme,OPPO::Milieu de gamme::c1,OPPO,Milieu de gamme,3,3,888.89
smartphones,N2_marque_gamme,OPPO::Milieu de gamme::c1,OPPO,Milieu de gamme,4,3,888.89
smartphones,N2_marque_gamme,OPPO::Milieu de gamme::c2,OPPO,Milieu de gamme,1,2,999.0
smartphones,N2_marque_gamme,OPPO::Milieu de gamme::c2,OPPO,Milieu de gamme,2,2,999.0
smartphones,N2_marque_gamme,OPPO::Milieu de gamme::c2,OPPO,Milieu de gamme,3,2,999.0
smartphones,N2_marque_gamme,OPPO::Milieu de gamme::c2,OPPO,Milieu de gamme,4,2,999.0
smartphones,N2_marque_gamme,OPPO::Premium::c0,OPPO,Premium,1,2,1399.0
smartphones,N2_marque_gamme,OPPO::Premium::c0,OPPO,Premium,2,2,1399.0
smartphones,N2_marque_gamme,OPPO::Premium::c0,OPPO,Premium,3,2,1399.0
smartphones,N2_marque_gamme,OPPO::Premium::c0,OPPO,Premium,4,2,1399.0
smartphones,N2_marque_gamme,OPPO::Premium::c1,OPPO,Premium,1,3,2065.12
smartphones,N2_marque_gamme,OPPO::Premium::c1,OPPO,Premium,2,3,2065.12
smartphones,N2_marque_gamme,OPPO::Premium::c1,OPPO,Premium,3,3,2065.12
smartphones,N2_marque_gamme,OPPO::Premium::c1,OPPO,Premium,4,2,2099.0
smartphones,N2_marque_gamme,OPPO::Premium::c2,OPPO,Premium,1,2,1199.0
smartphones,N2_marque_gamme,OPPO::Premium::c2,OPPO,Premium,2,2,1199.0
smartphones,N2_marque_gamme,OPPO::Premium::c2,OPPO,Premium,3,2,1199.0
smartphones,N2_marque_gamme,OPPO::Premium::c2,OPPO,Premium,4,2,1199.0
smartphones,N2_marque_gamme,OPPO::Économique::c0,OPPO,Économique,1,6,630.63
smartphones,N2_marque_gamme,OPPO::Économique::c0,OPPO,Économique,2,5,637.16
smartphones,N2_marque_gamme,OPPO::Économique::c0,OPPO,Économique,3,5,637.16
smartphones,N2_marque_gamme,OPPO::Économique::c0,OPPO,Économique,4,5,637.16
smartphones,N2_marque_gamme,OPPO::Économique::c1,OPPO,Économique,1,2,699.0
smartphones,N2_marque_gamme,OPPO::Économique::c1,OPPO,Économique,2,2,699.0
smartphones,N2_marque_gamme,OPPO::Économique::c1,OPPO,Économique,3,2,699.0
smartphones,N2_marque_gamme,OPPO::Économique::c1,OPPO,Économique,4,2,699.0
smartphones,N2_marque_gamme,OSCAL::Milieu de gamme::c0,OSCAL,Milieu de gamme,1,1,449.0
smartphones,N2_marque_gamme,OSCAL::Milieu de gamme::c0,OSCAL,Milieu de gamme,2,1,449.0
smartphones,N2_marque_gamme,OSCAL::Milieu de gamme::c0,OSCAL,Milieu de gamme,3,1,449.0
smartphones,N2_marque_gamme,OSCAL::Milieu de gamme::c0,OSCAL,Milieu de gamme,4,1,449.0
smartphones,N2_marque_gamme,OSCAL::Premium::c0,OSCAL,Premium,1,2,499.0
smartphones,N2_marque_gamme,OSCAL::Premium::c0,OSCAL,Premium,2,2,499.0
smartphones,N2_marque_gamme,OSCAL::Premium::c0,OSCAL,Premium,3,2,499.0
smartphones,N2_marque_gamme,OSCAL::Premium::c0,OSCAL,Premium,4,2,499.0
smartphones,N2_marque_gamme,OSCAL::Économique::c0,OSCAL,Économique,1,2,329.0
smartphones,N2_marque_gamme,OSCAL::Économique::c0,OSCAL,Économique,2,2,329.0
smartphones,N2_marque_gamme,OSCAL::Économique::c0,OSCAL,Économique,3,2,329.0
smartphones,N2_marque_gamme,OSCAL::Économique::c0,OSCAL,Économique,4,2,329.0
smartphones,N2_marque_gamme,OSCAL::Économique::c1,OSCAL,Économique,1,2,399.0
smartphones,N2_marque_gamme,OSCAL::Économique::c1,OSCAL,Économique,2,2,399.0
smartphones,N2_marque_gamme,OSCAL::Économique::c1,OSCAL,Économique,3,2,399.0
smartphones,N2_marque_gamme,OSCAL::Économique::c1,OSCAL,Économique,4,2,399.0
smartphones,N2_marque_gamme,SAMSUNG::Milieu de gamme::c0,SAMSUNG,Milieu de gamme,1,5,1680.51
smartphones,N2_marque_gamme,SAMSUNG::Milieu de gamme::c0,SAMSUNG,Milieu de gamme,2,5,1680.51
smartphones,N2_marque_gamme,SAMSUNG::Milieu de gamme::c0,SAMSUNG,Milieu de gamme,3,5,1680.51
smartphones,N2_marque_gamme,SAMSUNG::Milieu de gamme::c0,SAMSUNG,Milieu de gamme,4,5,1680.51
smartphones,N2_marque_gamme,SAMSUNG::Milieu de gamme::c1,SAMSUNG,Milieu de gamme,1,8,1943.22
smartphones,N2_marque_gamme,SAMSUNG::Milieu de gamme::c1,SAMSUNG,Milieu de gamme,2,8,1943.22
smartphones,N2_marque_gamme,SAMSUNG::Milieu de gamme::c1,SAMSUNG,Milieu de gamme,3,8,1943.22
smartphones,N2_marque_gamme,SAMSUNG::Milieu de gamme::c1,SAMSUNG,Milieu de gamme,4,8,1943.22
smartphones,N2_marque_gamme,SAMSUNG::Milieu de gamme::c2,SAMSUNG,Milieu de gamme,1,4,1999.0
smartphones,N2_marque_gamme,SAMSUNG::Milieu de gamme::c2,SAMSUNG,Milieu de gamme,2,4,1999.0
smartphones,N2_marque_gamme,SAMSUNG::Milieu de gamme::c2,SAMSUNG,Milieu de gamme,3,4,1999.0
smartphones,N2_marque_gamme,SAMSUNG::Milieu de gamme::c2,SAMSUNG,Milieu de gamme,4,4,1999.0
smartphones,N2_marque_gamme,SAMSUNG::Milieu de gamme::c3,SAMSUNG,Milieu de gamme,1,2,1599.0
smartphones,N2_marque_gamme,SAMSUNG::Milieu de gamme::c3,SAMSUNG,Milieu de gamme,2,2,1599.0
smartphones,N2_marque_gamme,SAMSUNG::Milieu de gamme::c3,SAMSUNG,Milieu de gamme,3,2,1599.0
smartphones,N2_marque_gamme,SAMSUNG::Milieu de gamme::c3,SAMSUNG,Milieu de gamme,4,2,1599.0
smartphones,N2_marque_gamme,SAMSUNG::Milieu de gamme::c4,SAMSUNG,Milieu de gamme,1,4,2299.0
smartphones,N2_marque_gamme,SAMSUNG::Milieu de gamme::c4,SAMSUNG,Milieu de gamme,2,4,2299.0
smartphones,N2_marque_gamme,SAMSUNG::Milieu de gamme::c4,SAMSUNG,Milieu de gamme,3,4,2299.0
smartphones,N2_marque_gamme,SAMSUNG::Milieu de gamme::c4,SAMSUNG,Milieu de gamme,4,4,2299.0
smartphones,N2_marque_gamme,SAMSUNG::Milieu de gamme::c5,SAMSUNG,Milieu de gamme,1,4,1519.52
smartphones,N2_marque_gamme,SAMSUNG::Milieu de gamme::c5,SAMSUNG,Milieu de gamme,2,4,1519.52
smartphones,N2_marque_gamme,SAMSUNG::Milieu de gamme::c5,SAMSUNG,Milieu de gamme,3,4,1519.52
smartphones,N2_marque_gamme,SAMSUNG::Milieu de gamme::c5,SAMSUNG,Milieu de gamme,4,4,1519.52
smartphones,N2_marque_gamme,SAMSUNG::Premium::c0,SAMSUNG,Premium,1,3,4799.0
smartphones,N2_marque_gamme,SAMSUNG::Premium::c0,SAMSUNG,Premium,2,2,4799.0
smartphones,N2_marque_gamme,SAMSUNG::Premium::c0,SAMSUNG,Premium,3,2,4799.0
smartphones,N2_marque_gamme,SAMSUNG::Premium::c0,SAMSUNG,Premium,4,2,4799.0
smartphones,N2_marque_gamme,SAMSUNG::Premium::c1,SAMSUNG,Premium,1,4,3999.0
smartphones,N2_marque_gamme,SAMSUNG::Premium::c1,SAMSUNG,Premium,2,4,3999.0
smartphones,N2_marque_gamme,SAMSUNG::Premium::c1,SAMSUNG,Premium,3,4,3999.0
smartphones,N2_marque_gamme,SAMSUNG::Premium::c1,SAMSUNG,Premium,4,4,3999.0
smartphones,N2_marque_gamme,SAMSUNG::Premium::c2,SAMSUNG,Premium,1,4,2799.0
smartphones,N2_marque_gamme,SAMSUNG::Premium::c2,SAMSUNG,Premium,2,4,2799.0
smartphones,N2_marque_gamme,SAMSUNG::Premium::c2,SAMSUNG,Premium,3,4,2799.0
smartphones,N2_marque_gamme,SAMSUNG::Premium::c2,SAMSUNG,Premium,4,4,2799.0
smartphones,N2_marque_gamme,SAMSUNG::Premium::c3,SAMSUNG,Premium,1,4,4999.0
smartphones,N2_marque_gamme,SAMSUNG::Premium::c3,SAMSUNG,Premium,2,4,4999.0
smartphones,N2_marque_gamme,SAMSUNG::Premium::c3,SAMSUNG,Premium,3,4,4999.0
smartphones,N2_marque_gamme,SAMSUNG::Premium::c3,SAMSUNG,Premium,4,4,4999.0
smartphones,N2_marque_gamme,SAMSUNG::Premium::c4,SAMSUNG,Premium,1,2,3640.43
smartphones,N2_marque_gamme,SAMSUNG::Premium::c4,SAMSUNG,Premium,2,2,3640.43
smartphones,N2_marque_gamme,SAMSUNG::Premium::c4,SAMSUNG,Premium,3,1,3899.0
smartphones,N2_marque_gamme,SAMSUNG::Premium::c4,SAMSUNG,Premium,4,2,3640.43
smartphones,N2_marque_gamme,SAMSUNG::Premium::c5,SAMSUNG,Premium,1,4,5999.0
smartphones,N2_marque_gamme,SAMSUNG::Premium::c5,SAMSUNG,Premium,2,4,5999.0
smartphones,N2_marque_gamme,SAMSUNG::Premium::c5,SAMSUNG,Premium,3,4,5999.0
smartphones,N2_marque_gamme,SAMSUNG::Premium::c5,SAMSUNG,Premium,4,4,5999.0
smartphones,N2_marque_gamme,SAMSUNG::Premium::c6,SAMSUNG,Premium,1,4,6999.0
smartphones,N2_marque_gamme,SAMSUNG::Premium::c6,SAMSUNG,Premium,2,4,6999.0
smartphones,N2_marque_gamme,SAMSUNG::Premium::c6,SAMSUNG,Premium,3,4,6999.0
smartphones,N2_marque_gamme,SAMSUNG::Premium::c6,SAMSUNG,Premium,4,4,6999.0
smartphones,N2_marque_gamme,SAMSUNG::Économique::c0,SAMSUNG,Économique,1,15,553.43
smartphones,N2_marque_gamme,SAMSUNG::Économique::c0,SAMSUNG,Économique,2,15,553.43
smartphones,N2_marque_gamme,SAMSUNG::Économique::c0,SAMSUNG,Économique,3,15,553.43
smartphones,N2_marque_gamme,SAMSUNG::Économique::c0,SAMSUNG,Économique,4,15,553.43
smartphones,N2_marque_gamme,SAMSUNG::Économique::c1,SAMSUNG,Économique,1,6,982.41
smartphones,N2_marque_gamme,SAMSUNG::Économique::c1,SAMSUNG,Économique,2,5,983.1
smartphones,N2_marque_gamme,SAMSUNG::Économique::c1,SAMSUNG,Économique,3,5,983.1
smartphones,N2_marque_gamme,SAMSUNG::Économique::c1,SAMSUNG,Économique,4,5,983.1
smartphones,N2_marque_gamme,SAMSUNG::Économique::c2,SAMSUNG,Économique,1,6,1038.22
smartphones,N2_marque_gamme,SAMSUNG::Économique::c2,SAMSUNG,Économique,2,6,1038.22
smartphones,N2_marque_gamme,SAMSUNG::Économique::c2,SAMSUNG,Économique,3,6,1038.22
smartphones,N2_marque_gamme,SAMSUNG::Économique::c2,SAMSUNG,Économique,4,6,1038.22
smartphones,N2_marque_gamme,TECNO::Milieu de gamme::c0,TECNO,Milieu de gamme,1,2,599.0
smartphones,N2_marque_gamme,TECNO::Milieu de gamme::c0,TECNO,Milieu de gamme,2,1,599.0
smartphones,N2_marque_gamme,TECNO::Milieu de gamme::c0,TECNO,Milieu de gamme,3,1,599.0
smartphones,N2_marque_gamme,TECNO::Milieu de gamme::c0,TECNO,Milieu de gamme,4,1,599.0
smartphones,N2_marque_gamme,TECNO::Économique::c0,TECNO,Économique,1,4,556.48
smartphones,N2_marque_gamme,TECNO::Économique::c0,TECNO,Économique,2,3,559.0
smartphones,N2_marque_gamme,TECNO::Économique::c0,TECNO,Économique,3,3,559.0
smartphones,N2_marque_gamme,TECNO::Économique::c0,TECNO,Économique,4,3,559.0
smartphones,N2_marque_gamme,VIVO::Milieu de gamme::c0,VIVO,Milieu de gamme,1,4,1007.21
smartphones,N2_marque_gamme,VIVO::Milieu de gamme::c0,VIVO,Milieu de gamme,2,4,1007.21
smartphones,N2_marque_gamme,VIVO::Milieu de gamme::c0,VIVO,Milieu de gamme,3,4,1007.21
smartphones,N2_marque_gamme,VIVO::Milieu de gamme::c0,VIVO,Milieu de gamme,4,4,1007.21
smartphones,N2_marque_gamme,VIVO::Milieu de gamme::c1,VIVO,Milieu de gamme,1,2,1499.0
smartphones,N2_marque_gamme,VIVO::Milieu de gamme::c1,VIVO,Milieu de gamme,2,2,1499.0
smartphones,N2_marque_gamme,VIVO::Milieu de gamme::c1,VIVO,Milieu de gamme,3,2,1499.0
smartphones,N2_marque_gamme,VIVO::Milieu de gamme::c1,VIVO,Milieu de gamme,4,2,1499.0
smartphones,N2_marque_gamme,VIVO::Milieu de gamme::c2,VIVO,Milieu de gamme,1,2,1169.0
smartphones,N2_marque_gamme,VIVO::Milieu de gamme::c2,VIVO,Milieu de gamme,2,2,1169.0
smartphones,N2_marque_gamme,VIVO::Milieu de gamme::c2,VIVO,Milieu de gamme,3,2,1169.0
smartphones,N2_marque_gamme,VIVO::Milieu de gamme::c2,VIVO,Milieu de gamme,4,2,1169.0
smartphones,N2_marque_gamme,VIVO::Premium::c0,VIVO,Premium,1,3,1977.42
smartphones,N2_marque_gamme,VIVO::Premium::c0,VIVO,Premium,2,3,1977.42
smartphones,N2_marque_gamme,VIVO::Premium::c0,VIVO,Premium,3,5,2025.19
smartphones,N2_marque_gamme,VIVO::Premium::c0,VIVO,Premium,4,5,2025.19
smartphones,N2_marque_gamme,VIVO::Premium::c1,VIVO,Premium,1,2,1699.0
smartphones,N2_marque_gamme,VIVO::Premium::c1,VIVO,Premium,2,2,1699.0
smartphones,N2_marque_gamme,VIVO::Premium::c1,VIVO,Premium,3,2,1699.0
smartphones,N2_marque_gamme,VIVO::Premium::c1,VIVO,Premium,4,2,1699.0
smartphones,N2_marque_gamme,VIVO::Économique::c0,VIVO,Économique,1,4,480.68
smartphones,N2_marque_gamme,VIVO::Économique::c0,VIVO,Économique,2,1,459.0
smartphones,N2_marque_gamme,VIVO::Économique::c0,VIVO,Économique,3,1,459.0
smartphones,N2_marque_gamme,VIVO::Économique::c0,VIVO,Économique,4,1,459.0
smartphones,N2_marque_gamme,VIVO::Économique::c1,VIVO,Économique,1,3,789.47
smartphones,N2_marque_gamme,VIVO::Économique::c1,VIVO,Économique,2,3,789.47
smartphones,N2_marque_gamme,VIVO::Économique::c1,VIVO,Économique,3,3,789.47
smartphones,N2_marque_gamme,VIVO::Économique::c1,VIVO,Économique,4,3,789.47
smartphones,N2_marque_gamme,VIVO::Économique::c2,VIVO,Économique,1,4,393.71
smartphones,N2_marque_gamme,VIVO::Économique::c2,VIVO,Économique,2,4,393.71
smartphones,N2_marque_gamme,VIVO::Économique::c2,VIVO,Économique,3,4,393.71
smartphones,N2_marque_gamme,VIVO::Économique::c2,VIVO,Économique,4,4,393.71
smartphones,N2_marque_gamme,XIAOMI::Milieu de gamme::c0,XIAOMI,Milieu de gamme,1,4,799.0
smartphones,N2_marque_gamme,XIAOMI::Milieu de gamme::c0,XIAOMI,Milieu de gamme,2,4,799.0
smartphones,N2_marque_gamme,XIAOMI::Milieu de gamme::c0,XIAOMI,Milieu de gamme,3,4,799.0
smartphones,N2_marque_gamme,XIAOMI::Milieu de gamme::c0,XIAOMI,Milieu de gamme,4,4,799.0
smartphones,N2_marque_gamme,XIAOMI::Milieu de gamme::c1,XIAOMI,Milieu de gamme,1,8,738.93
smartphones,N2_marque_gamme,XIAOMI::Milieu de gamme::c1,XIAOMI,Milieu de gamme,2,5,744.96
smartphones,N2_marque_gamme,XIAOMI::Milieu de gamme::c1,XIAOMI,Milieu de gamme,3,5,744.96
smartphones,N2_marque_gamme,XIAOMI::Milieu de gamme::c1,XIAOMI,Milieu de gamme,4,5,744.96
smartphones,N2_marque_gamme,XIAOMI::Milieu de gamme::c2,XIAOMI,Milieu de gamme,1,2,839.0
smartphones,N2_marque_gamme,XIAOMI::Milieu de gamme::c2,XIAOMI,Milieu de gamme,2,2,839.0
smartphones,N2_marque_gamme,XIAOMI::Milieu de gamme::c2,XIAOMI,Milieu de gamme,3,2,839.0
smartphones,N2_marque_gamme,XIAOMI::Milieu de gamme::c2,XIAOMI,Milieu de gamme,4,2,839.0
smartphones,N2_marque_gamme,XIAOMI::Milieu de gamme::c3,XIAOMI,Milieu de gamme,1,4,899.0
smartphones,N2_marque_gamme,XIAOMI::Milieu de gamme::c3,XIAOMI,Milieu de gamme,2,4,899.0
smartphones,N2_marque_gamme,XIAOMI::Milieu de gamme::c3,XIAOMI,Milieu de gamme,3,4,899.0
smartphones,N2_marque_gamme,XIAOMI::Milieu de gamme::c3,XIAOMI,Milieu de gamme,4,4,899.0
smartphones,N2_marque_gamme,XIAOMI::Premium::c0,XIAOMI,Premium,1,15,1481.59
smartphones,N2_marque_gamme,XIAOMI::Premium::c0,XIAOMI,Premium,2,15,1481.59
smartphones,N2_marque_gamme,XIAOMI::Premium::c0,XIAOMI,Premium,3,15,1481.59
smartphones,N2_marque_gamme,XIAOMI::Premium::c0,XIAOMI,Premium,4,15,1481.59
smartphones,N2_marque_gamme,XIAOMI::Économique::c0,XIAOMI,Économique,1,2,647.07
smartphones,N2_marque_gamme,XIAOMI::Économique::c0,XIAOMI,Économique,2,3,699.0
smartphones,N2_marque_gamme,XIAOMI::Économique::c0,XIAOMI,Économique,3,3,699.0
smartphones,N2_marque_gamme,XIAOMI::Économique::c0,XIAOMI,Économique,4,3,699.0
smartphones,N2_marque_gamme,XIAOMI::Économique::c1,XIAOMI,Économique,1,4,679.0
smartphones,N2_marque_gamme,XIAOMI::Économique::c1,XIAOMI,Économique,2,4,679.0
smartphones,N2_marque_gamme,XIAOMI::Économique::c1,XIAOMI,Économique,3,4,679.0
smartphones,N2_marque_gamme,XIAOMI::Économique::c1,XIAOMI,Économique,4,4,679.0
smartphones,N2_marque_gamme,XIAOMI::Économique::c2,XIAOMI,Économique,1,1,649.0
smartphones,N2_marque_gamme,XIAOMI::Économique::c2,XIAOMI,Économique,2,2,569.08
smartphones,N2_marque_gamme,XIAOMI::Économique::c2,XIAOMI,Économique,3,7,490.41
smartphones,N2_marque_gamme,XIAOMI::Économique::c2,XIAOMI,Économique,4,7,490.41
smartphones,N2_marque_gamme,XIAOMI::Économique::c3,XIAOMI,Économique,1,6,551.37
smartphones,N2_marque_gamme,XIAOMI::Économique::c3,XIAOMI,Économique,2,6,551.37
smartphones,N2_marque_gamme,XIAOMI::Économique::c3,XIAOMI,Économique,3,6,551.37
smartphones,N2_marque_gamme,XIAOMI::Économique::c3,XIAOMI,Économique,4,8,562.91
smartphones,N2_marque_gamme,XIAOMI::Économique::c4,XIAOMI,Économique,1,3,699.0
smartphones,N2_marque_gamme,XIAOMI::Économique::c4,XIAOMI,Économique,2,3,699.0
smartphones,N2_marque_gamme,XIAOMI::Économique::c4,XIAOMI,Économique,3,3,699.0
smartphones,N2_marque_gamme,XIAOMI::Économique::c4,XIAOMI,Économique,4,3,699.0
smartphones,N2_marque_gamme,XIAOMI::Économique::c5,XIAOMI,Économique,3,4,421.94
smartphones,N2_marque_gamme,XIAOMI::Économique::c5,XIAOMI,Économique,4,4,421.94
telephones_portables,N1_technique,c0,,,1,9,50.68
telephones_portables,N1_technique,c0,,,2,8,49.72
telephones_portables,N1_technique,c0,,,3,9,50.68
telephones_portables,N1_technique,c0,,,4,9,50.68
telephones_portables,N1_technique,c1,,,1,34,48.33
telephones_portables,N1_technique,c1,,,2,32,48.46
telephones_portables,N1_technique,c1,,,3,30,52.51
telephones_portables,N1_technique,c1,,,4,30,52.51
telephones_portables,N1_technique,c2,,,1,17,46.58
telephones_portables,N1_technique,c2,,,2,19,50.18
telephones_portables,N1_technique,c2,,,3,18,51.19
telephones_portables,N1_technique,c2,,,4,18,51.19
telephones_portables,N1_technique,c3,,,1,8,39.72
telephones_portables,N1_technique,c3,,,2,12,58.79
telephones_portables,N1_technique,c3,,,3,14,60.26
telephones_portables,N1_technique,c3,,,4,14,60.26
telephones_portables,N1_technique,c4,,,2,3,105.56
telephones_portables,N1_technique,c4,,,3,3,105.56
telephones_portables,N1_technique,c4,,,4,3,105.56
telephones_portables,N2_marque_gamme,AMI::Économique::c0,AMI,Économique,1,16,49.76
telephones_portables,N2_marque_gamme,AMI::Économique::c0,AMI,Économique,2,10,37.45
telephones_portables,N2_marque_gamme,AMI::Économique::c0,AMI,Économique,3,10,37.45
telephones_portables,N2_marque_gamme,AMI::Économique::c0,AMI,Économique,4,10,37.45
telephones_portables,N2_marque_gamme,AMI::Économique::c1,AMI,Économique,2,6,79.9
telephones_portables,N2_marque_gamme,AMI::Économique::c1,AMI,Économique,3,6,79.9
telephones_portables,N2_marque_gamme,AMI::Économique::c1,AMI,Économique,4,6,79.9
telephones_portables,N2_marque_gamme,CLEVER::Économique::c0,CLEVER,Économique,2,7,89.0
telephones_portables,N2_marque_gamme,CLEVER::Économique::c0,CLEVER,Économique,3,7,89.0
telephones_portables,N2_marque_gamme,CLEVER::Économique::c0,CLEVER,Économique,4,7,89.0
telephones_portables,N2_marque_gamme,CLEVER::Économique::c1,CLEVER,Économique,1,6,32.9
telephones_portables,N2_marque_gamme,CLEVER::Économique::c1,CLEVER,Économique,2,5,32.9
telephones_portables,N2_marque_gamme,CLEVER::Économique::c1,CLEVER,Économique,3,5,32.9
telephones_portables,N2_marque_gamme,CLEVER::Économique::c1,CLEVER,Économique,4,5,32.9
telephones_portables,N2_marque_gamme,EVERTEK::Milieu de gamme::c0,EVERTEK,Milieu de gamme,1,1,49.0
telephones_portables,N2_marque_gamme,EVERTEK::Milieu de gamme::c0,EVERTEK,Milieu de gamme,2,1,49.0
telephones_portables,N2_marque_gamme,EVERTEK::Économique::c0,EVERTEK,Économique,1,7,37.56
telephones_portables,N2_marque_gamme,EVERTEK::Économique::c0,EVERTEK,Économique,2,7,37.56
telephones_portables,N2_marque_gamme,EVERTEK::Économique::c0,EVERTEK,Économique,3,2,38.0
telephones_portables,N2_marque_gamme,EVERTEK::Économique::c0,EVERTEK,Économique,4,2,38.0
telephones_portables,N2_marque_gamme,ITEL::Gamme unique::c0,ITEL,Gamme unique,1,2,35.0
telephones_portables,N2_marque_gamme,ITEL::Gamme unique::c0,ITEL,Gamme unique,2,2,35.0
telephones_portables,N2_marque_gamme,ITEL::Gamme unique::c0,ITEL,Gamme unique,3,1,35.0
telephones_portables,N2_marque_gamme,ITEL::Gamme unique::c0,ITEL,Gamme unique,4,1,35.0
telephones_portables,N2_marque_gamme,MAXFONE::Gamme unique::c0,MAXFONE,Gamme unique,1,2,79.9
telephones_portables,N2_marque_gamme,MAXFONE::Gamme unique::c0,MAXFONE,Gamme unique,2,2,79.9
telephones_portables,N2_marque_gamme,MAXFONE::Gamme unique::c0,MAXFONE,Gamme unique,3,2,79.9
telephones_portables,N2_marque_gamme,MAXFONE::Gamme unique::c0,MAXFONE,Gamme unique,4,2,79.9
telephones_portables,N2_marque_gamme,NOKIA::Milieu de gamme::c0,NOKIA,Milieu de gamme,2,1,99.0
telephones_portables,N2_marque_gamme,NOKIA::Milieu de gamme::c0,NOKIA,Milieu de gamme,3,1,99.0
telephones_portables,N2_marque_gamme,NOKIA::Milieu de gamme::c0,NOKIA,Milieu de gamme,4,1,99.0
telephones_portables,N2_marque_gamme,NOKIA::Premium::c0,NOKIA,Premium,2,2,109.0
telephones_portables,N2_marque_gamme,NOKIA::Premium::c0,NOKIA,Premium,3,2,109.0
telephones_portables,N2_marque_gamme,NOKIA::Premium::c0,NOKIA,Premium,4,2,109.0
telephones_portables,N2_marque_gamme,NOKIA::Économique::c0,NOKIA,Économique,2,2,89.0
telephones_portables,N2_marque_gamme,NOKIA::Économique::c0,NOKIA,Économique,3,2,89.0
telephones_portables,N2_marque_gamme,NOKIA::Économique::c0,NOKIA,Économique,4,2,89.0
telephones_portables,N2_marque_gamme,NOKIA::Économique::c1,NOKIA,Économique,1,2,59.0
telephones_portables,N2_marque_gamme,NOKIA::Économique::c1,NOKIA,Économique,2,1,59.0
telephones_portables,N2_marque_gamme,NOKIA::Économique::c1,NOKIA,Économique,3,2,59.0
telephones_portables,N2_marque_gamme,NOKIA::Économique::c1,NOKIA,Économique,4,2,59.0
telephones_portables,N2_marque_gamme,PHILIPS::Milieu de gamme::c0,PHILIPS,Milieu de gamme,2,2,94.34
telephones_portables,N2_marque_gamme,PHILIPS::Milieu de gamme::c0,PHILIPS,Milieu de gamme,3,2,94.34
telephones_portables,N2_marque_gamme,PHILIPS::Milieu de gamme::c0,PHILIPS,Milieu de gamme,4,2,94.34
telephones_portables,N2_marque_gamme,PHILIPS::Économique::c0,PHILIPS,Économique,1,5,50.02
telephones_portables,N2_marque_gamme,PHILIPS::Économique::c0,PHILIPS,Économique,2,5,50.02
telephones_portables,N2_marque_gamme,PHILIPS::Économique::c0,PHILIPS,Économique,3,5,50.02
telephones_portables,N2_marque_gamme,PHILIPS::Économique::c0,PHILIPS,Économique,4,5,50.02
telephones_portables,N2_marque_gamme,SMARTEC::Milieu de gamme::c0,SMARTEC,Milieu de gamme,1,2,85.0
telephones_portables,N2_marque_gamme,SMARTEC::Milieu de gamme::c0,SMARTEC,Milieu de gamme,2,2,85.0
telephones_portables,N2_marque_gamme,SMARTEC::Milieu de gamme::c0,SMARTEC,Milieu de gamme,3,2,85.0
telephones_portables,N2_marque_gamme,SMARTEC::Milieu de gamme::c0,SMARTEC,Milieu de gamme,4,2,85.0
telephones_portables,N2_marque_gamme,SMARTEC::Milieu de gamme::c1,SMARTEC,Milieu de gamme,1,2,85.0
telephones_portables,N2_marque_gamme,SMARTEC::Milieu de gamme::c1,SMARTEC,Milieu de gamme,2,2,85.0
telephones_portables,N2_marque_gamme,SMARTEC::Milieu de gamme::c1,SMARTEC,Milieu de gamme,3,2,85.0
telephones_portables,N2_marque_gamme,SMARTEC::Milieu de gamme::c1,SMARTEC,Milieu de gamme,4,2,85.0
telephones_portables,N2_marque_gamme,SMARTEC::Économique::c0,SMARTEC,Économique,1,6,44.77
telephones_portables,N2_marque_gamme,SMARTEC::Économique::c0,SMARTEC,Économique,2,4,39.0
telephones_portables,N2_marque_gamme,SMARTEC::Économique::c0,SMARTEC,Économique,3,6,44.77
telephones_portables,N2_marque_gamme,SMARTEC::Économique::c0,SMARTEC,Économique,4,6,44.77
telephones_portables,N2_marque_gamme,SMARTEC::Économique::c1,SMARTEC,Économique,1,4,39.0
telephones_portables,N2_marque_gamme,SMARTEC::Économique::c1,SMARTEC,Économique,2,4,39.0
telephones_portables,N2_marque_gamme,SMARTEC::Économique::c1,SMARTEC,Économique,3,4,39.0
telephones_portables,N2_marque_gamme,SMARTEC::Économique::c1,SMARTEC,Économique,4,4,39.0
telephones_portables,N2_marque_gamme,UNIWA::Milieu de gamme::c0,UNIWA,Milieu de gamme,1,3,49.0
telephones_portables,N2_marque_gamme,UNIWA::Milieu de gamme::c0,UNIWA,Milieu de gamme,2,3,49.0
telephones_portables,N2_marque_gamme,UNIWA::Milieu de gamme::c0,UNIWA,Milieu de gamme,3,3,49.0
telephones_portables,N2_marque_gamme,UNIWA::Milieu de gamme::c0,UNIWA,Milieu de gamme,4,3,49.0
telephones_portables,N2_marque_gamme,UNIWA::Économique::c0,UNIWA,Économique,1,6,37.23
telephones_portables,N2_marque_gamme,UNIWA::Économique::c0,UNIWA,Économique,2,6,37.23
telephones_portables,N2_marque_gamme,UNIWA::Économique::c0,UNIWA,Économique,3,6,37.23
telephones_portables,N2_marque_gamme,UNIWA::Économique::c0,UNIWA,Économique,4,6,37.23
televiseurs,N1_technique,c0,,,1,95,2347.02
televiseurs,N1_technique,c0,,,2,94,2369.05
televiseurs,N1_technique,c0,,,3,94,2369.05
televiseurs,N1_technique,c0,,,4,93,2348.08
televiseurs,N1_technique,c1,,,1,14,559.39
televiseurs,N1_technique,c1,,,2,14,561.07
televiseurs,N1_technique,c1,,,3,14,561.07
televiseurs,N1_technique,c1,,,4,14,560.0
televiseurs,N2_marque_gamme,ALMATV::Gamme unique::c0,ALMATV,Gamme unique,1,2,492.12
televiseurs,N2_marque_gamme,ALMATV::Gamme unique::c0,ALMATV,Gamme unique,2,2,492.12
televiseurs,N2_marque_gamme,ALMATV::Gamme unique::c0,ALMATV,Gamme unique,3,2,492.12
televiseurs,N2_marque_gamme,ALMATV::Gamme unique::c0,ALMATV,Gamme unique,4,2,485.58
televiseurs,N2_marque_gamme,ECOSAT::Milieu de gamme::c0,ECOSAT,Milieu de gamme,1,2,769.32
televiseurs,N2_marque_gamme,ECOSAT::Milieu de gamme::c0,ECOSAT,Milieu de gamme,2,2,769.32
televiseurs,N2_marque_gamme,ECOSAT::Milieu de gamme::c0,ECOSAT,Milieu de gamme,3,2,769.32
televiseurs,N2_marque_gamme,ECOSAT::Milieu de gamme::c0,ECOSAT,Milieu de gamme,4,2,769.32
televiseurs,N2_marque_gamme,ECOSAT::Premium::c0,ECOSAT,Premium,1,1,1499.0
televiseurs,N2_marque_gamme,ECOSAT::Premium::c0,ECOSAT,Premium,2,1,1479.0
televiseurs,N2_marque_gamme,ECOSAT::Premium::c0,ECOSAT,Premium,3,1,1479.0
televiseurs,N2_marque_gamme,ECOSAT::Premium::c0,ECOSAT,Premium,4,1,1479.0
televiseurs,N2_marque_gamme,ECOSAT::Économique::c0,ECOSAT,Économique,1,2,411.11
televiseurs,N2_marque_gamme,ECOSAT::Économique::c0,ECOSAT,Économique,2,2,411.11
televiseurs,N2_marque_gamme,ECOSAT::Économique::c0,ECOSAT,Économique,3,2,411.11
televiseurs,N2_marque_gamme,ECOSAT::Économique::c0,ECOSAT,Économique,4,2,411.11
televiseurs,N2_marque_gamme,HISENSE::Milieu de gamme::c0,HISENSE,Milieu de gamme,1,3,3967.74
televiseurs,N2_marque_gamme,HISENSE::Milieu de gamme::c0,HISENSE,Milieu de gamme,2,3,3967.74
televiseurs,N2_marque_gamme,HISENSE::Milieu de gamme::c0,HISENSE,Milieu de gamme,3,3,3967.74
televiseurs,N2_marque_gamme,HISENSE::Milieu de gamme::c0,HISENSE,Milieu de gamme,4,3,3967.74
televiseurs,N2_marque_gamme,HISENSE::Premium::c0,HISENSE,Premium,1,3,7741.29
televiseurs,N2_marque_gamme,HISENSE::Premium::c0,HISENSE,Premium,2,3,7741.29
televiseurs,N2_marque_gamme,HISENSE::Premium::c0,HISENSE,Premium,3,3,7741.29
televiseurs,N2_marque_gamme,HISENSE::Premium::c0,HISENSE,Premium,4,3,7741.29
televiseurs,N2_marque_gamme,HISENSE::Économique::c0,HISENSE,Économique,1,3,1195.34
televiseurs,N2_marque_gamme,HISENSE::Économique::c0,HISENSE,Économique,2,3,1195.34
televiseurs,N2_marque_gamme,HISENSE::Économique::c0,HISENSE,Économique,3,3,1195.34
televiseurs,N2_marque_gamme,HISENSE::Économique::c0,HISENSE,Économique,4,3,1195.34
televiseurs,N2_marque_gamme,IFFALCON::Gamme unique::c0,IFFALCON,Gamme unique,1,2,820.58
televiseurs,N2_marque_gamme,IFFALCON::Gamme unique::c0,IFFALCON,Gamme unique,2,2,820.58
televiseurs,N2_marque_gamme,IFFALCON::Gamme unique::c0,IFFALCON,Gamme unique,3,2,820.58
televiseurs,N2_marque_gamme,IFFALCON::Gamme unique::c0,IFFALCON,Gamme unique,4,2,820.58
televiseurs,N2_marque_gamme,LG::Milieu de gamme::c0,LG,Milieu de gamme,1,3,3541.61
televiseurs,N2_marque_gamme,LG::Milieu de gamme::c0,LG,Milieu de gamme,2,3,3541.61
televiseurs,N2_marque_gamme,LG::Milieu de gamme::c0,LG,Milieu de gamme,3,3,3541.61
televiseurs,N2_marque_gamme,LG::Milieu de gamme::c0,LG,Milieu de gamme,4,2,3697.65
televiseurs,N2_marque_gamme,LG::Premium::c0,LG,Premium,1,3,5508.04
televiseurs,N2_marque_gamme,LG::Premium::c0,LG,Premium,2,3,5508.04
televiseurs,N2_marque_gamme,LG::Premium::c0,LG,Premium,3,3,5508.04
televiseurs,N2_marque_gamme,LG::Premium::c0,LG,Premium,4,3,5508.04
televiseurs,N2_marque_gamme,LG::Économique::c0,LG,Économique,1,5,1811.88
televiseurs,N2_marque_gamme,LG::Économique::c0,LG,Économique,2,4,1841.25
televiseurs,N2_marque_gamme,LG::Économique::c0,LG,Économique,3,4,1841.25
televiseurs,N2_marque_gamme,LG::Économique::c0,LG,Économique,4,4,1841.25
televiseurs,N2_marque_gamme,MAXWELL::Milieu de gamme::c0,MAXWELL,Milieu de gamme,1,2,1295.15
televiseurs,N2_marque_gamme,MAXWELL::Milieu de gamme::c0,MAXWELL,Milieu de gamme,2,3,1069.35
televiseurs,N2_marque_gamme,MAXWELL::Milieu de gamme::c0,MAXWELL,Milieu de gamme,3,3,1069.35
televiseurs,N2_marque_gamme,MAXWELL::Milieu de gamme::c0,MAXWELL,Milieu de gamme,4,3,1069.35
televiseurs,N2_marque_gamme,MAXWELL::Premium::c0,MAXWELL,Premium,1,2,2091.84
televiseurs,N2_marque_gamme,MAXWELL::Premium::c0,MAXWELL,Premium,2,1,2189.0
televiseurs,N2_marque_gamme,MAXWELL::Premium::c0,MAXWELL,Premium,3,1,2189.0
televiseurs,N2_marque_gamme,MAXWELL::Premium::c0,MAXWELL,Premium,4,1,2189.0
televiseurs,N2_marque_gamme,MAXWELL::Économique::c0,MAXWELL,Économique,1,3,550.76
televiseurs,N2_marque_gamme,MAXWELL::Économique::c0,MAXWELL,Économique,2,2,488.88
televiseurs,N2_marque_gamme,MAXWELL::Économique::c0,MAXWELL,Économique,3,2,488.88
televiseurs,N2_marque_gamme,MAXWELL::Économique::c0,MAXWELL,Économique,4,2,488.88
televiseurs,N2_marque_gamme,SAMSUNG::Milieu de gamme::c0,SAMSUNG,Milieu de gamme,1,3,2670.14
televiseurs,N2_marque_gamme,SAMSUNG::Milieu de gamme::c0,SAMSUNG,Milieu de gamme,2,3,2670.14
televiseurs,N2_marque_gamme,SAMSUNG::Milieu de gamme::c0,SAMSUNG,Milieu de gamme,3,3,2670.14
televiseurs,N2_marque_gamme,SAMSUNG::Milieu de gamme::c0,SAMSUNG,Milieu de gamme,4,2,2478.5
televiseurs,N2_marque_gamme,SAMSUNG::Milieu de gamme::c1,SAMSUNG,Milieu de gamme,1,3,2973.79
televiseurs,N2_marque_gamme,SAMSUNG::Milieu de gamme::c1,SAMSUNG,Milieu de gamme,2,3,2973.79
televiseurs,N2_marque_gamme,SAMSUNG::Milieu de gamme::c1,SAMSUNG,Milieu de gamme,3,3,2973.79
televiseurs,N2_marque_gamme,SAMSUNG::Milieu de gamme::c1,SAMSUNG,Milieu de gamme,4,3,2973.79
televiseurs,N2_marque_gamme,SAMSUNG::Premium::c0,SAMSUNG,Premium,1,5,5588.77
televiseurs,N2_marque_gamme,SAMSUNG::Premium::c0,SAMSUNG,Premium,2,5,5588.77
televiseurs,N2_marque_gamme,SAMSUNG::Premium::c0,SAMSUNG,Premium,3,5,5588.77
televiseurs,N2_marque_gamme,SAMSUNG::Premium::c0,SAMSUNG,Premium,4,5,5588.77
televiseurs,N2_marque_gamme,SAMSUNG::Premium::c1,SAMSUNG,Premium,1,2,3797.94
televiseurs,N2_marque_gamme,SAMSUNG::Premium::c1,SAMSUNG,Premium,2,2,3797.94
televiseurs,N2_marque_gamme,SAMSUNG::Premium::c1,SAMSUNG,Premium,3,2,3797.94
televiseurs,N2_marque_gamme,SAMSUNG::Premium::c1,SAMSUNG,Premium,4,2,3797.94
televiseurs,N2_marque_gamme,SAMSUNG::Économique::c0,SAMSUNG,Économique,1,6,1707.41
televiseurs,N2_marque_gamme,SAMSUNG::Économique::c0,SAMSUNG,Économique,2,6,1707.41
televiseurs,N2_marque_gamme,SAMSUNG::Économique::c0,SAMSUNG,Économique,3,6,1707.41
televiseurs,N2_marque_gamme,SAMSUNG::Économique::c0,SAMSUNG,Économique,4,6,1707.41
televiseurs,N2_marque_gamme,SAMSUNG::Économique::c1,SAMSUNG,Économique,1,2,874.48
televiseurs,N2_marque_gamme,SAMSUNG::Économique::c1,SAMSUNG,Économique,2,2,874.48
televiseurs,N2_marque_gamme,SAMSUNG::Économique::c1,SAMSUNG,Économique,3,2,874.48
televiseurs,N2_marque_gamme,SAMSUNG::Économique::c1,SAMSUNG,Économique,4,2,874.48
televiseurs,N2_marque_gamme,TCL::Milieu de gamme::c0,TCL,Milieu de gamme,1,5,2935.46
televiseurs,N2_marque_gamme,TCL::Milieu de gamme::c0,TCL,Milieu de gamme,2,5,2935.46
televiseurs,N2_marque_gamme,TCL::Milieu de gamme::c0,TCL,Milieu de gamme,3,5,2935.46
televiseurs,N2_marque_gamme,TCL::Milieu de gamme::c0,TCL,Milieu de gamme,4,5,2935.46
televiseurs,N2_marque_gamme,TCL::Premium::c0,TCL,Premium,1,4,6308.45
televiseurs,N2_marque_gamme,TCL::Premium::c0,TCL,Premium,2,4,6308.45
televiseurs,N2_marque_gamme,TCL::Premium::c0,TCL,Premium,3,4,6308.45
televiseurs,N2_marque_gamme,TCL::Premium::c0,TCL,Premium,4,4,6308.45
televiseurs,N2_marque_gamme,TCL::Premium::c1,TCL,Premium,1,2,7258.67
televiseurs,N2_marque_gamme,TCL::Premium::c1,TCL,Premium,2,2,7258.67
televiseurs,N2_marque_gamme,TCL::Premium::c1,TCL,Premium,3,2,7258.67
televiseurs,N2_marque_gamme,TCL::Premium::c1,TCL,Premium,4,2,7100.74
televiseurs,N2_marque_gamme,TCL::Économique::c0,TCL,Économique,1,4,1681.25
televiseurs,N2_marque_gamme,TCL::Économique::c0,TCL,Économique,2,4,1681.25
televiseurs,N2_marque_gamme,TCL::Économique::c0,TCL,Économique,3,4,1681.25
televiseurs,N2_marque_gamme,TCL::Économique::c0,TCL,Économique,4,4,1681.25
televiseurs,N2_marque_gamme,TCL::Économique::c1,TCL,Économique,1,3,1128.21
televiseurs,N2_marque_gamme,TCL::Économique::c1,TCL,Économique,2,3,1128.21
televiseurs,N2_marque_gamme,TCL::Économique::c1,TCL,Économique,3,3,1128.21
televiseurs,N2_marque_gamme,TCL::Économique::c1,TCL,Économique,4,2,947.68
televiseurs,N2_marque_gamme,TELEFUNKEN::Milieu de gamme::c0,TELEFUNKEN,Milieu de gamme,1,4,1415.68
televiseurs,N2_marque_gamme,TELEFUNKEN::Milieu de gamme::c0,TELEFUNKEN,Milieu de gamme,2,4,1415.68
televiseurs,N2_marque_gamme,TELEFUNKEN::Milieu de gamme::c0,TELEFUNKEN,Milieu de gamme,3,4,1415.68
televiseurs,N2_marque_gamme,TELEFUNKEN::Milieu de gamme::c0,TELEFUNKEN,Milieu de gamme,4,4,1370.22
televiseurs,N2_marque_gamme,TELEFUNKEN::Milieu de gamme::c1,TELEFUNKEN,Milieu de gamme,1,2,1347.68
televiseurs,N2_marque_gamme,TELEFUNKEN::Milieu de gamme::c1,TELEFUNKEN,Milieu de gamme,2,2,1347.68
televiseurs,N2_marque_gamme,TELEFUNKEN::Milieu de gamme::c1,TELEFUNKEN,Milieu de gamme,3,2,1347.68
televiseurs,N2_marque_gamme,TELEFUNKEN::Milieu de gamme::c1,TELEFUNKEN,Milieu de gamme,4,3,1361.31
televiseurs,N2_marque_gamme,TELEFUNKEN::Premium::c0,TELEFUNKEN,Premium,1,5,4191.93
televiseurs,N2_marque_gamme,TELEFUNKEN::Premium::c0,TELEFUNKEN,Premium,2,6,4073.37
televiseurs,N2_marque_gamme,TELEFUNKEN::Premium::c0,TELEFUNKEN,Premium,3,6,4073.37
televiseurs,N2_marque_gamme,TELEFUNKEN::Premium::c0,TELEFUNKEN,Premium,4,7,3809.52
televiseurs,N2_marque_gamme,TELEFUNKEN::Économique::c0,TELEFUNKEN,Économique,1,4,562.41
televiseurs,N2_marque_gamme,TELEFUNKEN::Économique::c0,TELEFUNKEN,Économique,2,4,562.41
televiseurs,N2_marque_gamme,TELEFUNKEN::Économique::c0,TELEFUNKEN,Économique,3,4,562.41
televiseurs,N2_marque_gamme,TELEFUNKEN::Économique::c0,TELEFUNKEN,Économique,4,4,562.41
televiseurs,N2_marque_gamme,TELEFUNKEN::Économique::c1,TELEFUNKEN,Économique,1,3,700.31
televiseurs,N2_marque_gamme,TELEFUNKEN::Économique::c1,TELEFUNKEN,Économique,2,3,700.31
televiseurs,N2_marque_gamme,TELEFUNKEN::Économique::c1,TELEFUNKEN,Économique,3,3,700.31
televiseurs,N2_marque_gamme,TELEFUNKEN::Économique::c1,TELEFUNKEN,Économique,4,3,700.31
televiseurs,N2_marque_gamme,THOMSON::Milieu de gamme::c0,THOMSON,Milieu de gamme,1,3,2141.43
televiseurs,N2_marque_gamme,THOMSON::Milieu de gamme::c0,THOMSON,Milieu de gamme,2,3,2141.43
televiseurs,N2_marque_gamme,THOMSON::Milieu de gamme::c0,THOMSON,Milieu de gamme,3,3,2141.43
televiseurs,N2_marque_gamme,THOMSON::Milieu de gamme::c0,THOMSON,Milieu de gamme,4,3,2141.43
televiseurs,N2_marque_gamme,THOMSON::Premium::c0,THOMSON,Premium,1,3,3614.21
televiseurs,N2_marque_gamme,THOMSON::Premium::c0,THOMSON,Premium,2,3,3614.21
televiseurs,N2_marque_gamme,THOMSON::Premium::c0,THOMSON,Premium,3,3,3614.21
televiseurs,N2_marque_gamme,THOMSON::Premium::c0,THOMSON,Premium,4,3,3614.21
televiseurs,N2_marque_gamme,THOMSON::Économique::c0,THOMSON,Économique,1,2,1477.14
televiseurs,N2_marque_gamme,THOMSON::Économique::c0,THOMSON,Économique,2,2,1477.14
televiseurs,N2_marque_gamme,THOMSON::Économique::c0,THOMSON,Économique,3,2,1477.14
televiseurs,N2_marque_gamme,THOMSON::Économique::c0,THOMSON,Économique,4,2,1477.14
televiseurs,N2_marque_gamme,THOMSON::Économique::c1,THOMSON,Économique,1,2,1463.57
televiseurs,N2_marque_gamme,THOMSON::Économique::c1,THOMSON,Économique,2,2,1463.57
televiseurs,N2_marque_gamme,THOMSON::Économique::c1,THOMSON,Économique,3,2,1463.57
televiseurs,N2_marque_gamme,THOMSON::Économique::c1,THOMSON,Économique,4,2,1463.57
televiseurs,N2_marque_gamme,VEGA::Milieu de gamme::c0,VEGA,Milieu de gamme,1,2,1055.4
televiseurs,N2_marque_gamme,VEGA::Milieu de gamme::c0,VEGA,Milieu de gamme,2,2,1055.4
televiseurs,N2_marque_gamme,VEGA::Milieu de gamme::c0,VEGA,Milieu de gamme,3,2,1055.4
televiseurs,N2_marque_gamme,VEGA::Milieu de gamme::c0,VEGA,Milieu de gamme,4,2,1055.4
televiseurs,N2_marque_gamme,VEGA::Premium::c0,VEGA,Premium,1,2,2044.9
televiseurs,N2_marque_gamme,VEGA::Premium::c0,VEGA,Premium,2,2,2044.9
televiseurs,N2_marque_gamme,VEGA::Premium::c0,VEGA,Premium,3,2,2044.9
televiseurs,N2_marque_gamme,VEGA::Premium::c0,VEGA,Premium,4,2,2044.9
televiseurs,N2_marque_gamme,VEGA::Économique::c0,VEGA,Économique,1,2,650.88
televiseurs,N2_marque_gamme,VEGA::Économique::c0,VEGA,Économique,2,2,650.88
televiseurs,N2_marque_gamme,VEGA::Économique::c0,VEGA,Économique,3,2,650.88
televiseurs,N2_marque_gamme,VEGA::Économique::c0,VEGA,Économique,4,2,650.88
