categorie,cluster,semaine,moyenne_geometrique,moyenne_estimee_ridge,moyenne_estimee_hedonic,moyenne_estimee_rf,erreur_ridge_pct,erreur_hedonic_pct,erreur_rf_pct,n_produits,source_ridge,source_hedonic,source_rf
pc_bureau,0,1,3684.24,3681.55,3696.94,3670.2,-0.07,0.34,-0.38,68,n1,categorie,n1
pc_bureau,0,2,3676.41,3684.72,3684.98,3674.7,0.23,0.23,-0.05,71,n1,categorie,n1
pc_bureau,0,3,3632.92,3663.24,3658.11,3647.15,0.83,0.69,0.39,72,n1,categorie,n1
pc_bureau,0,4,3580.8,3639.59,3629.03,3610.04,1.64,1.35,0.82,74,n1,categorie,n1
pc_bureau,1,1,2546.01,2485.91,2806.51,2412.51,-2.36,10.23,-5.24,52,n1,n1,n1
pc_bureau,1,2,2508.62,2448.03,2750.88,2391.8,-2.42,9.66,-4.66,53,n1,n1,n1
pc_bureau,1,3,2534.55,2446.53,2769.74,2399.76,-3.47,9.28,-5.32,50,n1,n1,n1
pc_bureau,1,4,2569.8,2501.21,2738.06,2443.42,-2.67,6.55,-4.92,51,n1,n1,n1
pc_bureau,2,1,2708.75,2675.08,2679.1,2669.81,-1.24,-1.09,-1.44,66,categorie,categorie,categorie
pc_bureau,2,2,2678.44,2652.16,2656.13,2636.27,-0.98,-0.83,-1.57,67,categorie,categorie,categorie
pc_bureau,2,3,2696.58,2655.18,2659.08,2648.41,-1.54,-1.39,-1.79,65,categorie,categorie,categorie
pc_bureau,2,4,2729.02,2695.2,2703.07,2671.93,-1.24,-0.95,-2.09,61,categorie,categorie,categorie
pc_bureau,3,1,5111.14,5023.39,5082.56,5124.41,-1.72,-0.56,0.26,16,n2,categorie,n2
pc_bureau,3,2,5111.14,5023.39,5082.56,5124.41,-1.72,-0.56,0.26,16,n2,categorie,n2
pc_bureau,3,3,5111.14,5023.39,5082.56,5124.41,-1.72,-0.56,0.26,16,n2,categorie,n2
pc_bureau,3,4,5083.82,5016.74,5007.07,5098.44,-1.32,-1.51,0.29,15,n2,categorie,n2
pc_bureau,4,1,1919.81,1830.47,1825.5,1973.81,-4.65,-4.91,2.81,14,categorie,categorie,categorie
pc_bureau,4,2,2054.98,2022.33,2016.48,2136.59,-1.59,-1.87,3.97,14,categorie,categorie,categorie
pc_bureau,4,3,2054.98,2022.33,2016.48,2136.59,-1.59,-1.87,3.97,14,categorie,categorie,categorie
pc_bureau,4,4,2163.16,2042.45,2041.95,2204.61,-5.58,-5.6,1.92,14,categorie,categorie,categorie
pc_portables,0,1,2974.77,3059.81,3028.89,2990.76,2.86,1.82,0.54,438,n1,n1,n1
pc_portables,0,2,3003.98,3084.03,3054.1,3030.43,2.66,1.67,0.88,464,n1,n1,n1
pc_portables,0,3,3016.33,3103.53,3061.78,3040.2,2.89,1.51,0.79,437,n1,n1,n1
pc_portables,0,4,3007.49,3099.67,3064.83,3038.67,3.07,1.91,1.04,446,n1,n1,n1
pc_portables,1,1,2781.94,2850.72,2719.63,2759.15,2.47,-2.24,-0.82,90,n1,n1,categorie
pc_portables,1,2,2730.43,2810.72,2685.31,2723.8,2.94,-1.65,-0.24,94,n1,n1,categorie
pc_portables,1,3,2777.65,2850.59,2725.26,2749.94,2.63,-1.89,-1.0,92,n1,n1,categorie
pc_portables,1,4,2745.71,2822.09,2696.78,2724.45,2.78,-1.78,-0.77,94,n1,n1,categorie
smartphones,0,1,1712.61,1871.66,1775.68,1747.68,9.29,3.68,2.05,103,n1,n1,n1
smartphones,0,2,1756.99,1879.18,1783.74,1779.11,6.95,1.52,1.26,97,n1,n1,n1
smartphones,0,3,1751.54,1855.18,1769.94,1770.36,5.92,1.05,1.07,98,n1,n1,n1
smartphones,0,4,1775.46,1871.86,1781.49,1796.32,5.43,0.34,1.17,97,n1,n1,n1
smartphones,1,1,607.48,610.82,617.49,616.27,0.55,1.65,1.45,101,n1,n1,n1
smartphones,1,2,614.3,611.8,620.85,617.85,-0.41,1.07,0.58,95,n1,n1,n1
smartphones,1,3,614.37,607.47,610.73,614.06,-1.12,-0.59,-0.05,103,n1,n1,n1
smartphones,1,4,616.66,608.17,611.12,614.52,-1.38,-0.9,-0.35,106,n1,n1,n1
smartphones,2,1,445.04,437.1,438.5,444.62,-1.78,-1.47,-0.09,26,categorie,categorie,categorie
smartphones,2,2,402.6,394.46,397.67,402.24,-2.02,-1.22,-0.09,26,categorie,categorie,categorie
smartphones,2,3,420.91,420.37,423.62,420.5,-0.13,0.64,-0.1,32,categorie,categorie,categorie
smartphones,2,4,420.91,420.37,423.62,420.5,-0.13,0.64,-0.1,32,categorie,categorie,categorie
smartphones,3,1,1876.89,1847.73,1815.8,1870.26,-1.55,-3.25,-0.35,23,n1,categorie,categorie
smartphones,3,2,1876.89,1847.73,1815.8,1870.26,-1.55,-3.25,-0.35,23,n1,categorie,categorie
smartphones,3,3,1876.89,1847.73,1815.8,1870.26,-1.55,-3.25,-0.35,23,n1,categorie,categorie
smartphones,3,4,1876.89,1847.73,1815.8,1870.26,-1.55,-3.25,-0.35,23,n1,categorie,categorie
telephones_portables,0,1,39.72,41.45,41.45,39.72,4.36,4.36,0.0,8,categorie,categorie,categorie
telephones_portables,0,2,32.9,34.92,34.92,32.9,6.14,6.14,0.0,5,categorie,categorie,categorie
telephones_portables,0,3,40.8,42.56,42.56,40.8,4.31,4.31,0.0,7,categorie,categorie,categorie
telephones_portables,0,4,40.8,42.56,42.56,40.8,4.31,4.31,0.0,7,categorie,categorie,categorie
telephones_portables,1,1,48.33,46.31,47.77,49.04,-4.18,-1.16,1.47,34,n2,categorie,n2
telephones_portables,1,2,48.46,47.77,49.18,49.23,-1.42,1.49,1.59,32,n2,categorie,n2
telephones_portables,1,3,52.51,49.66,51.37,52.52,-5.43,-2.17,0.02,30,n2,categorie,n2
telephones_portables,1,4,52.51,49.66,51.37,52.52,-5.43,-2.17,0.02,30,n2,categorie,n2
telephones_portables,2,1,46.58,48.59,48.84,45.78,4.32,4.85,-1.72,17,n1,categorie,categorie
telephones_portables,2,2,50.18,49.13,51.71,50.07,-2.09,3.05,-0.22,19,n1,categorie,categorie
telephones_portables,2,3,51.19,51.34,53.4,51.16,0.29,4.32,-0.06,18,n1,categorie,categorie
telephones_portables,2,4,51.19,51.34,53.4,51.16,0.29,4.32,-0.06,18,n1,categorie,categorie
telephones_portables,3,2,89.0,83.93,83.93,89.0,-5.7,-5.7,0.0,7,categorie,categorie,categorie
telephones_portables,3,3,89.0,83.93,83.93,89.0,-5.7,-5.7,0.0,7,categorie,categorie,categorie
telephones_portables,3,4,89.0,83.93,83.93,89.0,-5.7,-5.7,0.0,7,categorie,categorie,categorie
telephones_portables,4,1,50.68,50.94,50.94,50.55,0.51,0.51,-0.26,9,categorie,categorie,categorie
telephones_portables,4,2,49.72,49.02,49.02,49.74,-1.41,-1.41,0.04,8,categorie,categorie,categorie
telephones_portables,4,3,50.68,51.38,51.38,50.72,1.38,1.38,0.08,9,categorie,categorie,categorie
telephones_portables,4,4,50.68,51.38,51.38,50.72,1.38,1.38,0.08,9,categorie,categorie,categorie
telephones_portables,5,2,130.82,127.94,127.94,104.16,-2.2,-2.2,-20.38,4,categorie,categorie,categorie
telephones_portables,5,3,130.82,128.73,128.73,104.12,-1.6,-1.6,-20.41,4,categorie,categorie,categorie
telephones_portables,5,4,130.82,128.73,128.73,104.12,-1.6,-1.6,-20.41,4,categorie,categorie,categorie
televiseurs,0,1,2347.02,2400.0,2393.03,2387.04,2.26,1.96,1.71,95,n1,categorie,n1
televiseurs,0,2,2369.05,2422.87,2416.61,2397.74,2.27,2.01,1.21,94,n1,categorie,n1
televiseurs,0,3,2369.05,2422.87,2416.61,2397.74,2.27,2.01,1.21,94,n1,categorie,n1
televiseurs,0,4,2348.08,2396.48,2394.36,2370.94,2.06,1.97,0.97,93,n1,categorie,n1
televiseurs,1,1,559.39,556.68,555.54,547.03,-0.48,-0.69,-2.21,14,categorie,categorie,categorie
televiseurs,1,2,561.07,557.72,556.36,547.03,-0.6,-0.84,-2.5,14,categorie,categorie,categorie
televiseurs,1,3,561.07,557.72,556.36,547.03,-0.6,-0.84,-2.5,14,categorie,categorie,categorie
televiseurs,1,4,560.0,556.68,555.54,547.03,-0.59,-0.8,-2.32,14,categorie,categorie,categorie
