categorie,marque,gamme,cluster,semaine_t,semaine_t1,n_produits_t,n_produits_t1,delta_prix_reel_pct,delta_estime_hedonic_pct,delta_estime_ridge_pct,delta_estime_rf_pct,ecart_residuel_pct,classification,cause_principale,accord_modeles,fiabilite_limitee,composition_stable,bootstrap_possible,ecart_residuel_ic_bas,ecart_residuel_ic_haut,ecart_residuel_p_value,ecart_residuel_significatif
pc_bureau,ASUS,Milieu de gamme,c0,1,2,6,6,0.0,0.0,0.0,0.0,0.0,Stabilité réelle (prix et caractéristiques inchangés),aucune,True,False,True,True,-10.3,9.62,0.966,False
pc_bureau,ASUS,Milieu de gamme,c0,2,3,6,6,0.0,0.0,0.0,0.0,0.0,Stabilité réelle (prix et caractéristiques inchangés),aucune,True,False,True,True,-10.35,9.98,0.988,False
pc_bureau,ASUS,Milieu de gamme,c0,3,4,6,5,-0.66,1.68,1.54,-0.22,-2.34,Effectif du cluster modifié (6 → 5 produits) — lecture prix/qualité non isolable (cf. cause_principale='effectif'),effectif,True,False,False,True,-11.63,7.38,0.65,False
pc_bureau,ASUS,Premium,c0,1,2,6,6,0.0,0.0,0.0,0.0,0.0,Stabilité réelle (prix et caractéristiques inchangés),aucune,True,False,True,True,-11.35,10.58,1.0,False
pc_bureau,ASUS,Premium,c0,2,3,6,6,0.0,0.0,0.0,0.0,0.0,Stabilité réelle (prix et caractéristiques inchangés),aucune,True,False,True,True,-12.12,11.2,0.992,False
pc_bureau,ASUS,Premium,c0,3,4,6,5,-0.3,-0.75,-0.83,-1.85,0.44,Effectif du cluster modifié (6 → 5 produits) — lecture prix/qualité non isolable (cf. cause_principale='effectif'),effectif,True,False,False,True,-12.98,11.13,0.896,False
pc_bureau,ASUS,Économique,c0,1,2,6,6,0.0,0.0,0.0,0.0,0.0,Stabilité réelle (prix et caractéristiques inchangés),aucune,True,False,True,True,-12.23,10.92,0.99,False
pc_bureau,ASUS,Économique,c0,2,3,6,6,0.0,0.0,0.0,0.0,0.0,Stabilité réelle (prix et caractéristiques inchangés),aucune,True,False,True,True,-11.8,10.44,0.982,False
pc_bureau,ASUS,Économique,c0,3,4,6,4,1.34,3.49,3.33,2.53,-2.15,Effectif du cluster modifié (6 → 4 produits) — lecture prix/qualité non isolable (cf. cause_principale='effectif'),effectif,True,False,False,True,-17.78,12.41,0.782,False
pc_bureau,DELL,Milieu de gamme,c0,1,2,7,5,-0.45,1.41,-0.37,0.48,-1.86,Effectif du cluster modifié (7 → 5 produits) — lecture prix/qualité non isolable (cf. cause_principale='effectif'),effectif,True,False,False,True,-9.07,4.24,0.582,False
pc_bureau,DELL,Milieu de gamme,c0,2,3,5,4,0.97,0.94,1.22,1.12,0.03,Effectif du cluster modifié (5 → 4 produits) — lecture prix/qualité non isolable (cf. cause_principale='effectif'),effectif,True,False,False,True,-8.03,6.7,0.92,False
pc_bureau,DELL,Milieu de gamme,c0,3,4,4,6,-1.44,-3.6,-2.12,-3.04,2.17,Effectif du cluster modifié (4 → 6 produits) — lecture prix/qualité non isolable (cf. cause_principale='effectif'),effectif,True,False,False,True,-5.56,9.7,0.6,False
pc_bureau,DELL,Premium,c0,1,2,7,7,0.0,0.0,0.0,0.0,0.0,Stabilité réelle (prix et caractéristiques inchangés),aucune,True,False,True,True,-18.6,17.5,0.98,False
pc_bureau,DELL,Premium,c0,2,3,7,7,0.0,0.0,0.0,0.0,0.0,Stabilité réelle (prix et caractéristiques inchangés),aucune,True,False,True,True,-18.72,18.74,0.988,False
pc_bureau,DELL,Premium,c0,3,4,7,6,-0.79,0.68,-0.0,-4.42,-1.48,Effectif du cluster modifié (7 → 6 produits) — lecture prix/qualité non isolable (cf. cause_principale='effectif'),effectif,False,False,False,True,-21.17,15.73,0.91,False
pc_bureau,DELL,Économique,c0,1,2,7,6,0.1,-2.14,-1.91,-1.09,2.24,Effectif du cluster modifié (7 → 6 produits) — lecture prix/qualité non isolable (cf. cause_principale='effectif'),effectif,True,False,False,True,-6.85,9.95,0.628,False
pc_bureau,DELL,Économique,c0,2,3,6,6,0.0,0.0,0.0,0.0,0.0,Stabilité réelle (prix et caractéristiques inchangés),aucune,True,False,True,True,-9.67,7.88,0.952,False
pc_bureau,DELL,Économique,c0,3,4,6,6,0.0,0.0,0.0,0.0,0.0,Stabilité réelle (prix et caractéristiques inchangés),aucune,True,False,True,True,-9.72,7.82,0.988,False
pc_bureau,HP,Milieu de gamme,c0,1,2,5,4,1.55,3.38,3.44,4.68,-1.83,Effectif du cluster modifié (5 → 4 produits) — lecture prix/qualité non isolable (cf. cause_principale='effectif'),effectif,True,False,False,True,-15.92,8.84,0.7,False
pc_bureau,HP,Milieu de gamme,c0,2,3,4,3,-0.77,0.88,0.93,-0.37,-1.65,Effectif du cluster modifié (4 → 3 produits) — lecture prix/qualité non isolable (cf. cause_principale='effectif'),effectif,True,False,False,True,-20.15,11.17,0.784,False
pc_bureau,HP,Milieu de gamme,c0,3,4,3,3,0.0,0.0,0.0,0.0,0.0,Stabilité réelle (prix et caractéristiques inchangés),aucune,True,False,True,True,-18.29,14.08,0.894,False
pc_bureau,HP,Premium,c0,1,2,6,6,0.0,0.0,0.0,0.0,0.0,Stabilité réelle (prix et caractéristiques inchangés),aucune,True,False,True,True,-29.52,18.21,0.984,False
pc_bureau,HP,Premium,c0,2,3,6,6,0.0,0.0,0.0,0.0,0.0,Stabilité réelle (prix et caractéristiques inchangés),aucune,True,False,True,True,-28.87,18.47,1.0,False
pc_bureau,HP,Premium,c0,3,4,6,6,0.0,0.0,0.0,0.0,0.0,Stabilité réelle (prix et caractéristiques inchangés),aucune,True,False,True,True,-28.97,19.56,0.988,False
pc_bureau,HP,Économique,c0,1,2,7,7,0.0,0.0,0.0,0.0,0.0,Stabilité réelle (prix et caractéristiques inchangés),aucune,True,False,True,True,-10.18,13.35,0.996,False
pc_bureau,HP,Économique,c0,2,3,7,7,0.0,0.0,0.0,0.0,0.0,Stabilité réelle (prix et caractéristiques inchangés),aucune,True,False,True,True,-9.71,13.47,0.982,False
pc_bureau,HP,Économique,c0,3,4,7,7,0.0,0.0,0.0,0.0,0.0,Stabilité réelle (prix et caractéristiques inchangés),aucune,True,False,True,True,-9.78,13.74,0.952,False
pc_bureau,LENOVO,Milieu de gamme,c0,1,2,6,6,0.0,0.0,0.0,0.0,0.0,Stabilité réelle (prix et caractéristiques inchangés),aucune,True,False,True,True,-21.18,18.84,0.96,False
pc_bureau,LENOVO,Milieu de gamme,c0,2,3,6,6,0.0,0.0,0.0,0.0,0.0,Stabilité réelle (prix et caractéristiques inchangés),aucune,True,False,True,True,-21.75,20.7,0.938,False
pc_bureau,LENOVO,Milieu de gamme,c0,3,4,6,6,0.0,0.0,0.0,0.0,0.0,Stabilité réelle (prix et caractéristiques inchangés),aucune,True,False,True,True,-23.11,20.43,0.966,False
pc_bureau,LENOVO,Premium,c0,1,2,7,7,0.0,0.0,0.0,0.0,0.0,Stabilité réelle (prix et caractéristiques inchangés),aucune,True,False,True,True,-16.75,13.79,0.938,False
pc_bureau,LENOVO,Premium,c0,2,3,7,7,0.0,0.0,0.0,0.0,0.0,Stabilité réelle (prix et caractéristiques inchangés),aucune,True,False,True,True,-17.59,14.19,0.988,False
pc_bureau,LENOVO,Premium,c0,3,4,7,7,0.0,0.0,0.0,0.0,0.0,Stabilité réelle (prix et caractéristiques inchangés),aucune,True,False,True,True,-18.07,15.69,1.0,False
pc_bureau,LENOVO,Économique,c0,1,2,7,7,0.0,0.0,0.0,0.0,0.0,Stabilité réelle (prix et caractéristiques inchangés),aucune,True,False,True,True,-16.2,14.85,0.974,False
pc_bureau,LENOVO,Économique,c0,2,3,7,6,1.26,-1.61,-1.52,3.27,2.87,Effectif du cluster modifié (7 → 6 produits) — lecture prix/qualité non isolable (cf. cause_principale='effectif'),effectif,False,False,False,True,-13.74,17.65,0.702,False
pc_bureau,LENOVO,Économique,c0,3,4,6,6,0.0,0.0,0.0,0.0,0.0,Stabilité réelle (prix et caractéristiques inchangés),aucune,True,False,True,True,-15.68,16.27,0.988,False
pc_bureau,MSI,Milieu de gamme,c0,1,2,25,25,-0.77,0.0,0.0,0.0,-0.77,Stabilité réelle (prix et caractéristiques inchangés),aucune,True,False,True,True,-9.4,7.41,0.916,False
pc_bureau,MSI,Milieu de gamme,c0,2,3,25,25,0.0,0.0,0.0,0.0,0.0,Stabilité réelle (prix et caractéristiques inchangés),aucune,True,False,True,True,-8.12,7.97,0.952,False
pc_bureau,MSI,Milieu de gamme,c0,3,4,25,25,-0.61,0.0,0.0,0.0,-0.61,Stabilité réelle (prix et caractéristiques inchangés),aucune,True,False,True,True,-9.14,7.26,0.904,False
pc_bureau,MSI,Premium,c0,1,2,8,8,0.0,0.0,0.0,0.0,0.0,Stabilité réelle (prix et caractéristiques inchangés),aucune,True,False,True,True,-34.17,27.07,0.98,False
pc_bureau,MSI,Premium,c0,2,3,8,8,0.0,0.0,0.0,0.0,0.0,Stabilité réelle (prix et caractéristiques inchangés),aucune,True,False,True,True,-35.45,25.55,0.996,False
pc_bureau,MSI,Premium,c0,3,4,8,8,0.0,0.0,0.0,0.0,0.0,Stabilité réelle (prix et caractéristiques inchangés),aucune,True,False,True,True,-36.26,25.94,1.0,False
pc_bureau,MSI,Premium,c1,1,2,19,19,0.0,0.0,0.0,0.0,0.0,Stabilité réelle (prix et caractéristiques inchangés),aucune,True,False,True,True,-3.73,3.5,0.978,False
pc_bureau,MSI,Premium,c1,2,3,19,19,0.0,0.0,0.0,0.0,0.0,Stabilité réelle (prix et caractéristiques inchangés),aucune,True,False,True,True,-3.82,3.71,0.988,False
pc_bureau,MSI,Premium,c1,3,4,19,19,-0.75,0.0,0.0,0.0,-0.75,Stabilité réelle (prix et caractéristiques inchangés),aucune,True,False,True,True,-5.21,3.86,0.784,False
pc_bureau,MSI,Économique,c0,1,2,15,15,0.0,0.0,0.0,0.0,0.0,Stabilité réelle (prix et caractéristiques inchangés),aucune,True,False,True,True,-3.28,3.29,0.938,False
pc_bureau,MSI,Économique,c0,2,3,15,15,-0.59,0.0,0.0,0.0,-0.59,Stabilité réelle (prix et caractéristiques inchangés),aucune,True,False,True,True,-3.88,3.05,0.716,False
pc_bureau,MSI,Économique,c0,3,4,15,15,0.0,0.0,0.0,0.0,0.0,Stabilité réelle (prix et caractéristiques inchangés),aucune,True,False,True,True,-3.16,3.14,0.988,False
pc_bureau,MSI,Économique,c1,1,2,15,14,0.37,1.74,0.18,1.07,-1.37,Effectif du cluster modifié (15 → 14 produits) — lecture prix/qualité non isolable (cf. cause_principale='effectif'),effectif,True,False,False,True,-14.79,10.33,0.856,False
pc_bureau,MSI,Économique,c1,2,3,14,12,4.38,4.41,0.45,2.7,-0.03,Effectif du cluster modifié (14 → 12 produits) — lecture prix/qualité non isolable (cf. cause_principale='effectif'),effectif,True,False,False,True,-14.92,13.4,0.992,False
pc_bureau,MSI,Économique,c1,3,4,12,12,0.0,0.0,0.0,0.0,0.0,Stabilité réelle (prix et caractéristiques inchangés),aucune,True,False,True,True,-17.04,13.25,1.0,False
pc_bureau,MYTEK,Milieu de gamme,c0,1,2,18,17,0.33,0.25,0.02,1.34,0.08,Effectif du cluster modifié (18 → 17 produits) — lecture prix/qualité non isolable (cf. cause_principale='effectif'),effectif,True,False,False,True,-6.84,7.01,0.97,False
pc_bureau,MYTEK,Milieu de gamme,c0,2,3,17,17,0.0,0.0,0.0,0.0,0.0,Stabilité réelle (prix et caractéristiques inchangés),aucune,True,False,True,True,-7.51,6.82,0.962,False
pc_bureau,MYTEK,Milieu de gamme,c0,3,4,17,17,-0.68,0.0,0.0,0.0,-0.68,Stabilité réelle (prix et caractéristiques inchangés),aucune,True,False,True,True,-7.31,6.61,0.864,False
pc_bureau,MYTEK,Premium,c0,1,2,8,8,0.0,0.0,0.0,0.0,0.0,Stabilité réelle (prix et caractéristiques inchangés),aucune,True,False,True,True,-24.84,22.61,1.0,False
pc_bureau,MYTEK,Premium,c0,2,3,8,8,0.0,0.0,0.0,0.0,0.0,Stabilité réelle (prix et caractéristiques inchangés),aucune,True,False,True,True,-24.67,24.98,0.948,False
pc_bureau,MYTEK,Premium,c0,3,4,8,7,2.69,-2.82,-0.45,2.22,5.51,Effectif du cluster modifié (8 → 7 produits) — lecture prix/qualité non isolable (cf. cause_principale='effectif'),effectif,False,False,False,True,-17.92,28.38,0.644,False
pc_bureau,MYTEK,Premium,c1,1,2,10,10,0.0,0.0,0.0,0.0,0.0,Stabilité réelle (prix et caractéristiques inchangés),aucune,True,False,True,True,-18.95,15.06,0.986,False
pc_bureau,MYTEK,Premium,c1,2,3,10,10,0.0,0.0,0.0,0.0,0.0,Stabilité réelle (prix et caractéristiques inchangés),aucune,True,False,True,True,-17.72,15.79,0.992,False
pc_bureau,MYTEK,Premium,c1,3,4,10,10,0.0,0.0,0.0,0.0,0.0,Stabilité réelle (prix et caractéristiques inchangés),aucune,True,False,True,True,-20.16,14.1,1.0,False
pc_bureau,MYTEK,Économique,c0,1,2,9,9,0.0,0.0,0.0,0.0,0.0,Stabilité réelle (prix et caractéristiques inchangés),aucune,True,False,True,True,-15.97,13.69,0.926,False
pc_bureau,MYTEK,Économique,c0,2,3,9,9,0.0,0.0,0.0,0.0,0.0,Stabilité réelle (prix et caractéristiques inchangés),aucune,True,False,True,True,-15.9,15.41,0.996,False
pc_bureau,MYTEK,Économique,c0,3,4,9,9,0.0,0.0,0.0,0.0,0.0,Stabilité réelle (prix et caractéristiques inchangés),aucune,True,False,True,True,-16.21,13.59,0.978,False
pc_bureau,MYTEK,Économique,c1,1,2,10,10,0.0,0.0,0.0,0.0,0.0,Stabilité réelle (prix et caractéristiques inchangés),aucune,True,False,True,True,-17.26,21.07,0.99,False
pc_bureau,MYTEK,Économique,c1,2,3,10,10,0.0,0.0,0.0,0.0,0.0,Stabilité réelle (prix et caractéristiques inchangés),aucune,True,False,True,True,-17.35,19.94,0.972,False
pc_bureau,MYTEK,Économique,c1,3,4,10,6,-2.08,-1.7,-0.02,1.28,-0.37,Effectif du cluster modifié (10 → 6 produits) — lecture prix/qualité non isolable (cf. cause_principale='effectif'),effectif,False,False,False,True,-18.76,28.93,0.992,False
pc_portables,ASUS,Milieu de gamme,c0,1,2,38,38,0.0,1.33,0.47,0.78,-1.33,Stabilité réelle (prix et caractéristiques inchangés),aucune,True,False,True,True,-8.41,6.37,0.716,False
pc_portables,ASUS,Milieu de gamme,c0,2,3,38,37,0.33,1.07,0.45,0.96,-0.75,Effectif du cluster modifié (38 → 37 produits) — lecture prix/qualité non isolable (cf. cause_principale='effectif'),effectif,True,False,False,True,-7.11,6.19,0.832,False
pc_portables,ASUS,Milieu de gamme,c0,3,4,37,37,0.0,0.0,0.0,0.0,0.0,Stabilité réelle (prix et caractéristiques inchangés),aucune,True,False,True,True,-6.17,6.92,0.98,False
pc_portables,ASUS,Milieu de gamme,c1,1,2,8,8,0.0,0.0,0.0,0.0,0.0,Stabilité réelle (prix et caractéristiques inchangés),aucune,True,False,True,True,-17.36,16.93,0.984,False
pc_portables,ASUS,Milieu de gamme,c1,2,3,8,8,0.0,0.66,1.86,0.12,-0.66,Stabilité réelle (prix et caractéristiques inchangés),aucune,True,False,True,True,-19.28,16.67,0.894,False
pc_portables,ASUS,Milieu de gamme,c1,3,4,8,8,-0.15,0.0,0.0,0.0,-0.15,Stabilité réelle (prix et caractéristiques inchangés),aucune,True,False,True,True,-18.33,17.75,0.978,False
pc_portables,ASUS,Premium,c0,1,2,8,8,0.0,0.0,0.0,0.0,0.0,Stabilité réelle (prix et caractéristiques inchangés),aucune,True,False,True,True,-37.02,36.26,1.0,False
pc_portables,ASUS,Premium,c0,2,3,8,8,-0.33,0.0,0.0,0.0,-0.33,Stabilité réelle (prix et caractéristiques inchangés),aucune,True,False,True,True,-34.63,37.8,1.0,False
pc_portables,ASUS,Premium,c0,3,4,8,8,-0.06,0.0,0.0,0.0,-0.06,Stabilité réelle (prix et caractéristiques inchangés),aucune,True,False,True,True,-34.52,35.44,1.0,False
pc_portables,ASUS,Premium,c1,1,2,9,9,0.0,5.75,5.56,1.27,-5.75,Amélioration technique non répercutée sur le prix (gain caché pour l'acheteur),qualite,True,False,True,True,-13.5,1.35,0.134,False
pc_portables,ASUS,Premium,c1,2,3,9,9,0.0,3.79,3.68,0.42,-3.79,Amélioration technique non répercutée sur le prix (gain caché pour l'acheteur),qualite,True,False,True,True,-11.83,3.66,0.36,False
pc_portables,ASUS,Premium,c1,3,4,9,8,-0.29,-0.82,-0.8,-0.8,0.54,Effectif du cluster modifié (9 → 8 produits) — lecture prix/qualité non isolable (cf. cause_principale='effectif'),effectif,True,False,False,True,-10.21,9.88,0.868,False
pc_portables,ASUS,Premium,c2,1,2,20,20,0.87,0.0,0.0,0.0,0.87,Stabilité réelle (prix et caractéristiques inchangés),aucune,True,False,True,True,-3.94,5.73,0.694,False
pc_portables,ASUS,Premium,c2,2,3,20,18,-0.96,1.25,1.14,0.89,-2.21,Effectif du cluster modifié (20 → 18 produits) — lecture prix/qualité non isolable (cf. cause_principale='effectif'),effectif,True,False,False,True,-6.84,2.58,0.358,False
pc_portables,ASUS,Premium,c2,3,4,18,18,0.0,0.0,0.0,0.0,0.0,Stabilité réelle (prix et caractéristiques inchangés),aucune,True,False,True,True,-4.87,4.52,0.994,False
pc_portables,ASUS,Premium,c3,1,2,10,10,0.0,0.0,0.0,0.0,0.0,Stabilité réelle (prix et caractéristiques inchangés),aucune,True,False,True,True,-27.82,24.69,0.998,False
pc_portables,ASUS,Premium,c3,2,3,10,9,3.48,6.46,5.78,1.7,-2.98,Effectif du cluster modifié (10 → 9 produits) — lecture prix/qualité non isolable (cf. cause_principale='effectif'),effectif,True,False,False,True,-33.1,23.82,0.928,False
pc_portables,ASUS,Premium,c3,3,4,9,9,0.0,0.0,0.0,0.0,0.0,Stabilité réelle (prix et caractéristiques inchangés),aucune,True,False,True,True,-30.1,24.77,0.98,False
pc_portables,ASUS,Économique,c0,1,2,17,15,0.51,-0.03,-0.05,0.55,0.54,Effectif du cluster modifié (17 → 15 produits) — lecture prix/qualité non isolable (cf. cause_principale='effectif'),effectif,True,False,False,True,-2.96,4.42,0.724,False
pc_portables,ASUS,Économique,c0,2,3,15,15,0.0,0.0,0.0,0.0,0.0,Stabilité réelle (prix et caractéristiques inchangés),aucune,True,False,True,True,-3.8,4.01,0.97,False
pc_portables,ASUS,Économique,c0,3,4,15,15,0.0,0.0,0.0,0.0,0.0,Stabilité réelle (prix et caractéristiques inchangés),aucune,True,False,True,True,-3.8,4.07,0.996,False
pc_portables,ASUS,Économique,c1,1,2,14,13,0.06,0.38,0.31,1.13,-0.32,Effectif du cluster modifié (14 → 13 produits) — lecture prix/qualité non isolable (cf. cause_principale='effectif'),effectif,True,False,False,True,-10.31,7.79,0.918,False
pc_portables,ASUS,Économique,c1,2,3,13,12,-0.28,-0.6,-0.4,-1.98,0.32,Effectif du cluster modifié (13 → 12 produits) — lecture prix/qualité non isolable (cf. cause_principale='effectif'),effectif,True,False,False,True,-10.61,9.0,0.914,False
pc_portables,ASUS,Économique,c1,3,4,12,12,0.0,0.0,0.0,0.0,0.0,Stabilité réelle (prix et caractéristiques inchangés),aucune,True,False,True,True,-11.14,9.48,0.972,False
pc_portables,ASUS,Économique,c2,1,2,5,5,0.0,0.0,0.0,0.0,0.0,Stabilité réelle (prix et caractéristiques inchangés),aucune,True,False,True,True,-3.57,4.34,0.976,False
pc_portables,ASUS,Économique,c2,2,3,5,5,0.0,0.0,0.0,0.0,0.0,Stabilité réelle (prix et caractéristiques inchangés),aucune,True,False,True,True,-3.66,4.34,0.958,False
pc_portables,ASUS,Économique,c2,3,4,5,5,0.0,0.0,0.0,0.0,0.0,Stabilité réelle (prix et caractéristiques inchangés),aucune,True,False,True,True,-3.63,4.52,0.956,False
pc_portables,ASUS,Économique,c3,1,2,11,11,0.0,0.0,0.0,0.0,0.0,Stabilité réelle (prix et caractéristiques inchangés),aucune,True,False,True,True,-11.65,9.74,0.998,False
pc_portables,ASUS,Économique,c3,2,3,11,10,-1.06,-1.45,-1.19,-1.3,0.39,Effectif du cluster modifié (11 → 10 produits) — lecture prix/qualité non isolable (cf. cause_principale='effectif'),effectif,True,False,False,True,-13.22,11.01,0.894,False
pc_portables,ASUS,Économique,c3,3,4,10,10,0.0,0.0,0.0,0.0,0.0,Stabilité réelle (prix et caractéristiques inchangés),aucune,True,False,True,True,-13.3,11.0,0.948,False
pc_portables,CHUWI,Gamme unique,c0,1,2,6,6,0.0,0.0,0.0,0.0,0.0,Stabilité réelle (prix et caractéristiques inchangés),aucune,True,False,True,True,-34.42,31.12,0.984,False
pc_portables,CHUWI,Gamme unique,c0,2,3,6,6,0.0,0.0,0.0,0.0,0.0,Stabilité réelle (prix et caractéristiques inchangés),aucune,True,False,True,True,-40.56,31.07,0.93,False
pc_portables,CHUWI,Gamme unique,c0,3,4,6,6,0.0,0.0,0.0,0.0,0.0,Stabilité réelle (prix et caractéristiques inchangés),aucune,True,False,True,True,-35.59,31.12,0.998,False
pc_portables,DELL,Milieu de gamme,c0,1,2,6,6,-8.65,0.0,0.0,0.0,-8.65,Baisse de prix non liée aux caractéristiques (promotion / remise réelle),prix,True,False,True,True,-30.77,6.65,0.296,False
pc_portables,DELL,Milieu de gamme,c0,2,3,6,5,-0.58,-0.75,-0.49,-2.63,0.17,Effectif du cluster modifié (6 → 5 produits) — lecture prix/qualité non isolable (cf. cause_principale='effectif'),effectif,True,False,False,True,-17.06,12.63,0.988,False
pc_portables,DELL,Milieu de gamme,c0,3,4,5,5,0.0,0.0,0.0,0.0,0.0,Stabilité réelle (prix et caractéristiques inchangés),aucune,True,False,True,True,-18.07,13.66,0.94,False
pc_portables,DELL,Milieu de gamme,c1,1,2,20,19,-0.59,-0.55,-0.51,-0.03,-0.04,Effectif du cluster modifié (20 → 19 produits) — lecture prix/qualité non isolable (cf. cause_principale='effectif'),effectif,True,False,False,True,-4.92,4.68,0.97,False
pc_portables,DELL,Milieu de gamme,c1,2,3,19,18,1.05,0.15,0.11,0.05,0.9,Effectif du cluster modifié (19 → 18 produits) — lecture prix/qualité non isolable (cf. cause_principale='effectif'),effectif,True,False,False,True,-3.84,5.69,0.712,False
pc_portables,DELL,Milieu de gamme,c1,3,4,18,18,0.0,0.0,0.0,0.0,0.0,Stabilité réelle (prix et caractéristiques inchangés),aucune,True,False,True,True,-4.38,4.84,0.982,False
pc_portables,DELL,Premium,c0,1,2,16,16,0.0,0.0,0.0,0.0,0.0,Stabilité réelle (prix et caractéristiques inchangés),aucune,True,False,True,True,-16.85,11.82,0.99,False
pc_portables,DELL,Premium,c0,2,3,16,16,0.0,0.0,0.0,0.0,0.0,Stabilité réelle (prix et caractéristiques inchangés),aucune,True,False,True,True,-17.99,12.15,0.992,False
pc_portables,DELL,Premium,c0,3,4,16,16,0.0,0.0,0.0,0.0,0.0,Stabilité réelle (prix et caractéristiques inchangés),aucune,True,False,True,True,-16.22,11.43,0.98,False
pc_portables,DELL,Premium,c1,1,2,8,8,0.0,0.0,0.0,0.0,0.0,Stabilité réelle (prix et caractéristiques inchangés),aucune,True,False,True,True,-26.59,18.92,0.99,False
pc_portables,DELL,Premium,c1,2,3,8,8,0.0,0.0,0.0,0.0,0.0,Stabilité réelle (prix et caractéristiques inchangés),aucune,True,False,True,True,-27.17,22.4,0.984,False
pc_portables,DELL,Premium,c1,3,4,8,8,0.0,0.0,0.0,0.0,0.0,Stabilité réelle (prix et caractéristiques inchangés),aucune,True,False,True,True,-29.03,20.63,0.974,False
pc_portables,DELL,Économique,c0,1,2,7,7,-1.5,0.0,0.0,0.0,-1.5,Stabilité réelle (prix et caractéristiques inchangés),aucune,True,False,True,True,-6.48,2.77,0.562,False
pc_portables,DELL,Économique,c0,2,3,7,7,0.0,0.0,0.0,0.0,0.0,Stabilité réelle (prix et caractéristiques inchangés),aucune,True,False,True,True,-5.61,5.44,0.984,False
pc_portables,DELL,Économique,c0,3,4,7,7,0.0,0.0,0.0,0.0,0.0,Stabilité réelle (prix et caractéristiques inchangés),aucune,True,False,True,True,-5.73,5.38,0.97,False
pc_portables,DELL,Économique,c1,1,2,11,10,-2.4,-2.21,-0.76,-0.95,-0.19,Effectif du cluster modifié (11 → 10 produits) — lecture prix/qualité non isolable (cf. cause_principale='effectif'),effectif,True,False,False,True,-10.85,8.45,0.982,False
pc_portables,DELL,Économique,c1,2,3,10,9,1.13,-1.27,-0.15,-0.25,2.4,Effectif du cluster modifié (10 → 9 produits) — lecture prix/qualité non isolable (cf. cause_principale='effectif'),effectif,True,False,False,True,-8.62,11.07,0.68,False
pc_portables,DELL,Économique,c1,3,4,9,9,0.0,0.0,0.0,0.0,0.0,Stabilité réelle (prix et caractéristiques inchangés),aucune,True,False,True,True,-11.27,8.61,0.972,False
pc_portables,DELL,Économique,c2,1,2,7,7,0.0,0.0,0.0,0.0,0.0,Stabilité réelle (prix et caractéristiques inchangés),aucune,True,False,True,True,-2.53,2.32,0.964,False
pc_portables,DELL,Économique,c2,2,3,7,7,0.0,0.0,0.0,0.0,0.0,Stabilité réelle (prix et caractéristiques inchangés),aucune,True,False,True,True,-2.68,2.44,0.966,False
pc_portables,DELL,Économique,c2,3,4,7,7,0.0,0.0,0.0,0.0,0.0,Stabilité réelle (prix et caractéristiques inchangés),aucune,True,False,True,True,-2.61,2.32,0.954,False
pc_portables,GIGABYTE,Milieu de gamme,c0,1,2,7,7,0.0,0.0,0.0,0.0,0.0,Stabilité réelle (prix et caractéristiques inchangés),aucune,True,False,True,True,-13.96,10.08,0.952,False
pc_portables,GIGABYTE,Milieu de gamme,c0,2,3,7,7,2.24,0.0,0.0,0.0,2.24,Stabilité réelle (prix et caractéristiques inchangés),aucune,True,False,True,True,-11.32,14.51,0.73,False
pc_portables,GIGABYTE,Milieu de gamme,c0,3,4,7,7,0.0,0.0,0.0,0.0,0.0,Stabilité réelle (prix et caractéristiques inchangés),aucune,True,False,True,True,-15.23,12.66,0.976,False
pc_portables,GIGABYTE,Premium,c0,1,2,7,7,0.0,0.0,0.0,0.0,0.0,Stabilité réelle (prix et caractéristiques inchangés),aucune,True,False,True,True,-58.43,38.39,0.966,False
pc_portables,GIGABYTE,Premium,c0,2,3,7,7,0.0,0.0,0.0,0.0,0.0,Stabilité réelle (prix et caractéristiques inchangés),aucune,True,False,True,True,-57.25,37.98,0.908,False
pc_portables,GIGABYTE,Premium,c0,3,4,7,7,0.0,0.0,0.0,0.0,0.0,Stabilité réelle (prix et caractéristiques inchangés),aucune,True,False,True,True,-57.07,37.67,0.97,False
pc_portables,GIGABYTE,Économique,c0,1,2,8,8,0.0,0.0,0.0,0.0,0.0,Stabilité réelle (prix et caractéristiques inchangés),aucune,True,False,True,True,-13.99,12.58,0.978,False
pc_portables,GIGABYTE,Économique,c0,2,3,8,7,-1.14,0.79,0.73,0.53,-1.93,Effectif du cluster modifié (8 → 7 produits) — lecture prix/qualité non isolable (cf. cause_principale='effectif'),effectif,True,False,False,True,-16.86,11.57,0.79,False
pc_portables,GIGABYTE,Économique,c0,3,4,7,7,0.0,0.0,0.0,0.0,0.0,Stabilité réelle (prix et caractéristiques inchangés),aucune,True,False,True,True,-15.14,13.73,0.962,False
pc_portables,HP,Milieu de gamme,c0,1,2,29,29,0.0,0.0,0.0,0.0,0.0,Stabilité réelle (prix et caractéristiques inchangés),aucune,True,False,True,True,-8.05,6.93,0.986,False
pc_portables,HP,Milieu de gamme,c0,2,3,29,25,0.01,-2.29,-2.28,-1.17,2.3,Effectif du cluster modifié (29 → 25 produits) — lecture prix/qualité non isolable (cf. cause_principale='effectif'),effectif,True,False,False,True,-5.15,9.47,0.586,False
pc_portables,HP,Milieu de gamme,c0,3,4,25,25,0.0,0.0,0.0,0.0,0.0,Stabilité réelle (prix et caractéristiques inchangés),aucune,True,False,True,True,-7.8,7.64,0.968,False
pc_portables,HP,Premium,c0,1,2,9,9,0.0,0.0,0.0,0.0,0.0,Stabilité réelle (prix et caractéristiques inchangés),aucune,True,False,True,True,-18.95,18.61,0.956,False
pc_portables,HP,Premium,c0,2,3,9,9,0.0,0.0,0.0,0.0,0.0,Stabilité réelle (prix et caractéristiques inchangés),aucune,True,False,True,True,-18.65,17.27,0.994,False
pc_portables,HP,Premium,c0,3,4,9,9,0.0,0.0,0.0,0.0,0.0,Stabilité réelle (prix et caractéristiques inchangés),aucune,True,False,True,True,-19.03,18.55,0.998,False
pc_portables,HP,Premium,c1,1,2,15,15,0.0,0.0,0.0,0.0,0.0,Stabilité réelle (prix et caractéristiques inchangés),aucune,True,False,True,True,-24.69,21.35,0.942,False
pc_portables,HP,Premium,c1,2,3,15,10,3.25,4.51,4.35,0.5,-1.26,Effectif du cluster modifié (15 → 10 produits) — lecture prix/qualité non isolable (cf. cause_principale='effectif'),effectif,True,False,False,True,-27.82,23.7,0.872,False
pc_portables,HP,Premium,c1,3,4,10,10,0.0,0.0,0.0,0.0,0.0,Stabilité réelle (prix et caractéristiques inchangés),aucune,True,False,True,True,-28.49,24.66,0.996,False
pc_portables,HP,Premium,c2,1,2,6,6,0.0,0.0,0.0,0.0,0.0,Stabilité réelle (prix et caractéristiques inchangés),aucune,True,False,True,True,-11.65,14.37,0.964,False
pc_portables,HP,Premium,c2,2,3,6,5,0.66,-1.2,-1.04,-1.9,1.85,Effectif du cluster modifié (6 → 5 produits) — lecture prix/qualité non isolable (cf. cause_principale='effectif'),effectif,True,False,False,True,-9.89,17.09,0.784,False
pc_portables,HP,Premium,c2,3,4,5,5,0.0,0.0,0.0,0.0,0.0,Stabilité réelle (prix et caractéristiques inchangés),aucune,True,False,True,True,-12.81,17.01,0.986,False
pc_portables,HP,Économique,c0,1,2,15,15,-0.65,0.0,0.0,0.0,-0.65,Stabilité réelle (prix et caractéristiques inchangés),aucune,True,False,True,True,-9.03,9.27,0.942,False
pc_portables,HP,Économique,c0,2,3,15,14,0.71,0.98,0.82,-0.22,-0.27,Effectif du cluster modifié (15 → 14 produits) — lecture prix/qualité non isolable (cf. cause_principale='effectif'),effectif,True,False,False,True,-8.73,8.71,0.978,False
pc_portables,HP,Économique,c0,3,4,14,15,-0.87,-0.97,-0.81,0.22,0.1,Effectif du cluster modifié (14 → 15 produits) — lecture prix/qualité non isolable (cf. cause_principale='effectif'),effectif,True,False,False,True,-8.76,9.37,0.932,False
pc_portables,HP,Économique,c1,1,2,6,6,0.0,0.0,0.0,0.0,0.0,Stabilité réelle (prix et caractéristiques inchangés),aucune,True,False,True,True,-8.24,7.07,0.938,False
pc_portables,HP,Économique,c1,2,3,6,6,0.0,0.0,0.0,0.0,0.0,Stabilité réelle (prix et caractéristiques inchangés),aucune,True,False,True,True,-7.92,7.12,0.98,False
pc_portables,HP,Économique,c1,3,4,6,6,0.0,0.0,0.0,0.0,0.0,Stabilité réelle (prix et caractéristiques inchangés),aucune,True,False,True,True,-7.8,7.03,0.992,False
pc_portables,HP,Économique,c2,1,2,11,11,0.0,0.0,0.0,0.0,0.0,Stabilité réelle (prix et caractéristiques inchangés),aucune,True,False,True,True,-6.09,5.61,0.94,False
pc_portables,HP,Économique,c2,2,3,11,9,0.45,0.65,0.63,0.51,-0.2,Effectif du cluster modifié (11 → 9 produits) — lecture prix/qualité non isolable (cf. cause_principale='effectif'),effectif,True,False,False,True,-6.49,6.0,0.87,False
pc_portables,HP,Économique,c2,3,4,9,9,0.0,0.0,0.0,0.0,0.0,Stabilité réelle (prix et caractéristiques inchangés),aucune,True,False,True,True,-6.95,6.78,0.978,False
pc_portables,LENOVO,Milieu de gamme,c0,1,2,11,11,0.0,0.0,0.0,0.0,0.0,Stabilité réelle (prix et caractéristiques inchangés),aucune,True,False,True,True,-5.56,5.1,0.982,False
pc_portables,LENOVO,Milieu de gamme,c0,2,3,11,11,0.0,0.0,0.0,0.0,0.0,Stabilité réelle (prix et caractéristiques inchangés),aucune,True,False,True,True,-5.04,5.35,0.954,False
pc_portables,LENOVO,Milieu de gamme,c0,3,4,11,11,0.0,0.0,0.0,0.0,0.0,Stabilité réelle (prix et caractéristiques inchangés),aucune,True,False,True,True,-5.76,5.26,0.956,False
pc_portables,LENOVO,Milieu de gamme,c1,1,2,11,11,0.0,0.0,0.0,0.0,0.0,Stabilité réelle (prix et caractéristiques inchangés),aucune,True,False,True,True,-5.58,6.03,0.974,False
pc_portables,LENOVO,Milieu de gamme,c1,2,3,11,11,0.0,0.0,0.0,0.0,0.0,Stabilité réelle (prix et caractéristiques inchangés),aucune,True,False,True,True,-5.91,5.63,0.954,False
pc_portables,LENOVO,Milieu de gamme,c1,3,4,11,11,0.0,0.0,0.0,0.0,0.0,Stabilité réelle (prix et caractéristiques inchangés),aucune,True,False,True,True,-5.22,5.92,0.924,False
pc_portables,LENOVO,Milieu de gamme,c2,1,2,12,12,0.0,0.0,0.0,0.0,0.0,Stabilité réelle (prix et caractéristiques inchangés),aucune,True,False,True,True,-16.5,17.71,0.952,False
pc_portables,LENOVO,Milieu de gamme,c2,2,3,12,12,0.0,0.0,0.0,0.0,0.0,Stabilité réelle (prix et caractéristiques inchangés),aucune,True,False,True,True,-15.01,17.64,0.968,False
pc_portables,LENOVO,Milieu de gamme,c2,3,4,12,12,0.0,0.0,0.0,0.0,0.0,Stabilité réelle (prix et caractéristiques inchangés),aucune,True,False,True,True,-15.62,16.52,0.97,False
pc_portables,LENOVO,Milieu de gamme,c3,1,2,7,7,-0.46,0.0,0.0,0.0,-0.46,Stabilité réelle (prix et caractéristiques inchangés),aucune,True,False,True,True,-17.69,14.22,0.996,False
pc_portables,LENOVO,Milieu de gamme,c3,2,3,7,7,0.0,0.0,0.0,0.0,0.0,Stabilité réelle (prix et caractéristiques inchangés),aucune,True,False,True,True,-17.48,15.05,0.962,False
pc_portables,LENOVO,Milieu de gamme,c3,3,4,7,7,0.0,0.0,0.0,0.0,0.0,Stabilité réelle (prix et caractéristiques inchangés),aucune,True,False,True,True,-17.45,14.12,0.964,False
pc_portables,LENOVO,Premium,c0,1,2,32,32,-0.1,0.0,0.0,0.0,-0.1,Stabilité réelle (prix et caractéristiques inchangés),aucune,True,False,True,True,-7.73,8.54,0.984,False
pc_portables,LENOVO,Premium,c0,2,3,32,27,-2.64,-0.5,-0.11,-2.2,-2.14,Effectif du cluster modifié (32 → 27 produits) — lecture prix/qualité non isolable (cf. cause_principale='effectif'),effectif,True,False,False,True,-9.49,5.76,0.614,False
pc_portables,LENOVO,Premium,c0,3,4,27,27,0.0,0.0,0.0,0.0,0.0,Stabilité réelle (prix et caractéristiques inchangés),aucune,True,False,True,True,-7.24,7.95,0.982,False
pc_portables,LENOVO,Premium,c1,1,2,10,10,0.0,0.0,0.0,0.0,0.0,Stabilité réelle (prix et caractéristiques inchangés),aucune,True,False,True,True,-26.93,22.96,0.91,False
pc_portables,LENOVO,Premium,c1,2,3,10,10,0.0,0.0,0.0,0.0,0.0,Stabilité réelle (prix et caractéristiques inchangés),aucune,True,False,True,True,-26.17,24.58,0.966,False
pc_portables,LENOVO,Premium,c1,3,4,10,10,0.0,0.0,0.0,0.0,0.0,Stabilité réelle (prix et caractéristiques inchangés),aucune,True,False,True,True,-24.88,25.35,0.96,False
pc_portables,LENOVO,Économique,c0,1,2,8,8,0.0,0.0,0.0,0.0,0.0,Stabilité réelle (prix et caractéristiques inchangés),aucune,True,False,True,True,-8.8,8.61,0.942,False
pc_portables,LENOVO,Économique,c0,2,3,8,7,1.65,1.89,1.82,1.46,-0.24,Effectif du cluster modifié (8 → 7 produits) — lecture prix/qualité non isolable (cf. cause_principale='effectif'),effectif,True,False,False,True,-10.14,9.18,0.898,False
pc_portables,LENOVO,Économique,c0,3,4,7,7,0.0,0.0,0.0,0.0,0.0,Stabilité réelle (prix et caractéristiques inchangés),aucune,True,False,True,True,-11.91,10.32,0.992,False
pc_portables,LENOVO,Économique,c1,1,2,18,17,-1.15,-0.01,0.21,0.22,-1.14,Effectif du cluster modifié (18 → 17 produits) — lecture prix/qualité non isolable (cf. cause_principale='effectif'),effectif,True,False,False,True,-5.19,3.12,0.636,False
pc_portables,LENOVO,Économique,c1,2,3,17,13,-0.21,0.72,-0.07,-0.1,-0.92,Effectif du cluster modifié (17 → 13 produits) — lecture prix/qualité non isolable (cf. cause_principale='effectif'),effectif,True,False,False,True,-5.14,3.47,0.692,False
pc_portables,LENOVO,Économique,c1,3,4,13,15,0.5,-0.5,0.28,0.3,1.0,Effectif du cluster modifié (13 → 15 produits) — lecture prix/qualité non isolable (cf. cause_principale='effectif'),effectif,True,False,False,True,-3.62,5.73,0.69,False
pc_portables,LENOVO,Économique,c2,1,2,11,10,1.23,0.67,0.71,1.6,0.56,Effectif du cluster modifié (11 → 10 produits) — lecture prix/qualité non isolable (cf. cause_principale='effectif'),effectif,True,False,False,True,-5.34,6.24,0.894,False
pc_portables,LENOVO,Économique,c2,2,3,10,9,-0.61,-0.36,-0.45,-3.34,-0.24,Effectif du cluster modifié (10 → 9 produits) — lecture prix/qualité non isolable (cf. cause_principale='effectif'),effectif,True,False,False,True,-6.74,6.08,0.95,False
pc_portables,LENOVO,Économique,c2,3,4,9,9,0.0,0.0,0.0,0.0,0.0,Stabilité réelle (prix et caractéristiques inchangés),aucune,True,False,True,True,-7.18,6.72,0.978,False
pc_portables,LENOVO,Économique,c3,1,2,5,5,0.0,0.0,0.0,0.0,0.0,Stabilité réelle (prix et caractéristiques inchangés),aucune,True,False,True,True,-6.99,6.2,0.998,False
pc_portables,LENOVO,Économique,c3,2,3,5,5,0.0,0.0,0.0,0.0,0.0,Stabilité réelle (prix et caractéristiques inchangés),aucune,True,False,True,True,-7.05,5.62,0.998,False
pc_portables,LENOVO,Économique,c3,3,4,5,5,0.0,0.0,0.0,0.0,0.0,Stabilité réelle (prix et caractéristiques inchangés),aucune,True,False,True,True,-6.5,5.46,0.986,False
pc_portables,MSI,Milieu de gamme,c0,1,2,6,6,-2.93,0.0,0.0,0.0,-2.93,Stabilité réelle (prix et caractéristiques inchangés),aucune,True,False,True,True,-24.94,17.93,0.76,False
pc_portables,MSI,Milieu de gamme,c0,2,3,6,6,0.0,0.0,0.0,0.0,0.0,Stabilité réelle (prix et caractéristiques inchangés),aucune,True,False,True,True,-21.32,20.79,0.988,False
pc_portables,MSI,Milieu de gamme,c0,3,4,6,6,0.0,0.0,0.0,0.0,0.0,Stabilité réelle (prix et caractéristiques inchangés),aucune,True,False,True,True,-24.3,21.93,0.974,False
pc_portables,MSI,Milieu de gamme,c1,1,2,10,10,-3.18,0.0,0.0,0.0,-3.18,Baisse de prix non liée aux caractéristiques (promotion / remise réelle),prix,True,False,True,True,-16.15,8.01,0.598,False
pc_portables,MSI,Milieu de gamme,c1,2,3,10,10,-0.35,0.0,0.0,0.0,-0.35,Stabilité réelle (prix et caractéristiques inchangés),aucune,True,False,True,True,-10.8,10.1,0.984,False
pc_portables,MSI,Milieu de gamme,c1,3,4,10,10,-0.42,0.0,0.0,0.0,-0.42,Stabilité réelle (prix et caractéristiques inchangés),aucune,True,False,True,True,-11.31,9.98,0.938,False
pc_portables,MSI,Milieu de gamme,c2,1,2,5,4,-1.56,-5.74,-5.67,-4.33,4.18,Effectif du cluster modifié (5 → 4 produits) — lecture prix/qualité non isolable (cf. cause_principale='effectif'),effectif,True,False,False,True,-10.36,21.12,0.628,False
pc_portables,MSI,Milieu de gamme,c2,2,3,4,4,0.0,0.0,0.0,0.0,0.0,Stabilité réelle (prix et caractéristiques inchangés),aucune,True,False,True,True,-9.98,10.13,0.996,False
pc_portables,MSI,Milieu de gamme,c2,3,4,4,4,0.0,0.0,0.0,0.0,0.0,Stabilité réelle (prix et caractéristiques inchangés),aucune,True,False,True,True,-10.39,10.09,0.928,False
pc_portables,MSI,Premium,c0,1,2,22,22,-1.2,0.0,0.0,0.0,-1.2,Stabilité réelle (prix et caractéristiques inchangés),aucune,True,False,True,True,-10.91,8.43,0.866,False
pc_portables,MSI,Premium,c0,2,3,22,22,0.0,0.0,0.0,0.0,0.0,Stabilité réelle (prix et caractéristiques inchangés),aucune,True,False,True,True,-10.11,10.26,0.998,False
pc_portables,MSI,Premium,c0,3,4,22,22,0.0,0.0,0.0,0.0,0.0,Stabilité réelle (prix et caractéristiques inchangés),aucune,True,False,True,True,-10.13,9.27,0.964,False
pc_portables,MSI,Économique,c0,1,2,10,6,-4.25,-2.59,-2.56,-1.61,-1.65,Effectif du cluster modifié (10 → 6 produits) — lecture prix/qualité non isolable (cf. cause_principale='effectif'),effectif,True,False,False,True,-14.34,12.01,0.802,False
pc_portables,MSI,Économique,c0,2,3,6,6,0.0,0.0,0.0,0.0,0.0,Stabilité réelle (prix et caractéristiques inchangés),aucune,True,False,True,True,-16.72,16.39,0.99,False
pc_portables,MSI,Économique,c0,3,4,6,6,0.0,0.0,0.0,0.0,0.0,Stabilité réelle (prix et caractéristiques inchangés),aucune,True,False,True,True,-16.04,16.47,0.968,False
pc_portables,MSI,Économique,c1,1,2,7,7,0.0,0.0,0.0,0.0,0.0,Stabilité réelle (prix et caractéristiques inchangés),aucune,True,False,True,True,-9.8,8.63,0.976,False
pc_portables,MSI,Économique,c1,2,3,7,7,0.0,0.0,0.0,0.0,0.0,Stabilité réelle (prix et caractéristiques inchangés),aucune,True,False,True,True,-8.39,9.41,0.994,False
pc_portables,MSI,Économique,c1,3,4,7,7,0.0,0.0,0.0,0.0,0.0,Stabilité réelle (prix et caractéristiques inchangés),aucune,True,False,True,True,-9.62,8.12,0.958,False
pc_portables,MSI,Économique,c2,1,2,7,6,-0.58,-0.16,-0.17,0.76,-0.43,Effectif du cluster modifié (7 → 6 produits) — lecture prix/qualité non isolable (cf. cause_principale='effectif'),effectif,True,False,False,True,-13.01,12.07,0.988,False
pc_portables,MSI,Économique,c2,2,3,6,6,0.0,0.0,0.0,0.0,0.0,Stabilité réelle (prix et caractéristiques inchangés),aucune,True,False,True,True,-12.45,13.65,0.988,False
pc_portables,MSI,Économique,c2,3,4,6,6,0.0,0.0,0.0,0.0,0.0,Stabilité réelle (prix et caractéristiques inchangés),aucune,True,False,True,True,-13.68,14.17,0.974,False
smartphones,HONOR,Milieu de gamme,c0,1,2,10,7,0.79,-11.79,-13.28,-0.91,12.58,Effectif du cluster modifié (10 → 7 produits) — lecture prix/qualité non isolable (cf. cause_principale='effectif'),effectif,True,False,False,True,-13.56,32.44,0.294,False
smartphones,HONOR,Milieu de gamme,c0,2,3,7,7,0.0,0.0,0.0,0.0,0.0,Stabilité réelle (prix et caractéristiques inchangés),aucune,True,False,True,True,-23.07,21.94,0.952,False
smartphones,HONOR,Milieu de gamme,c0,3,4,7,6,1.46,-6.64,-7.7,1.0,8.1,Effectif du cluster modifié (7 → 6 produits) — lecture prix/qualité non isolable (cf. cause_principale='effectif'),effectif,False,False,False,True,-7.89,26.68,0.356,False
smartphones,HONOR,Premium,c0,1,2,10,10,0.0,0.0,0.0,0.0,0.0,Stabilité réelle (prix et caractéristiques inchangés),aucune,True,False,True,True,-18.96,18.84,0.992,False
smartphones,HONOR,Premium,c0,2,3,10,10,0.0,0.0,0.0,0.0,0.0,Stabilité réelle (prix et caractéristiques inchangés),aucune,True,False,True,True,-18.6,21.31,0.954,False
smartphones,HONOR,Premium,c0,3,4,10,10,0.0,0.0,0.0,0.0,0.0,Stabilité réelle (prix et caractéristiques inchangés),aucune,True,False,True,True,-19.64,19.13,0.93,False
smartphones,HONOR,Économique,c0,1,2,10,9,0.77,0.26,1.43,-4.01,0.51,Effectif du cluster modifié (10 → 9 produits) — lecture prix/qualité non isolable (cf. cause_principale='effectif'),effectif,False,False,False,True,-7.41,8.65,0.92,False
smartphones,HONOR,Économique,c0,2,3,9,9,0.0,0.0,0.0,0.0,0.0,Stabilité réelle (prix et caractéristiques inchangés),aucune,True,False,True,True,-8.9,8.41,0.992,False
smartphones,HONOR,Économique,c0,3,4,9,9,0.0,0.0,0.0,0.0,0.0,Stabilité réelle (prix et caractéristiques inchangés),aucune,True,False,True,True,-8.26,8.64,0.998,False
smartphones,INFINIX,Milieu de gamme,c0,1,2,9,8,-1.04,-7.04,-7.93,-2.1,6.0,Effectif du cluster modifié (9 → 8 produits) — lecture prix/qualité non isolable (cf. cause_principale='effectif'),effectif,True,False,False,True,-2.65,16.72,0.386,False
smartphones,INFINIX,Milieu de gamme,c0,2,3,8,8,0.0,0.0,0.0,0.0,0.0,Stabilité réelle (prix et caractéristiques inchangés),aucune,True,False,True,True,-3.55,2.44,0.828,False
smartphones,INFINIX,Milieu de gamme,c0,3,4,8,8,0.0,0.0,0.0,0.0,0.0,Stabilité réelle (prix et caractéristiques inchangés),aucune,True,False,True,True,-3.55,2.44,0.8,False
smartphones,INFINIX,Premium,c0,1,2,5,5,0.0,0.0,0.0,0.0,0.0,Stabilité réelle (prix et caractéristiques inchangés),aucune,True,False,True,True,-5.36,6.24,0.736,False
smartphones,INFINIX,Premium,c0,2,3,5,5,0.0,0.0,0.0,0.0,0.0,Stabilité réelle (prix et caractéristiques inchangés),aucune,True,False,True,True,-5.36,6.24,0.742,False
smartphones,INFINIX,Premium,c0,3,4,5,5,0.0,0.0,0.0,0.0,0.0,Stabilité réelle (prix et caractéristiques inchangés),aucune,True,False,True,True,-5.36,6.24,0.74,False
smartphones,INFINIX,Économique,c0,1,2,8,8,1.16,0.0,0.0,0.0,1.16,Stabilité réelle (prix et caractéristiques inchangés),aucune,True,False,True,True,-2.97,5.47,0.58,False
smartphones,INFINIX,Économique,c0,2,3,8,8,0.0,0.0,0.0,0.0,0.0,Stabilité réelle (prix et caractéristiques inchangés),aucune,True,False,True,True,-4.63,4.86,0.794,False
smartphones,INFINIX,Économique,c0,3,4,8,8,0.0,0.0,0.0,0.0,0.0,Stabilité réelle (prix et caractéristiques inchangés),aucune,True,False,True,True,-4.63,4.86,0.856,False
smartphones,LESIA,Premium,c0,1,2,6,6,0.0,0.0,0.0,0.0,0.0,Stabilité réelle (prix et caractéristiques inchangés),aucune,True,False,True,True,-17.6,13.76,0.788,False
smartphones,LESIA,Premium,c0,2,3,6,6,0.0,0.0,0.0,0.0,0.0,Stabilité réelle (prix et caractéristiques inchangés),aucune,True,False,True,True,-17.6,13.76,0.794,False
smartphones,LESIA,Premium,c0,3,4,6,6,0.0,0.0,0.0,0.0,0.0,Stabilité réelle (prix et caractéristiques inchangés),aucune,True,False,True,True,-17.6,13.76,0.812,False
smartphones,LESIA,Économique,c0,1,2,6,6,0.0,0.0,0.0,0.0,0.0,Stabilité réelle (prix et caractéristiques inchangés),aucune,True,False,True,True,-14.15,12.31,0.988,False
smartphones,LESIA,Économique,c0,2,3,6,6,0.0,0.0,0.0,0.0,0.0,Stabilité réelle (prix et caractéristiques inchangés),aucune,True,False,True,True,-13.01,11.15,0.952,False
smartphones,LESIA,Économique,c0,3,4,6,6,0.0,0.0,0.0,0.0,0.0,Stabilité réelle (prix et caractéristiques inchangés),aucune,True,False,True,True,-11.21,11.3,0.952,False
smartphones,OPPO,Milieu de gamme,c0,1,2,7,7,0.0,0.0,0.0,0.0,0.0,Stabilité réelle (prix et caractéristiques inchangés),aucune,True,False,True,True,-14.21,12.96,0.956,False
smartphones,OPPO,Milieu de gamme,c0,2,3,7,7,0.0,0.0,0.0,0.0,0.0,Stabilité réelle (prix et caractéristiques inchangés),aucune,True,False,True,True,-13.19,12.87,0.994,False
smartphones,OPPO,Milieu de gamme,c0,3,4,7,7,0.0,0.0,0.0,0.0,0.0,Stabilité réelle (prix et caractéristiques inchangés),aucune,True,False,True,True,-13.19,12.89,0.964,False
smartphones,OPPO,Premium,c0,1,2,7,7,0.0,0.0,0.0,0.0,0.0,Stabilité réelle (prix et caractéristiques inchangés),aucune,True,False,True,True,-11.83,8.61,0.998,False
smartphones,OPPO,Premium,c0,2,3,7,6,-3.83,-5.9,-6.42,-4.3,2.07,Effectif du cluster modifié (7 → 6 produits) — lecture prix/qualité non isolable (cf. cause_principale='effectif'),effectif,True,False,False,True,-8.86,9.33,0.67,False
smartphones,OPPO,Premium,c0,3,4,6,6,0.0,0.0,0.0,0.0,0.0,Stabilité réelle (prix et caractéristiques inchangés),aucune,True,False,True,True,-11.59,8.01,0.93,False
smartphones,OPPO,Économique,c0,1,2,8,7,1.11,-0.21,0.41,1.12,1.32,Effectif du cluster modifié (8 → 7 produits) — lecture prix/qualité non isolable (cf. cause_principale='effectif'),effectif,True,False,False,True,-4.36,7.21,0.67,False
smartphones,OPPO,Économique,c0,2,3,7,7,0.0,0.0,0.0,0.0,0.0,Stabilité réelle (prix et caractéristiques inchangés),aucune,True,False,True,True,-5.74,5.96,0.97,False
smartphones,OPPO,Économique,c0,3,4,7,7,0.0,0.0,0.0,0.0,0.0,Stabilité réelle (prix et caractéristiques inchangés),aucune,True,False,True,True,-5.65,5.83,0.976,False
smartphones,OSCAL,Gamme unique,c0,1,2,7,7,0.0,0.0,0.0,0.0,0.0,Stabilité réelle (prix et caractéristiques inchangés),aucune,True,False,True,True,-11.5,14.33,0.984,False
smartphones,OSCAL,Gamme unique,c0,2,3,7,7,0.0,0.0,0.0,0.0,0.0,Stabilité réelle (prix et caractéristiques inchangés),aucune,True,False,True,True,-11.65,14.27,0.972,False
smartphones,OSCAL,Gamme unique,c0,3,4,7,7,0.0,0.0,0.0,0.0,0.0,Stabilité réelle (prix et caractéristiques inchangés),aucune,True,False,True,True,-11.53,14.18,0.948,False
smartphones,SAMSUNG,Milieu de gamme,c0,1,2,12,12,0.0,0.0,0.0,0.0,0.0,Stabilité réelle (prix et caractéristiques inchangés),aucune,True,False,True,True,-4.88,5.24,0.948,False
smartphones,SAMSUNG,Milieu de gamme,c0,2,3,12,12,0.0,0.0,0.0,0.0,0.0,Stabilité réelle (prix et caractéristiques inchangés),aucune,True,False,True,True,-4.88,4.69,0.98,False
smartphones,SAMSUNG,Milieu de gamme,c0,3,4,12,12,0.0,0.0,0.0,0.0,0.0,Stabilité réelle (prix et caractéristiques inchangés),aucune,True,False,True,True,-5.01,5.28,0.978,False
smartphones,SAMSUNG,Milieu de gamme,c1,1,2,9,9,0.0,0.0,0.0,0.0,0.0,Stabilité réelle (prix et caractéristiques inchangés),aucune,True,False,True,True,-14.19,13.5,0.954,False
smartphones,SAMSUNG,Milieu de gamme,c1,2,3,9,9,0.0,0.0,0.0,0.0,0.0,Stabilité réelle (prix et caractéristiques inchangés),aucune,True,False,True,True,-13.98,12.3,0.992,False
smartphones,SAMSUNG,Milieu de gamme,c1,3,4,9,9,0.0,0.0,0.0,0.0,0.0,Stabilité réelle (prix et caractéristiques inchangés),aucune,True,False,True,True,-14.43,13.22,0.978,False
smartphones,SAMSUNG,Milieu de gamme,c2,1,2,6,6,0.0,0.0,0.0,0.0,0.0,Stabilité réelle (prix et caractéristiques inchangés),aucune,True,False,True,True,-11.38,12.62,0.84,False
smartphones,SAMSUNG,Milieu de gamme,c2,2,3,6,6,0.0,0.0,0.0,0.0,0.0,Stabilité réelle (prix et caractéristiques inchangés),aucune,True,False,True,True,-11.38,12.62,0.864,False
smartphones,SAMSUNG,Milieu de gamme,c2,3,4,6,6,0.0,0.0,0.0,0.0,0.0,Stabilité réelle (prix et caractéristiques inchangés),aucune,True,False,True,True,-11.38,12.62,0.834,False
smartphones,SAMSUNG,Premium,c0,1,2,16,15,0.02,0.1,0.01,-0.03,-0.08,Effectif du cluster modifié (16 → 15 produits) — lecture prix/qualité non isolable (cf. cause_principale='effectif'),effectif,True,False,False,True,-24.43,13.03,0.972,False
smartphones,SAMSUNG,Premium,c0,2,3,15,15,0.0,0.0,0.0,0.0,0.0,Stabilité réelle (prix et caractéristiques inchangés),aucune,True,False,True,True,-22.98,13.41,0.948,False
smartphones,SAMSUNG,Premium,c0,3,4,15,15,0.0,0.0,0.0,0.0,0.0,Stabilité réelle (prix et caractéristiques inchangés),aucune,True,False,True,True,-24.63,13.07,0.982,False
smartphones,SAMSUNG,Premium,c1,1,2,9,9,0.0,0.0,0.0,0.0,0.0,Stabilité réelle (prix et caractéristiques inchangés),aucune,True,False,True,True,-21.48,13.77,0.96,False
smartphones,SAMSUNG,Premium,c1,2,3,9,8,3.09,4.32,1.25,1.25,-1.23,Effectif du cluster modifié (9 → 8 produits) — lecture prix/qualité non isolable (cf. cause_principale='effectif'),effectif,True,False,False,True,-27.3,15.05,0.892,False
smartphones,SAMSUNG,Premium,c1,3,4,8,9,-3.0,-4.14,-1.23,-1.23,1.14,Effectif du cluster modifié (8 → 9 produits) — lecture prix/qualité non isolable (cf. cause_principale='effectif'),effectif,True,False,False,True,-19.9,15.88,0.78,False
smartphones,SAMSUNG,Économique,c0,1,2,15,15,0.0,0.0,0.0,0.0,0.0,Stabilité réelle (prix et caractéristiques inchangés),aucune,True,False,True,True,-9.4,9.78,0.966,False
smartphones,SAMSUNG,Économique,c0,2,3,15,15,0.0,0.0,0.0,0.0,0.0,Stabilité réelle (prix et caractéristiques inchangés),aucune,True,False,True,True,-9.22,9.87,0.968,False
smartphones,SAMSUNG,Économique,c0,3,4,15,15,0.0,0.0,0.0,0.0,0.0,Stabilité réelle (prix et caractéristiques inchangés),aucune,True,False,True,True,-9.81,9.46,0.962,False
smartphones,SAMSUNG,Économique,c1,1,2,6,5,0.07,-6.37,-6.66,-6.11,6.44,Effectif du cluster modifié (6 → 5 produits) — lecture prix/qualité non isolable (cf. cause_principale='effectif'),effectif,True,False,False,True,-19.65,18.68,0.542,False
smartphones,SAMSUNG,Économique,c1,2,3,5,5,0.0,0.0,0.0,0.0,0.0,Stabilité réelle (prix et caractéristiques inchangés),aucune,True,False,True,True,-31.72,11.58,0.946,False
smartphones,SAMSUNG,Économique,c1,3,4,5,5,0.0,0.0,0.0,0.0,0.0,Stabilité réelle (prix et caractéristiques inchangés),aucune,True,False,True,True,-31.69,10.29,0.956,False
smartphones,SAMSUNG,Économique,c2,1,2,6,6,0.0,0.0,0.0,0.0,0.0,Stabilité réelle (prix et caractéristiques inchangés),aucune,True,False,True,True,-2.44,1.79,0.774,False
smartphones,SAMSUNG,Économique,c2,2,3,6,6,0.0,0.0,0.0,0.0,0.0,Stabilité réelle (prix et caractéristiques inchangés),aucune,True,False,True,True,-2.44,1.79,0.806,False
smartphones,SAMSUNG,Économique,c2,3,4,6,6,0.0,0.0,0.0,0.0,0.0,Stabilité réelle (prix et caractéristiques inchangés),aucune,True,False,True,True,-2.44,1.79,0.768,False
smartphones,TECNO,Gamme unique,c0,1,2,6,4,-0.28,-0.58,-0.7,0.86,0.3,Effectif du cluster modifié (6 → 4 produits) — lecture prix/qualité non isolable (cf. cause_principale='effectif'),effectif,False,False,False,True,-0.05,0.89,0.174,False
smartphones,TECNO,Gamme unique,c0,2,3,4,4,0.0,0.0,0.0,0.0,0.0,Stabilité réelle (prix et caractéristiques inchangés),aucune,True,False,True,True,-0.07,0.06,0.794,False
smartphones,TECNO,Gamme unique,c0,3,4,4,4,0.0,0.0,0.0,0.0,0.0,Stabilité réelle (prix et caractéristiques inchangés),aucune,True,False,True,True,-0.07,0.06,0.746,False
smartphones,VIVO,Milieu de gamme,c0,1,2,9,9,0.0,0.0,0.0,0.0,0.0,Stabilité réelle (prix et caractéristiques inchangés),aucune,True,False,True,True,-19.59,16.08,0.962,False
smartphones,VIVO,Milieu de gamme,c0,2,3,9,9,0.0,0.0,0.0,0.0,0.0,Stabilité réelle (prix et caractéristiques inchangés),aucune,True,False,True,True,-19.8,17.06,0.994,False
smartphones,VIVO,Milieu de gamme,c0,3,4,9,9,0.0,0.0,0.0,0.0,0.0,Stabilité réelle (prix et caractéristiques inchangés),aucune,True,False,True,True,-19.15,16.23,0.952,False
smartphones,VIVO,Premium,c0,1,2,7,7,0.0,0.0,0.0,0.0,0.0,Stabilité réelle (prix et caractéristiques inchangés),aucune,True,False,True,True,-22.61,16.08,0.998,False
smartphones,VIVO,Premium,c0,2,3,7,7,0.0,0.0,0.0,0.0,0.0,Stabilité réelle (prix et caractéristiques inchangés),aucune,True,False,True,True,-25.67,16.22,0.998,False
smartphones,VIVO,Premium,c0,3,4,7,7,0.0,0.0,0.0,0.0,0.0,Stabilité réelle (prix et caractéristiques inchangés),aucune,True,False,True,True,-23.62,15.02,0.98,False
smartphones,VIVO,Économique,c0,1,2,8,5,-6.68,-4.16,-2.01,-10.77,-2.52,Effectif du cluster modifié (8 → 5 produits) — lecture prix/qualité non isolable (cf. cause_principale='effectif'),effectif,True,False,False,True,-7.06,1.94,0.266,False
smartphones,VIVO,Économique,c0,2,3,5,5,0.0,0.0,0.0,0.0,0.0,Stabilité réelle (prix et caractéristiques inchangés),aucune,True,False,True,True,-3.72,4.07,0.89,False
smartphones,VIVO,Économique,c0,3,4,5,5,0.0,0.0,0.0,0.0,0.0,Stabilité réelle (prix et caractéristiques inchangés),aucune,True,False,True,True,-3.72,4.07,0.928,False
smartphones,XIAOMI,Milieu de gamme,c0,1,2,14,14,0.0,0.0,0.0,0.0,0.0,Stabilité réelle (prix et caractéristiques inchangés),aucune,True,False,True,True,-17.34,14.57,0.984,False
smartphones,XIAOMI,Milieu de gamme,c0,2,3,14,14,0.0,0.0,0.0,0.0,0.0,Stabilité réelle (prix et caractéristiques inchangés),aucune,True,False,True,True,-17.06,14.24,0.976,False
smartphones,XIAOMI,Milieu de gamme,c0,3,4,14,14,0.0,0.0,0.0,0.0,0.0,Stabilité réelle (prix et caractéristiques inchangés),aucune,True,False,True,True,-17.84,14.02,0.958,False
smartphones,XIAOMI,Premium,c0,1,2,15,15,0.0,0.0,0.0,0.0,0.0,Stabilité réelle (prix et caractéristiques inchangés),aucune,True,False,True,True,-10.97,9.06,0.976,False
smartphones,XIAOMI,Premium,c0,2,3,15,15,0.0,0.0,0.0,0.0,0.0,Stabilité réelle (prix et caractéristiques inchangés),aucune,True,False,True,True,-10.28,9.29,0.982,False
smartphones,XIAOMI,Premium,c0,3,4,15,15,0.0,0.0,0.0,0.0,0.0,Stabilité réelle (prix et caractéristiques inchangés),aucune,True,False,True,True,-11.65,9.27,0.938,False
smartphones,XIAOMI,Économique,c0,1,2,20,17,-1.24,-0.56,-2.07,-2.02,-0.68,Effectif du cluster modifié (20 → 17 produits) — lecture prix/qualité non isolable (cf. cause_principale='effectif'),effectif,True,False,False,True,-6.76,5.7,0.89,False
smartphones,XIAOMI,Économique,c0,2,3,17,17,0.0,0.0,0.0,0.0,0.0,Stabilité réelle (prix et caractéristiques inchangés),aucune,True,False,True,True,-6.44,5.92,0.97,False
smartphones,XIAOMI,Économique,c0,3,4,17,17,0.0,0.0,0.0,0.0,0.0,Stabilité réelle (prix et caractéristiques inchangés),aucune,True,False,True,True,-6.36,6.3,0.944,False
telephones_portables,AMI,Économique,c0,1,2,10,10,0.0,-1.2,0.0,0.13,1.2,Stabilité réelle (prix et caractéristiques inchangés),aucune,True,False,True,True,-2.9,5.84,0.646,False
telephones_portables,AMI,Économique,c0,2,3,10,10,0.0,0.85,0.0,0.0,-0.85,Stabilité réelle (prix et caractéristiques inchangés),aucune,True,False,True,True,-5.41,3.61,0.768,False
telephones_portables,AMI,Économique,c0,3,4,10,10,0.0,0.0,0.0,0.0,0.0,Stabilité réelle (prix et caractéristiques inchangés),aucune,True,False,True,True,-3.76,3.94,0.886,False
telephones_portables,AMI,Économique,c1,1,2,6,6,0.0,3.94,3.94,0.0,-3.94,Amélioration technique non répercutée sur le prix (gain caché pour l'acheteur),qualite,True,False,True,True,-3.94,-3.94,0.0,True
telephones_portables,AMI,Économique,c1,2,3,6,6,0.0,0.0,0.0,0.0,0.0,Stabilité réelle (prix et caractéristiques inchangés),aucune,True,False,True,True,0.0,0.0,0.0,False
telephones_portables,AMI,Économique,c1,3,4,6,6,0.0,0.0,0.0,0.0,0.0,Stabilité réelle (prix et caractéristiques inchangés),aucune,True,False,True,True,0.0,0.0,0.0,False
telephones_portables,CLEVER,Gamme unique,c0,1,2,6,5,0.0,0.29,0.29,0.0,-0.29,Effectif du cluster modifié (6 → 5 produits) — lecture prix/qualité non isolable (cf. cause_principale='effectif'),effectif,True,False,False,True,-0.26,-0.26,0.0,True
telephones_portables,CLEVER,Gamme unique,c0,2,3,5,5,0.0,-0.06,-0.06,0.0,0.06,Stabilité réelle (prix et caractéristiques inchangés),aucune,True,False,True,True,0.05,0.05,0.0,True
telephones_portables,CLEVER,Gamme unique,c0,3,4,5,5,0.0,0.0,0.0,0.0,0.0,Stabilité réelle (prix et caractéristiques inchangés),aucune,True,False,True,True,0.0,0.0,0.0,False
telephones_portables,EVERTEK,Gamme unique,c0,1,2,8,8,0.0,-2.07,-2.07,0.0,2.07,Stabilité réelle (prix et caractéristiques inchangés),aucune,True,False,True,True,-5.42,8.21,0.56,False
telephones_portables,EVERTEK,Gamme unique,c0,2,3,8,2,-2.14,-3.54,-3.54,-8.12,1.4,Effectif du cluster modifié (8 → 2 produits) — lecture prix/qualité non isolable (cf. cause_principale='effectif'),effectif,True,True,False,True,-2.47,5.93,0.466,False
telephones_portables,EVERTEK,Gamme unique,c0,3,4,2,2,0.0,0.0,0.0,0.0,0.0,Stabilité réelle (prix et caractéristiques inchangés),aucune,True,True,True,True,0.0,0.0,0.0,False
telephones_portables,PHILIPS,Gamme unique,c0,1,2,5,5,0.0,-2.41,-5.92,4.8,2.41,Stabilité réelle (prix et caractéristiques inchangés),aucune,False,False,True,True,-9.68,16.17,0.81,False
telephones_portables,PHILIPS,Gamme unique,c0,2,3,5,5,0.0,2.47,6.31,0.61,-2.47,Stabilité réelle (prix et caractéristiques inchangés),aucune,True,False,True,True,-14.57,11.29,0.782,False
telephones_portables,PHILIPS,Gamme unique,c0,3,4,5,5,0.0,0.0,0.0,0.0,0.0,Stabilité réelle (prix et caractéristiques inchangés),aucune,True,False,True,True,-12.09,13.76,0.756,False
telephones_portables,SMARTEC,Économique,c0,1,2,14,12,-2.19,8.04,5.48,-1.75,-10.23,Effectif du cluster modifié (14 → 12 produits) — lecture prix/qualité non isolable (cf. cause_principale='effectif'),effectif,False,False,False,True,-28.58,3.3,0.142,False
telephones_portables,SMARTEC,Économique,c0,2,3,12,14,2.23,-6.41,-6.0,2.23,8.64,Effectif du cluster modifié (12 → 14 produits) — lecture prix/qualité non isolable (cf. cause_principale='effectif'),effectif,False,False,False,True,-5.11,25.14,0.26,False
telephones_portables,SMARTEC,Économique,c0,3,4,14,14,0.0,0.0,0.0,0.0,0.0,Stabilité réelle (prix et caractéristiques inchangés),aucune,True,False,True,True,-20.69,18.95,0.958,False
telephones_portables,UNIWA,Gamme unique,c0,1,2,9,9,0.0,0.75,-3.52,-0.02,-0.75,Stabilité réelle (prix et caractéristiques inchangés),aucune,False,False,True,True,-14.27,8.58,0.866,False
telephones_portables,UNIWA,Gamme unique,c0,2,3,9,9,0.0,0.51,0.89,0.0,-0.51,Stabilité réelle (prix et caractéristiques inchangés),aucune,True,False,True,True,-13.26,10.39,0.964,False
telephones_portables,UNIWA,Gamme unique,c0,3,4,9,9,0.0,0.0,0.0,0.0,0.0,Stabilité réelle (prix et caractéristiques inchangés),aucune,True,False,True,True,-13.32,9.32,0.988,False
televiseurs,ECOSAT,Gamme unique,c0,1,2,5,5,-0.27,-0.27,-0.32,-1.03,0.01,Stabilité réelle (prix et caractéristiques inchangés),aucune,True,False,True,True,-4.53,4.07,0.978,False
televiseurs,ECOSAT,Gamme unique,c0,2,3,5,5,0.0,0.0,0.0,0.0,0.0,Stabilité réelle (prix et caractéristiques inchangés),aucune,True,False,True,True,-4.73,4.22,0.96,False
televiseurs,ECOSAT,Gamme unique,c0,3,4,5,5,0.0,-0.41,-0.49,0.11,0.41,Stabilité réelle (prix et caractéristiques inchangés),aucune,True,False,True,True,-3.95,5.35,0.838,False
televiseurs,HISENSE,Gamme unique,c0,1,2,9,9,0.0,-0.15,-0.18,-0.75,0.15,Stabilité réelle (prix et caractéristiques inchangés),aucune,True,False,True,True,-24.7,15.35,0.988,False
televiseurs,HISENSE,Gamme unique,c0,2,3,9,9,0.0,0.0,0.0,0.0,0.0,Stabilité réelle (prix et caractéristiques inchangés),aucune,True,False,True,True,-25.15,13.9,0.99,False
televiseurs,HISENSE,Gamme unique,c0,3,4,9,8,-7.86,-5.81,-5.87,-6.31,-2.05,Effectif du cluster modifié (9 → 8 produits) — lecture prix/qualité non isolable (cf. cause_principale='effectif'),effectif,True,False,False,True,-31.63,10.04,0.788,False
televiseurs,LG,Premium,c0,1,2,5,5,0.0,0.0,0.0,0.0,0.0,Stabilité réelle (prix et caractéristiques inchangés),aucune,True,False,True,True,-4.93,3.57,0.958,False
televiseurs,LG,Premium,c0,2,3,5,5,0.0,0.0,0.0,0.0,0.0,Stabilité réelle (prix et caractéristiques inchangés),aucune,True,False,True,True,-4.9,3.4,0.978,False
televiseurs,LG,Premium,c0,3,4,5,5,0.0,0.17,0.19,0.04,-0.17,Stabilité réelle (prix et caractéristiques inchangés),aucune,True,False,True,True,-5.22,3.57,0.94,False
televiseurs,LG,Économique,c0,1,2,6,5,3.29,0.56,-0.11,0.99,2.72,Effectif du cluster modifié (6 → 5 produits) — lecture prix/qualité non isolable (cf. cause_principale='effectif'),effectif,True,False,False,True,-14.89,15.13,0.734,False
televiseurs,LG,Économique,c0,2,3,5,5,0.0,0.0,0.0,0.0,0.0,Stabilité réelle (prix et caractéristiques inchangés),aucune,True,False,True,True,-18.16,15.47,0.962,False
televiseurs,LG,Économique,c0,3,4,5,4,-10.74,-13.01,-12.83,-12.7,2.27,Effectif du cluster modifié (5 → 4 produits) — lecture prix/qualité non isolable (cf. cause_principale='effectif'),effectif,True,False,False,True,-14.23,17.14,0.78,False
televiseurs,MAXWELL,Gamme unique,c0,1,2,7,6,-9.84,-10.88,-10.55,-10.89,1.05,Effectif du cluster modifié (7 → 6 produits) — lecture prix/qualité non isolable (cf. cause_principale='effectif'),effectif,True,False,False,True,-6.48,9.32,0.784,False
televiseurs,MAXWELL,Gamme unique,c0,2,3,6,6,0.0,0.0,0.0,0.0,0.0,Stabilité réelle (prix et caractéristiques inchangés),aucune,True,False,True,True,-9.78,10.86,0.96,False
televiseurs,MAXWELL,Gamme unique,c0,3,4,6,6,0.0,-0.34,-0.4,-0.48,0.34,Stabilité réelle (prix et caractéristiques inchangés),aucune,True,False,True,True,-8.82,10.8,0.902,False
televiseurs,SAMSUNG,Milieu de gamme,c0,1,2,6,6,0.0,-0.23,-0.27,-0.03,0.23,Stabilité réelle (prix et caractéristiques inchangés),aucune,True,False,True,True,-20.5,19.59,0.954,False
televiseurs,SAMSUNG,Milieu de gamme,c0,2,3,6,6,0.0,0.0,0.0,0.0,0.0,Stabilité réelle (prix et caractéristiques inchangés),aucune,True,False,True,True,-19.22,18.92,0.97,False
televiseurs,SAMSUNG,Milieu de gamme,c0,3,4,6,5,-1.88,3.36,2.89,-1.5,-5.24,Effectif du cluster modifié (6 → 5 produits) — lecture prix/qualité non isolable (cf. cause_principale='effectif'),effectif,False,False,False,True,-24.99,13.4,0.596,False
televiseurs,SAMSUNG,Premium,c0,1,2,7,7,0.0,0.83,0.98,0.0,-0.83,Stabilité réelle (prix et caractéristiques inchangés),aucune,True,False,True,True,-16.89,16.09,0.908,False
televiseurs,SAMSUNG,Premium,c0,2,3,7,7,0.0,0.0,0.0,0.0,0.0,Stabilité réelle (prix et caractéristiques inchangés),aucune,True,False,True,True,-16.89,17.13,0.966,False
televiseurs,SAMSUNG,Premium,c0,3,4,7,7,0.0,-0.82,-0.97,0.0,0.82,Stabilité réelle (prix et caractéristiques inchangés),aucune,True,False,True,True,-15.47,19.04,0.86,False
televiseurs,SAMSUNG,Économique,c0,1,2,8,8,0.0,0.0,0.0,-1.36,0.0,Stabilité réelle (prix et caractéristiques inchangés),aucune,True,False,True,True,-14.49,9.67,0.988,False
televiseurs,SAMSUNG,Économique,c0,2,3,8,8,0.0,0.0,0.0,0.0,0.0,Stabilité réelle (prix et caractéristiques inchangés),aucune,True,False,True,True,-13.3,9.22,0.984,False
televiseurs,SAMSUNG,Économique,c0,3,4,8,8,0.0,-0.36,-0.97,-1.96,0.36,Stabilité réelle (prix et caractéristiques inchangés),aucune,True,False,True,True,-11.94,10.45,0.962,False
televiseurs,TCL,Milieu de gamme,c0,1,2,6,6,0.0,-0.23,-0.27,0.25,0.23,Stabilité réelle (prix et caractéristiques inchangés),aucune,True,False,True,True,-11.79,10.03,0.958,False
televiseurs,TCL,Milieu de gamme,c0,2,3,6,6,0.0,0.0,0.0,0.0,0.0,Stabilité réelle (prix et caractéristiques inchangés),aucune,True,False,True,True,-11.96,10.97,0.976,False
televiseurs,TCL,Milieu de gamme,c0,3,4,6,6,0.0,-0.07,-0.08,-0.47,0.07,Stabilité réelle (prix et caractéristiques inchangés),aucune,True,False,True,True,-12.56,9.89,0.98,False
televiseurs,TCL,Premium,c0,1,2,6,6,0.0,0.97,1.14,0.0,-0.97,Stabilité réelle (prix et caractéristiques inchangés),aucune,True,False,True,True,-9.71,8.45,0.814,False
televiseurs,TCL,Premium,c0,2,3,6,6,0.0,0.0,0.0,0.0,0.0,Stabilité réelle (prix et caractéristiques inchangés),aucune,True,False,True,True,-8.37,9.52,0.988,False
televiseurs,TCL,Premium,c0,3,4,6,6,-0.73,-1.3,-1.53,0.0,0.57,Stabilité réelle (prix et caractéristiques inchangés),aucune,True,False,True,True,-7.68,11.49,0.878,False
televiseurs,TCL,Économique,c0,1,2,6,6,0.0,0.34,0.41,0.01,-0.34,Stabilité réelle (prix et caractéristiques inchangés),aucune,True,False,True,True,-8.73,7.11,0.988,False
televiseurs,TCL,Économique,c0,2,3,6,6,0.0,0.0,0.0,0.0,0.0,Stabilité réelle (prix et caractéristiques inchangés),aucune,True,False,True,True,-7.96,7.06,0.974,False
televiseurs,TCL,Économique,c0,3,4,6,5,-3.81,-2.33,-3.18,-3.94,-1.47,Effectif du cluster modifié (6 → 5 produits) — lecture prix/qualité non isolable (cf. cause_principale='effectif'),effectif,True,False,False,True,-10.53,4.39,0.626,False
televiseurs,TELEFUNKEN,Milieu de gamme,c0,1,2,6,6,0.0,0.57,0.68,1.34,-0.57,Stabilité réelle (prix et caractéristiques inchangés),aucune,True,False,True,True,-27.92,20.99,0.944,False
televiseurs,TELEFUNKEN,Milieu de gamme,c0,2,3,6,6,0.0,0.0,0.0,0.0,0.0,Stabilité réelle (prix et caractéristiques inchangés),aucune,True,False,True,True,-27.1,23.02,0.988,False
televiseurs,TELEFUNKEN,Milieu de gamme,c0,3,4,6,6,0.0,-1.09,-1.65,-0.59,1.09,Stabilité réelle (prix et caractéristiques inchangés),aucune,True,False,True,True,-25.02,22.51,0.966,False
televiseurs,TELEFUNKEN,Premium,c0,1,2,6,6,0.0,0.25,0.3,0.39,-0.25,Stabilité réelle (prix et caractéristiques inchangés),aucune,True,False,True,True,-16.94,13.0,0.96,False
televiseurs,TELEFUNKEN,Premium,c0,2,3,6,6,0.0,0.0,0.0,0.0,0.0,Stabilité réelle (prix et caractéristiques inchangés),aucune,True,False,True,True,-16.24,13.53,0.984,False
televiseurs,TELEFUNKEN,Premium,c0,3,4,6,6,0.0,-0.69,-0.81,-0.65,0.69,Stabilité réelle (prix et caractéristiques inchangés),aucune,True,False,True,True,-16.8,15.84,0.9,False
televiseurs,TELEFUNKEN,Économique,c0,1,2,6,6,0.0,0.0,0.0,0.0,0.0,Stabilité réelle (prix et caractéristiques inchangés),aucune,True,False,True,True,-18.83,15.01,0.988,False
televiseurs,TELEFUNKEN,Économique,c0,2,3,6,6,0.0,0.0,0.0,0.0,0.0,Stabilité réelle (prix et caractéristiques inchangés),aucune,True,False,True,True,-20.51,15.9,0.974,False
televiseurs,TELEFUNKEN,Économique,c0,3,4,6,6,0.0,0.0,0.0,0.0,0.0,Stabilité réelle (prix et caractéristiques inchangés),aucune,True,False,True,True,-18.8,15.65,0.95,False
televiseurs,THOMSON,Premium,c0,1,2,4,4,0.0,0.0,0.0,0.0,0.0,Stabilité réelle (prix et caractéristiques inchangés),aucune,True,False,True,True,-8.16,11.15,0.982,False
televiseurs,THOMSON,Premium,c0,2,3,4,4,0.0,0.0,0.0,0.0,0.0,Stabilité réelle (prix et caractéristiques inchangés),aucune,True,False,True,True,-7.63,10.36,0.948,False
televiseurs,THOMSON,Premium,c0,3,4,4,4,0.0,0.0,0.0,0.0,0.0,Stabilité réelle (prix et caractéristiques inchangés),aucune,True,False,True,True,-8.02,11.16,0.994,False
televiseurs,THOMSON,Économique,c0,1,2,6,6,0.0,0.0,0.0,0.0,0.0,Stabilité réelle (prix et caractéristiques inchangés),aucune,True,False,True,True,-11.04,10.41,1.0,False
televiseurs,THOMSON,Économique,c0,2,3,6,6,0.0,0.0,0.0,0.0,0.0,Stabilité réelle (prix et caractéristiques inchangés),aucune,True,False,True,True,-11.35,10.6,0.992,False
televiseurs,THOMSON,Économique,c0,3,4,6,6,0.0,0.0,0.0,0.0,0.0,Stabilité réelle (prix et caractéristiques inchangés),aucune,True,False,True,True,-11.35,10.56,0.964,False
televiseurs,VEGA,Gamme unique,c0,1,2,6,6,0.0,0.46,0.57,-0.94,-0.46,Stabilité réelle (prix et caractéristiques inchangés),aucune,False,False,True,True,-16.12,5.81,0.952,False
televiseurs,VEGA,Gamme unique,c0,2,3,6,6,0.0,0.0,0.0,0.0,0.0,Stabilité réelle (prix et caractéristiques inchangés),aucune,True,False,True,True,-14.74,5.64,0.95,False
televiseurs,VEGA,Gamme unique,c0,3,4,6,6,0.0,-1.03,-1.24,-0.27,1.03,Stabilité réelle (prix et caractéristiques inchangés),aucune,True,False,True,True,-13.05,6.12,0.876,False
