cle_produit,categorie,cluster_direct
https://www.mytek.tn/tv-alma-32-altv32b-avec-recepteur-integre-noir.html,televiseurs,1
https://www.mytek.tn/tv-alma-40-smart-tv-avec-recepteur-tnt-integre-noir.html,televiseurs,0
https://www.mytek.tn/tv-biolux-75-smart-android-eco75rsm-uhd-4k-recepteur-integre.html,televiseurs,0
https://www.mytek.tn/tv-ecosat-32-pouces-led-hd-32t2-gris.html,televiseurs,1
https://www.mytek.tn/televiseur-ecosat-32-led-smart-tv-avec-recepteur-smart-integree.html,televiseurs,1
https://www.mytek.tn/tv-ecosat-43-eco43t2-led-full-hd-avec-recepteur-fun-40.html,televiseurs,1
https://www.mytek.tn/televiseur-ecosat-43-google-tv-qled-fhd-noir.html,televiseurs,1
https://www.mytek.tn/televiseur-ecosat-55-google-tv-qled-4k-uhd-noir.html,televiseurs,0
https://www.mytek.tn/tv-eternal-32-n18-led-hd-avec-recepteur-tnt-integre.html,televiseurs,1
https://www.mytek.tn/tv-hisense-43a4200g-43-uhd-android-smart-tv-noir.html,televiseurs,0
https://www.mytek.tn/tv-hisense-a6gn-50-uhd-4k-smart-google-tv-noir.html,televiseurs,0
https://www.mytek.tn/tv-hisense-a6500n-55-smart-4k-uhd-dled-google-tv-noir.html,televiseurs,0
https://www.mytek.tn/tv-hisense-a6500n-65-smart-4k-uhd-dled-google-tv-noir.html,televiseurs,0
https://www.mytek.tn/tv-hisense-75-smart-serie-a6n-4k-ultra-hd-noir.html,televiseurs,0
https://www.mytek.tn/tv-hisense-85-smart-serie-a6n-led-4k-uhd-noir.html,televiseurs,0
https://www.mytek.tn/tv-hisense-85-smart-serie-q6n-qled-4k-uhd-noir.html,televiseurs,0
https://www.mytek.tn/tv-lazer-hisense-100l5ge-100-4k-hdr-smart-noir.html,televiseurs,0
https://www.mytek.tn/tv-hisense-100q7n-100-mini-led-uhd-4k-smart-vidaa-garantie-2-ans.html,televiseurs,0
https://www.mytek.tn/televiseur-iffalcon-s55-40-led-full-hd-smart-tv-noir.html,televiseurs,0
https://www.mytek.tn/tv-iffalcon-43-smart-s55-full-hd.html,televiseurs,0
https://www.mytek.tn/tv-iris-32-smart-hd-32c3030.html,televiseurs,0
https://www.mytek.tn/tv-lg-43-smart-lm6370-led-full-hd-recepteur-integre.html,televiseurs,0
https://www.mytek.tn/tv-lg-43-ai-ua85-4k-smart-43ua85006la.html,televiseurs,0
https://www.mytek.tn/tv-lg-50-ai-ua85-4k-smart-50ua85006la.html,televiseurs,0
https://www.mytek.tn/tv-lg-55-ai-ua85-4k-smart-55ua85006la.html,televiseurs,0
https://www.mytek.tn/tv-lg-55-qned-ev-ai-qned70-4k-smart-tv-2025-noir.html,televiseurs,0
https://www.mytek.tn/tv-lg-65-uhd-ut80-4k-smart-tv-65ut80006la.html,televiseurs,0
https://www.mytek.tn/tv-lg-65-uhd-4k-smart-tv-65nano776ra-noir.html,televiseurs,0
https://www.mytek.tn/tv-lg-65-nanocell-nano80-4k-smart-tv-65nano80t6a.html,televiseurs,0
https://www.mytek.tn/tv-lg-65-qned-ev-ai-qned70-4k-smart-tv-2025-noir.html,televiseurs,0
https://www.mytek.tn/televiseur-lg-55-b56la-ai-smart-tv-oled-4k-ultra-hd.html,televiseurs,0
https://www.mytek.tn/televiseur-lg-65-b56la-ai-smart-tv-oled-4k-ultra-hd.html,televiseurs,0
https://www.mytek.tn/tv-maxwell-32-m20-qled-hd-recepteur-integre.html,televiseurs,1
https://www.mytek.tn/tv-maxwell-40-m20-qled-full-hd-recepteur-integre.html,televiseurs,1
https://www.mytek.tn/tv-maxwell-43-qled-full-hd-max-q43m20-avec-recepteur-integre.html,televiseurs,1
https://www.mytek.tn/televiseur-maxwell-50-mg60-qled-4k-smart-google-tv-noir.html,televiseurs,0
https://www.mytek.tn/tv-maxwell-mg60-55-qled-4k-smart-google-tv-avec-recepteur-integre.html,televiseurs,0
https://www.mytek.tn/tv-maxwell-65-mg60-qled-4k-uhd-google-tv-avec-recepteur-integre.html,televiseurs,0
https://www.mytek.tn/tv-maxwell-65-mg60sb-qled-4k-smart-google-tv-recepteur-integre-avec-barre-de-son-noir.html,televiseurs,0
https://www.mytek.tn/tv-samsung-32-hd-h5000-smart-tv-2025.html,televiseurs,0
https://www.mytek.tn/tv-samsung-43-fhd-f6000f-smart-tv-2025.html,televiseurs,0
https://www.mytek.tn/tv-samsung-43-crystal-uhd-u8000f-4k-smart-tv-2025.html,televiseurs,0
https://www.mytek.tn/tv-samsung-50-crystal-uhd-u8000f-4k-smart-tv-2025.html,televiseurs,0
https://www.mytek.tn/tv-samsung-55-crystal-uhd-u8000f-4k-smart-tv-2025.html,televiseurs,0
https://www.mytek.tn/tv-samsung-50-qled-q7f-4k-vision-ai-smart-tv-2025.html,televiseurs,0
https://www.mytek.tn/tv-samsung-58-crystal-uhd-u8000f-4k-smart-tv-2025.html,televiseurs,0
https://www.mytek.tn/tv-samsung-55-qled-4k-uhd-smart-tv-q6f-2025-noir.html,televiseurs,0
https://www.mytek.tn/tv-samsung-55-qled-q7f-4k-vision-ai-smart-tv-2025.html,televiseurs,0
https://www.mytek.tn/tv-samsung-65-crystal-uhd-u8000f-4k-smart-tv.html,televiseurs,0
https://www.mytek.tn/tv-samsung-55-smart-qn70fau-neo-qled-4k-2025.html,televiseurs,0
https://www.mytek.tn/tv-samsung-65-qled-4k-uhd-smart-tv-65q6f-2025.html,televiseurs,0
https://www.mytek.tn/tv-samsung-55-qled-4k-uhd-q70dau-smart-tv-noir.html,televiseurs,0
https://www.mytek.tn/tv-samsung-65-qled-q7f-4k-vision-ai-smart-tv-2025.html,televiseurs,0
https://www.mytek.tn/tv-samsung-70-crystal-uhd-u8000f-4k-smart-tv.html,televiseurs,0
https://www.mytek.tn/tv-samsung-75-crystal-uhd-u8000f-4k-smart-tv.html,televiseurs,0
https://www.mytek.tn/tv-samsung-65-smart-qn70fau-neo-qled-4k-2025.html,televiseurs,0
https://www.mytek.tn/televiseur-samsung-q6faau-75-qled-4k-uhd-smart-tv-noir.html,televiseurs,0
https://www.mytek.tn/tv-samsung-75-qled-q7f-4k-vision-ai-smart-tv-2025.html,televiseurs,0
https://www.mytek.tn/tv-samsung-85-crystal-uhd-u8000f-4k-smart-tv.html,televiseurs,0
https://www.mytek.tn/tv-samsung-85-qled-q7f-4k-vision-ai-smart-tv-2025.html,televiseurs,0
https://www.mytek.tn/tv-tcl-40-s5k-qled-full-hd-smart.html,televiseurs,0
https://www.mytek.tn/tv-tcl-43-s5k-qled-full-hd-smart.html,televiseurs,0
https://www.mytek.tn/tv-tcl-50-s5k-qled-full-hd-smart-google-tv-50s5k.html,televiseurs,0
https://www.mytek.tn/televiseur-tcl-55-p6l-smart-tv-4k-uhd-google-tv-hdr10-noir.html,televiseurs,0
https://www.mytek.tn/tv-tcl-50-smart-p7k-qled-uhd-4k.html,televiseurs,0
https://www.mytek.tn/tv-tcl-55-qled-p8k-4k-google-tv.html,televiseurs,0
https://www.mytek.tn/tv-tcl-55-smart-tv-qled-mini-led-tv-tcl-55c6k-noir.html,televiseurs,0
https://www.mytek.tn/televiseur-tcl-65-p6l-smart-tv-4k-uhd-noir.html,televiseurs,0
https://www.mytek.tn/tv-tcl-65-smart-p7k-qled-ultra-hd-4k.html,televiseurs,0
https://www.mytek.tn/tv-tcl-65-smart-p8k-qled-uhd-4k.html,televiseurs,0
https://www.mytek.tn/tv-tcl-65-smart-tv-qled-mini-led-tv-tcl-65c6k-noir.html,televiseurs,0
https://www.mytek.tn/tv-tcl-75-smart-p7k-qled-uhd-4k.html,televiseurs,0
https://www.mytek.tn/tv-tcl-75-smart-p8k-qled-uhd-4k.html,televiseurs,0
https://www.mytek.tn/tv-tcl-75c6k-75-4k-ultra-hd-mini-led-smart-tv-wifi.html,televiseurs,0
https://www.mytek.tn/tv-tcl-85-smart-p7k-qled-uhd-4k.html,televiseurs,0
https://www.mytek.tn/tv-tcl-85-smart-p8k-qled-uhd-4k.html,televiseurs,0
https://www.mytek.tn/tv-tcl-85-smart-tv-qled-mini-led-tv-tcl-85c6k-noir.html,televiseurs,0
https://www.mytek.tn/tv-tcl-c6k-4k-uhd-smart-tv-mini-led-98-noir.html,televiseurs,0
https://www.mytek.tn/tv-telefunken-32-c7-recepteur-integre.html,televiseurs,1
https://www.mytek.tn/tv-telefunken-32-smart-google-tv-e3f-hd-recepteur-integre.html,televiseurs,0
https://www.mytek.tn/tv-telefunken-40-c7-fhd-recepteur-integre.html,televiseurs,1
https://www.mytek.tn/tv-telefunken-42-w3-full-hd.html,televiseurs,1
https://www.mytek.tn/tv-telefunken-43-c7-fhd-recepteur-integre.html,televiseurs,1
https://www.mytek.tn/tv-telefunken-40-smart-google-tv-e3f-full-hd-recepteur-integre.html,televiseurs,0
https://www.mytek.tn/tv-telefunken-43-smart-google-tv-qled-e3fq-recepteur-integre.html,televiseurs,0
https://www.mytek.tn/tv-telefunken-50-qled-w3hq-google-tv-full-hd-noir.html,televiseurs,0
https://www.mytek.tn/televiseur-50-telefunken-led-n1-tizen-os-4k-uhd-smarttv.html,televiseurs,0
https://www.mytek.tn/tv-telefunken-qled-50-smart-google-tv-g4fn-4k-recepteur-integre.html,televiseurs,0
https://www.mytek.tn/tv-telefunken-55-g3fn-4k-uhd-smart-google-tv-recepteur-integre.html,televiseurs,0
https://www.mytek.tn/televiseur-telefunken-55-mini-led-x6f-google-tv-4k-matte-screen.html,televiseurs,0
https://www.mytek.tn/tv-telefunken-g3fn-4k-uhd-smart-tv-65-avec-recepteur-integre.html,televiseurs,0
https://www.mytek.tn/tv-telefunken-g7ep-mini-led-uhd-4k-google-tv-55-recepteur-integre.html,televiseurs,0
https://www.mytek.tn/tv-telefunken-65-smart-google-tv-g7ep-4k-recepteur-integre.html,televiseurs,0
https://www.mytek.tn/tv-telefunken-75-smart-google-tv-g4e-qled-4k-recepteur-integre.html,televiseurs,0
https://www.mytek.tn/tv-telefunken-85-qled-4k-g4fn-smart-google-tv-avec-recepteur-integre.html,televiseurs,0
https://www.mytek.tn/tv-telefunken-a4f-100-qled-4k-smart-google-tv-matte-screen-noir.html,televiseurs,0
https://www.mytek.tn/tv-thomson-43-43ug5c14-4k-uhd-side-feet-google-tv-noir.html,televiseurs,0
https://www.mytek.tn/tv-thomson-43-43qg5c14-qled-uhd-4k-google-tv-noir.html,televiseurs,0
https://www.mytek.tn/tv-thomson-43-43qg6c14-qled-plus-google-tv-noir.html,televiseurs,0
https://www.mytek.tn/tv-thomson-50qg7c14-uhd-4k-50-google-tv-qled-pro-noir.html,televiseurs,0
https://www.mytek.tn/tv-thomson-55-55qg7c14-qled-pro-google-tv-noir.html,televiseurs,0
https://www.mytek.tn/tv-thomson-55qg6c14-55-google-tv-qled-plus-noir.html,televiseurs,0
https://www.mytek.tn/tv-thomson-65-65ug4s14-4k-uhd-side-feet-google-tv-noir.html,televiseurs,0
https://www.mytek.tn/tv-thomson-65-65qg7c14-qled-pro-uhd-4k-google-tv-noir.html,televiseurs,0
https://www.mytek.tn/tv-thomson-75-75ug5c14-uhd-4k-google-tv-noir.html,televiseurs,0
https://www.mytek.tn/tv-thomson-75-75qg7c14-qled-pro-uhd-4k-google-tv-noir.html,televiseurs,0
https://www.mytek.tn/tv-vega-32-f32f2hbs-android-hd-smart-tv-noir.html,televiseurs,0
https://www.mytek.tn/tv-vega-43-smart-qled-fhd-avec-recepteur-integre-noir.html,televiseurs,0
https://www.mytek.tn/televiseur-vega-l50f2fb2-50-full-hd-avec-recepteur-integre.html,televiseurs,1
https://www.mytek.tn/tv-vega-50-smart-qled-uhd-4k-avec-recepteur-integre-noir.html,televiseurs,0
https://www.mytek.tn/tv-vega-55-smart-qled-uhd-4k-avec-recepteur-integre-noir.html,televiseurs,0
https://www.mytek.tn/tv-vega-75-smart-qled-4k-uhd-avec-recepteur-integre-noir.html,televiseurs,0
