categorie,marque,gamme,cluster_segmentation,cle_produit,semaine,prix_tnd
telephones_portables,AMI,Économique,0,https://www.mytek.tn/telephone-portable-ami-c14-fashion-1-couleur-noir.html,1,39.9
telephones_portables,AMI,Économique,0,https://www.mytek.tn/telephone-portable-ami-c14-fashion-1-couleur-noir.html,2,39.9
telephones_portables,AMI,Économique,0,https://www.mytek.tn/telephone-portable-ami-c14-fashion-1-couleur-noir.html,3,39.9
telephones_portables,AMI,Économique,0,https://www.mytek.tn/telephone-portable-ami-c14-fashion-1-couleur-noir.html,4,39.9
telephones_portables,AMI,Économique,0,https://www.mytek.tn/telephone-portable-ami-c14-fashion-1-couleur-vert.html,1,39.9
telephones_portables,AMI,Économique,0,https://www.mytek.tn/telephone-portable-ami-c14-fashion-1-couleur-vert.html,2,39.9
telephones_portables,AMI,Économique,0,https://www.mytek.tn/telephone-portable-ami-c14-fashion-1-couleur-vert.html,3,39.9
telephones_portables,AMI,Économique,0,https://www.mytek.tn/telephone-portable-ami-c14-fashion-1-couleur-vert.html,4,39.9
telephones_portables,AMI,Économique,0,https://www.mytek.tn/telephone-portable-ami-c14-fashion-2-bleu-noir.html,1,39.9
telephones_portables,AMI,Économique,0,https://www.mytek.tn/telephone-portable-ami-c14-fashion-2-bleu-noir.html,2,39.9
telephones_portables,AMI,Économique,0,https://www.mytek.tn/telephone-portable-ami-c14-fashion-2-bleu-noir.html,3,39.9
telephones_portables,AMI,Économique,0,https://www.mytek.tn/telephone-portable-ami-c14-fashion-2-bleu-noir.html,4,39.9
telephones_portables,AMI,Économique,0,https://www.mytek.tn/telephone-portable-ami-c14-fashion-2-marron-fonce.html,1,39.9
telephones_portables,AMI,Économique,0,https://www.mytek.tn/telephone-portable-ami-c14-fashion-2-marron-fonce.html,2,39.9
telephones_portables,AMI,Économique,0,https://www.mytek.tn/telephone-portable-ami-c14-fashion-2-marron-fonce.html,3,39.9
telephones_portables,AMI,Économique,0,https://www.mytek.tn/telephone-portable-ami-c14-fashion-2-marron-fonce.html,4,39.9
telephones_portables,AMI,Économique,0,https://www.mytek.tn/telephone-portable-ami-c14-style-3-bleu-champagne.html,1,35.9
telephones_portables,AMI,Économique,0,https://www.mytek.tn/telephone-portable-ami-c14-style-3-bleu-champagne.html,2,35.9
telephones_portables,AMI,Économique,0,https://www.mytek.tn/telephone-portable-ami-c14-style-3-bleu-champagne.html,3,35.9
telephones_portables,AMI,Économique,0,https://www.mytek.tn/telephone-portable-ami-c14-style-3-bleu-champagne.html,4,35.9
telephones_portables,AMI,Économique,0,https://www.mytek.tn/telephone-portable-ami-c14-style-3-noir-gris.html,1,35.9
telephones_portables,AMI,Économique,0,https://www.mytek.tn/telephone-portable-ami-c14-style-3-noir-gris.html,2,35.9
telephones_portables,AMI,Économique,0,https://www.mytek.tn/telephone-portable-ami-c14-style-3-noir-gris.html,3,35.9
telephones_portables,AMI,Économique,0,https://www.mytek.tn/telephone-portable-ami-c14-style-3-noir-gris.html,4,35.9
telephones_portables,AMI,Économique,0,https://www.mytek.tn/telephone-portable-ami-c14-style-3-noir-vert.html,1,35.9
telephones_portables,AMI,Économique,0,https://www.mytek.tn/telephone-portable-ami-c14-style-3-noir-vert.html,2,35.9
telephones_portables,AMI,Économique,0,https://www.mytek.tn/telephone-portable-ami-c14-style-3-noir-vert.html,3,35.9
telephones_portables,AMI,Économique,0,https://www.mytek.tn/telephone-portable-ami-c14-style-3-noir-vert.html,4,35.9
telephones_portables,AMI,Économique,0,https://www.mytek.tn/telephone-portable-ami-c14-style-4-bleu-noir.html,1,35.9
telephones_portables,AMI,Économique,0,https://www.mytek.tn/telephone-portable-ami-c14-style-4-bleu-noir.html,2,35.9
telephones_portables,AMI,Économique,0,https://www.mytek.tn/telephone-portable-ami-c14-style-4-bleu-noir.html,3,35.9
telephones_portables,AMI,Économique,0,https://www.mytek.tn/telephone-portable-ami-c14-style-4-bleu-noir.html,4,35.9
telephones_portables,AMI,Économique,0,https://www.mytek.tn/telephone-portable-ami-c14-style-4-noir.html,1,35.9
telephones_portables,AMI,Économique,0,https://www.mytek.tn/telephone-portable-ami-c14-style-4-noir.html,2,35.9
telephones_portables,AMI,Économique,0,https://www.mytek.tn/telephone-portable-ami-c14-style-4-noir.html,3,35.9
telephones_portables,AMI,Économique,0,https://www.mytek.tn/telephone-portable-ami-c14-style-4-noir.html,4,35.9
telephones_portables,AMI,Économique,0,https://www.mytek.tn/telephone-portable-ami-c14-style-4-vert-noir.html,1,35.9
telephones_portables,AMI,Économique,0,https://www.mytek.tn/telephone-portable-ami-c14-style-4-vert-noir.html,2,35.9
telephones_portables,AMI,Économique,0,https://www.mytek.tn/telephone-portable-ami-c14-style-4-vert-noir.html,3,35.9
telephones_portables,AMI,Économique,0,https://www.mytek.tn/telephone-portable-ami-c14-style-4-vert-noir.html,4,35.9
telephones_portables,AMI,Économique,1,https://www.mytek.tn/telephone-portable-ami-d20-strong-1-couleur-bleu.html,1,79.9
telephones_portables,AMI,Économique,1,https://www.mytek.tn/telephone-portable-ami-d20-strong-1-couleur-bleu.html,2,79.9
telephones_portables,AMI,Économique,1,https://www.mytek.tn/telephone-portable-ami-d20-strong-1-couleur-bleu.html,3,79.9
telephones_portables,AMI,Économique,1,https://www.mytek.tn/telephone-portable-ami-d20-strong-1-couleur-bleu.html,4,79.9
telephones_portables,AMI,Économique,1,https://www.mytek.tn/telephone-portable-ami-d20-strong-1-couleur-noir.html,1,79.9
telephones_portables,AMI,Économique,1,https://www.mytek.tn/telephone-portable-ami-d20-strong-1-couleur-noir.html,2,79.9
telephones_portables,AMI,Économique,1,https://www.mytek.tn/telephone-portable-ami-d20-strong-1-couleur-noir.html,3,79.9
telephones_portables,AMI,Économique,1,https://www.mytek.tn/telephone-portable-ami-d20-strong-1-couleur-noir.html,4,79.9
telephones_portables,AMI,Économique,1,https://www.mytek.tn/telephone-portable-ami-d20-strong-1-couleur-vert.html,1,79.9
telephones_portables,AMI,Économique,1,https://www.mytek.tn/telephone-portable-ami-d20-strong-1-couleur-vert.html,2,79.9
telephones_portables,AMI,Économique,1,https://www.mytek.tn/telephone-portable-ami-d20-strong-1-couleur-vert.html,3,79.9
telephones_portables,AMI,Économique,1,https://www.mytek.tn/telephone-portable-ami-d20-strong-1-couleur-vert.html,4,79.9
telephones_portables,AMI,Économique,1,https://www.mytek.tn/telephone-portable-ami-f35-strong-2-noir-gris.html,1,79.9
telephones_portables,AMI,Économique,1,https://www.mytek.tn/telephone-portable-ami-f35-strong-2-noir-gris.html,2,79.9
telephones_portables,AMI,Économique,1,https://www.mytek.tn/telephone-portable-ami-f35-strong-2-noir-gris.html,3,79.9
telephones_portables,AMI,Économique,1,https://www.mytek.tn/telephone-portable-ami-f35-strong-2-noir-gris.html,4,79.9
telephones_portables,AMI,Économique,1,https://www.mytek.tn/telephone-portable-ami-f35-strong-2-noir-orange.html,1,79.9
telephones_portables,AMI,Économique,1,https://www.mytek.tn/telephone-portable-ami-f35-strong-2-noir-orange.html,2,79.9
telephones_portables,AMI,Économique,1,https://www.mytek.tn/telephone-portable-ami-f35-strong-2-noir-orange.html,3,79.9
telephones_portables,AMI,Économique,1,https://www.mytek.tn/telephone-portable-ami-f35-strong-2-noir-orange.html,4,79.9
telephones_portables,AMI,Économique,1,https://www.mytek.tn/telephone-portable-ami-f35-strong-2-vert-silver.html,1,79.9
telephones_portables,AMI,Économique,1,https://www.mytek.tn/telephone-portable-ami-f35-strong-2-vert-silver.html,2,79.9
telephones_portables,AMI,Économique,1,https://www.mytek.tn/telephone-portable-ami-f35-strong-2-vert-silver.html,3,79.9
telephones_portables,AMI,Économique,1,https://www.mytek.tn/telephone-portable-ami-f35-strong-2-vert-silver.html,4,79.9
telephones_portables,CLEVER,Gamme unique,profil_descriptif,https://www.mytek.tn/telephone-portable-clever-c4-blanc.html,1,32.9
telephones_portables,CLEVER,Gamme unique,profil_descriptif,https://www.mytek.tn/telephone-portable-clever-c4-blanc.html,2,32.9
telephones_portables,CLEVER,Gamme unique,profil_descriptif,https://www.mytek.tn/telephone-portable-clever-c4-blanc.html,3,32.9
telephones_portables,CLEVER,Gamme unique,profil_descriptif,https://www.mytek.tn/telephone-portable-clever-c4-blanc.html,4,32.9
telephones_portables,CLEVER,Gamme unique,profil_descriptif,https://www.mytek.tn/telephone-portable-clever-c4-bleu.html,1,32.9
telephones_portables,CLEVER,Gamme unique,profil_descriptif,https://www.mytek.tn/telephone-portable-clever-c4-bleu.html,2,32.9
telephones_portables,CLEVER,Gamme unique,profil_descriptif,https://www.mytek.tn/telephone-portable-clever-c4-bleu.html,3,32.9
telephones_portables,CLEVER,Gamme unique,profil_descriptif,https://www.mytek.tn/telephone-portable-clever-c4-bleu.html,4,32.9
telephones_portables,CLEVER,Gamme unique,profil_descriptif,https://www.mytek.tn/telephone-portable-clever-c4-gold.html,1,32.9
telephones_portables,CLEVER,Gamme unique,profil_descriptif,https://www.mytek.tn/telephone-portable-clever-c4-gold.html,2,32.9
telephones_portables,CLEVER,Gamme unique,profil_descriptif,https://www.mytek.tn/telephone-portable-clever-c4-gold.html,3,32.9
telephones_portables,CLEVER,Gamme unique,profil_descriptif,https://www.mytek.tn/telephone-portable-clever-c4-gold.html,4,32.9
telephones_portables,CLEVER,Gamme unique,profil_descriptif,https://www.mytek.tn/telephone-portable-clever-c4-purple.html,1,32.9
telephones_portables,CLEVER,Gamme unique,profil_descriptif,https://www.mytek.tn/telephone-portable-clever-c4-purple.html,2,32.9
telephones_portables,CLEVER,Gamme unique,profil_descriptif,https://www.mytek.tn/telephone-portable-clever-c4-purple.html,3,32.9
telephones_portables,CLEVER,Gamme unique,profil_descriptif,https://www.mytek.tn/telephone-portable-clever-c4-purple.html,4,32.9
telephones_portables,CLEVER,Gamme unique,profil_descriptif,https://www.mytek.tn/telephone-portable-clever-c4-rouge.html,1,32.9
telephones_portables,CLEVER,Gamme unique,profil_descriptif,https://www.mytek.tn/telephone-portable-clever-c4-vert.html,1,32.9
telephones_portables,CLEVER,Gamme unique,profil_descriptif,https://www.mytek.tn/telephone-portable-clever-c4-vert.html,2,32.9
telephones_portables,CLEVER,Gamme unique,profil_descriptif,https://www.mytek.tn/telephone-portable-clever-c4-vert.html,3,32.9
telephones_portables,CLEVER,Gamme unique,profil_descriptif,https://www.mytek.tn/telephone-portable-clever-c4-vert.html,4,32.9
telephones_portables,EVERTEK,Gamme unique,profil_descriptif,https://www.mytek.tn/telephone-portable-evertek-e3218-bleu-marine.html,1,38.0
telephones_portables,EVERTEK,Gamme unique,profil_descriptif,https://www.mytek.tn/telephone-portable-evertek-e3218-bleu-marine.html,2,38.0
telephones_portables,EVERTEK,Gamme unique,profil_descriptif,https://www.mytek.tn/telephone-portable-evertek-e3218-bleu-marine.html,3,38.0
telephones_portables,EVERTEK,Gamme unique,profil_descriptif,https://www.mytek.tn/telephone-portable-evertek-e3218-bleu-marine.html,4,38.0
telephones_portables,EVERTEK,Gamme unique,profil_descriptif,https://www.mytek.tn/telephone-portable-evertek-e3218-bleu.html,1,38.0
telephones_portables,EVERTEK,Gamme unique,profil_descriptif,https://www.mytek.tn/telephone-portable-evertek-e3218-bleu.html,2,38.0
telephones_portables,EVERTEK,Gamme unique,profil_descriptif,https://www.mytek.tn/telephone-portable-evertek-e3218-bleu.html,3,38.0
telephones_portables,EVERTEK,Gamme unique,profil_descriptif,https://www.mytek.tn/telephone-portable-evertek-e3218-bleu.html,4,38.0
telephones_portables,EVERTEK,Gamme unique,profil_descriptif,https://www.mytek.tn/telephone-portable-evertek-e3218-noir.html,1,38.0
telephones_portables,EVERTEK,Gamme unique,profil_descriptif,https://www.mytek.tn/telephone-portable-evertek-e3218-noir.html,2,38.0
telephones_portables,EVERTEK,Gamme unique,profil_descriptif,https://www.mytek.tn/telephone-portable-evertek-e3218-rouge.html,1,38.0
telephones_portables,EVERTEK,Gamme unique,profil_descriptif,https://www.mytek.tn/telephone-portable-evertek-e3218-rouge.html,2,38.0
telephones_portables,EVERTEK,Gamme unique,profil_descriptif,https://www.mytek.tn/telephone-portable-evertek-e3218-silver.html,1,38.0
telephones_portables,EVERTEK,Gamme unique,profil_descriptif,https://www.mytek.tn/telephone-portable-evertek-e3218-silver.html,2,38.0
telephones_portables,EVERTEK,Gamme unique,profil_descriptif,https://www.mytek.tn/telephone-portable-evertek-e3218-vert.html,1,38.0
telephones_portables,EVERTEK,Gamme unique,profil_descriptif,https://www.mytek.tn/telephone-portable-evertek-e3218-vert.html,2,38.0
telephones_portables,EVERTEK,Gamme unique,profil_descriptif,https://www.mytek.tn/telephone-portable-evertek-e3224-bleu-fonce.html,1,49.0
telephones_portables,EVERTEK,Gamme unique,profil_descriptif,https://www.mytek.tn/telephone-portable-evertek-e3224-bleu-fonce.html,2,49.0
telephones_portables,EVERTEK,Gamme unique,profil_descriptif,https://www.mytek.tn/telephone-portable-evertek-ex18-orange.html,1,35.0
telephones_portables,EVERTEK,Gamme unique,profil_descriptif,https://www.mytek.tn/telephone-portable-evertek-ex18-orange.html,2,35.0
telephones_portables,PHILIPS,Gamme unique,profil_descriptif,https://www.mytek.tn/telephone-portable-philips-e2106-noir.html,1,45.9
telephones_portables,PHILIPS,Gamme unique,profil_descriptif,https://www.mytek.tn/telephone-portable-philips-e2106-noir.html,2,45.9
telephones_portables,PHILIPS,Gamme unique,profil_descriptif,https://www.mytek.tn/telephone-portable-philips-e2106-noir.html,3,45.9
telephones_portables,PHILIPS,Gamme unique,profil_descriptif,https://www.mytek.tn/telephone-portable-philips-e2106-noir.html,4,45.9
telephones_portables,PHILIPS,Gamme unique,profil_descriptif,https://www.mytek.tn/telephone-portable-philips-e2130-deep-bleu.html,1,56.9
telephones_portables,PHILIPS,Gamme unique,profil_descriptif,https://www.mytek.tn/telephone-portable-philips-e2130-deep-bleu.html,2,56.9
telephones_portables,PHILIPS,Gamme unique,profil_descriptif,https://www.mytek.tn/telephone-portable-philips-e2130-deep-bleu.html,3,56.9
telephones_portables,PHILIPS,Gamme unique,profil_descriptif,https://www.mytek.tn/telephone-portable-philips-e2130-deep-bleu.html,4,56.9
telephones_portables,PHILIPS,Gamme unique,profil_descriptif,https://www.mytek.tn/telephone-portable-philips-fun-100-dual-sim-2-1000-mah-bleu.html,1,45.9
telephones_portables,PHILIPS,Gamme unique,profil_descriptif,https://www.mytek.tn/telephone-portable-philips-fun-100-dual-sim-2-1000-mah-bleu.html,2,45.9
telephones_portables,PHILIPS,Gamme unique,profil_descriptif,https://www.mytek.tn/telephone-portable-philips-fun-100-dual-sim-2-1000-mah-bleu.html,3,45.9
telephones_portables,PHILIPS,Gamme unique,profil_descriptif,https://www.mytek.tn/telephone-portable-philips-fun-100-dual-sim-2-1000-mah-bleu.html,4,45.9
telephones_portables,PHILIPS,Gamme unique,profil_descriptif,https://www.mytek.tn/telephone-portable-philips-fun-100-dual-sim-2-1000-mah-deep-blue.html,1,45.9
telephones_portables,PHILIPS,Gamme unique,profil_descriptif,https://www.mytek.tn/telephone-portable-philips-fun-100-dual-sim-2-1000-mah-deep-blue.html,2,45.9
telephones_portables,PHILIPS,Gamme unique,profil_descriptif,https://www.mytek.tn/telephone-portable-philips-fun-100-dual-sim-2-1000-mah-deep-blue.html,3,45.9
telephones_portables,PHILIPS,Gamme unique,profil_descriptif,https://www.mytek.tn/telephone-portable-philips-fun-100-dual-sim-2-1000-mah-deep-blue.html,4,45.9
telephones_portables,PHILIPS,Gamme unique,profil_descriptif,https://www.mytek.tn/telephone-portable-philips-fun101-2-1500-mah-noir.html,1,56.9
telephones_portables,PHILIPS,Gamme unique,profil_descriptif,https://www.mytek.tn/telephone-portable-philips-fun101-2-1500-mah-noir.html,2,56.9
telephones_portables,PHILIPS,Gamme unique,profil_descriptif,https://www.mytek.tn/telephone-portable-philips-fun101-2-1500-mah-noir.html,3,56.9
telephones_portables,PHILIPS,Gamme unique,profil_descriptif,https://www.mytek.tn/telephone-portable-philips-fun101-2-1500-mah-noir.html,4,56.9
telephones_portables,SMARTEC,Économique,profil_descriptif,https://www.mytek.tn/telephone-portable-smartec-f1-flip-bleu.html,1,85.0
telephones_portables,SMARTEC,Économique,profil_descriptif,https://www.mytek.tn/telephone-portable-smartec-f1-flip-bleu.html,2,85.0
telephones_portables,SMARTEC,Économique,profil_descriptif,https://www.mytek.tn/telephone-portable-smartec-f1-flip-bleu.html,3,85.0
telephones_portables,SMARTEC,Économique,profil_descriptif,https://www.mytek.tn/telephone-portable-smartec-f1-flip-bleu.html,4,85.0
telephones_portables,SMARTEC,Économique,profil_descriptif,https://www.mytek.tn/telephone-portable-smartec-f1-flip-gris.html,1,85.0
telephones_portables,SMARTEC,Économique,profil_descriptif,https://www.mytek.tn/telephone-portable-smartec-f1-flip-gris.html,2,85.0
telephones_portables,SMARTEC,Économique,profil_descriptif,https://www.mytek.tn/telephone-portable-smartec-f1-flip-gris.html,3,85.0
telephones_portables,SMARTEC,Économique,profil_descriptif,https://www.mytek.tn/telephone-portable-smartec-f1-flip-gris.html,4,85.0
telephones_portables,SMARTEC,Économique,profil_descriptif,https://www.mytek.tn/telephone-portable-smartec-f1-flip-noir.html,1,85.0
telephones_portables,SMARTEC,Économique,profil_descriptif,https://www.mytek.tn/telephone-portable-smartec-f1-flip-noir.html,2,85.0
telephones_portables,SMARTEC,Économique,profil_descriptif,https://www.mytek.tn/telephone-portable-smartec-f1-flip-noir.html,3,85.0
telephones_portables,SMARTEC,Économique,profil_descriptif,https://www.mytek.tn/telephone-portable-smartec-f1-flip-noir.html,4,85.0
telephones_portables,SMARTEC,Économique,profil_descriptif,https://www.mytek.tn/telephone-portable-smartec-f1-flip-rouge.html,1,85.0
telephones_portables,SMARTEC,Économique,profil_descriptif,https://www.mytek.tn/telephone-portable-smartec-f1-flip-rouge.html,2,85.0
telephones_portables,SMARTEC,Économique,profil_descriptif,https://www.mytek.tn/telephone-portable-smartec-f1-flip-rouge.html,3,85.0
telephones_portables,SMARTEC,Économique,profil_descriptif,https://www.mytek.tn/telephone-portable-smartec-f1-flip-rouge.html,4,85.0
telephones_portables,SMARTEC,Économique,profil_descriptif,https://www.mytek.tn/telephone-portable-smartec-power-x1-1400-mah-noir.html,1,59.0
telephones_portables,SMARTEC,Économique,profil_descriptif,https://www.mytek.tn/telephone-portable-smartec-power-x1-1400-mah-noir.html,3,59.0
telephones_portables,SMARTEC,Économique,profil_descriptif,https://www.mytek.tn/telephone-portable-smartec-power-x1-1400-mah-noir.html,4,59.0
telephones_portables,SMARTEC,Économique,profil_descriptif,https://www.mytek.tn/telephone-portable-smartec-power-x1-double-sim-1400-mah-bleu.html,1,59.0
telephones_portables,SMARTEC,Économique,profil_descriptif,https://www.mytek.tn/telephone-portable-smartec-power-x1-double-sim-1400-mah-bleu.html,3,59.0
telephones_portables,SMARTEC,Économique,profil_descriptif,https://www.mytek.tn/telephone-portable-smartec-power-x1-double-sim-1400-mah-bleu.html,4,59.0
telephones_portables,SMARTEC,Économique,profil_descriptif,https://www.mytek.tn/telephone-portable-smartec-v1-double-sim-2-bleu.html,1,39.0
telephones_portables,SMARTEC,Économique,profil_descriptif,https://www.mytek.tn/telephone-portable-smartec-v1-double-sim-2-bleu.html,2,39.0
telephones_portables,SMARTEC,Économique,profil_descriptif,https://www.mytek.tn/telephone-portable-smartec-v1-double-sim-2-bleu.html,3,39.0
telephones_portables,SMARTEC,Économique,profil_descriptif,https://www.mytek.tn/telephone-portable-smartec-v1-double-sim-2-bleu.html,4,39.0
telephones_portables,SMARTEC,Économique,profil_descriptif,https://www.mytek.tn/telephone-portable-smartec-v1-double-sim-800mah-bleu-fonce.html,1,39.0
telephones_portables,SMARTEC,Économique,profil_descriptif,https://www.mytek.tn/telephone-portable-smartec-v1-double-sim-800mah-bleu-fonce.html,2,39.0
telephones_portables,SMARTEC,Économique,profil_descriptif,https://www.mytek.tn/telephone-portable-smartec-v1-double-sim-800mah-bleu-fonce.html,3,39.0
telephones_portables,SMARTEC,Économique,profil_descriptif,https://www.mytek.tn/telephone-portable-smartec-v1-double-sim-800mah-bleu-fonce.html,4,39.0
telephones_portables,SMARTEC,Économique,profil_descriptif,https://www.mytek.tn/telephone-portable-smartec-v1-ecran-2-0-800mah-gris.html,1,39.0
telephones_portables,SMARTEC,Économique,profil_descriptif,https://www.mytek.tn/telephone-portable-smartec-v1-ecran-2-0-800mah-gris.html,2,39.0
telephones_portables,SMARTEC,Économique,profil_descriptif,https://www.mytek.tn/telephone-portable-smartec-v1-ecran-2-0-800mah-gris.html,3,39.0
telephones_portables,SMARTEC,Économique,profil_descriptif,https://www.mytek.tn/telephone-portable-smartec-v1-ecran-2-0-800mah-gris.html,4,39.0
telephones_portables,SMARTEC,Économique,profil_descriptif,https://www.mytek.tn/telephone-portable-smartec-v1-ecran-2-lcd-800-mah-noir.html,1,39.0
telephones_portables,SMARTEC,Économique,profil_descriptif,https://www.mytek.tn/telephone-portable-smartec-v1-ecran-2-lcd-800-mah-noir.html,2,39.0
telephones_portables,SMARTEC,Économique,profil_descriptif,https://www.mytek.tn/telephone-portable-smartec-v1-ecran-2-lcd-800-mah-noir.html,3,39.0
telephones_portables,SMARTEC,Économique,profil_descriptif,https://www.mytek.tn/telephone-portable-smartec-v1-ecran-2-lcd-800-mah-noir.html,4,39.0
telephones_portables,SMARTEC,Économique,profil_descriptif,https://www.mytek.tn/telephone-portable-smartec-v2-blanc.html,1,39.0
telephones_portables,SMARTEC,Économique,profil_descriptif,https://www.mytek.tn/telephone-portable-smartec-v2-blanc.html,2,39.0
telephones_portables,SMARTEC,Économique,profil_descriptif,https://www.mytek.tn/telephone-portable-smartec-v2-blanc.html,3,39.0
telephones_portables,SMARTEC,Économique,profil_descriptif,https://www.mytek.tn/telephone-portable-smartec-v2-blanc.html,4,39.0
telephones_portables,SMARTEC,Économique,profil_descriptif,https://www.mytek.tn/telephone-portable-smartec-v2-bleu.html,1,39.0
telephones_portables,SMARTEC,Économique,profil_descriptif,https://www.mytek.tn/telephone-portable-smartec-v2-bleu.html,2,39.0
telephones_portables,SMARTEC,Économique,profil_descriptif,https://www.mytek.tn/telephone-portable-smartec-v2-bleu.html,3,39.0
telephones_portables,SMARTEC,Économique,profil_descriptif,https://www.mytek.tn/telephone-portable-smartec-v2-bleu.html,4,39.0
telephones_portables,SMARTEC,Économique,profil_descriptif,https://www.mytek.tn/telephone-portable-smartec-v2-noir.html,1,39.0
telephones_portables,SMARTEC,Économique,profil_descriptif,https://www.mytek.tn/telephone-portable-smartec-v2-noir.html,2,39.0
telephones_portables,SMARTEC,Économique,profil_descriptif,https://www.mytek.tn/telephone-portable-smartec-v2-noir.html,3,39.0
telephones_portables,SMARTEC,Économique,profil_descriptif,https://www.mytek.tn/telephone-portable-smartec-v2-noir.html,4,39.0
telephones_portables,SMARTEC,Économique,profil_descriptif,https://www.mytek.tn/telephone-portable-smartec-v2-rose.html,1,39.0
telephones_portables,SMARTEC,Économique,profil_descriptif,https://www.mytek.tn/telephone-portable-smartec-v2-rose.html,2,39.0
telephones_portables,SMARTEC,Économique,profil_descriptif,https://www.mytek.tn/telephone-portable-smartec-v2-rose.html,3,39.0
telephones_portables,SMARTEC,Économique,profil_descriptif,https://www.mytek.tn/telephone-portable-smartec-v2-rose.html,4,39.0
telephones_portables,UNIWA,Gamme unique,profil_descriptif,https://www.mytek.tn/telephone-portable-uniwa-e1801-bleu.html,1,37.9
telephones_portables,UNIWA,Gamme unique,profil_descriptif,https://www.mytek.tn/telephone-portable-uniwa-e1801-bleu.html,2,37.9
telephones_portables,UNIWA,Gamme unique,profil_descriptif,https://www.mytek.tn/telephone-portable-uniwa-e1801-bleu.html,3,37.9
telephones_portables,UNIWA,Gamme unique,profil_descriptif,https://www.mytek.tn/telephone-portable-uniwa-e1801-bleu.html,4,37.9
telephones_portables,UNIWA,Gamme unique,profil_descriptif,https://www.mytek.tn/telephone-portable-uniwa-e1801-rouge.html,1,37.9
telephones_portables,UNIWA,Gamme unique,profil_descriptif,https://www.mytek.tn/telephone-portable-uniwa-e1801-rouge.html,2,37.9
telephones_portables,UNIWA,Gamme unique,profil_descriptif,https://www.mytek.tn/telephone-portable-uniwa-e1801-rouge.html,3,37.9
telephones_portables,UNIWA,Gamme unique,profil_descriptif,https://www.mytek.tn/telephone-portable-uniwa-e1801-rouge.html,4,37.9
telephones_portables,UNIWA,Gamme unique,profil_descriptif,https://www.mytek.tn/telephone-portable-uniwa-e1802-bleu.html,1,49.0
telephones_portables,UNIWA,Gamme unique,profil_descriptif,https://www.mytek.tn/telephone-portable-uniwa-e1802-bleu.html,2,49.0
telephones_portables,UNIWA,Gamme unique,profil_descriptif,https://www.mytek.tn/telephone-portable-uniwa-e1802-bleu.html,3,49.0
telephones_portables,UNIWA,Gamme unique,profil_descriptif,https://www.mytek.tn/telephone-portable-uniwa-e1802-bleu.html,4,49.0
telephones_portables,UNIWA,Gamme unique,profil_descriptif,https://www.mytek.tn/telephone-portable-uniwa-e1802-gold.html,1,49.0
telephones_portables,UNIWA,Gamme unique,profil_descriptif,https://www.mytek.tn/telephone-portable-uniwa-e1802-gold.html,2,49.0
telephones_portables,UNIWA,Gamme unique,profil_descriptif,https://www.mytek.tn/telephone-portable-uniwa-e1802-gold.html,3,49.0
telephones_portables,UNIWA,Gamme unique,profil_descriptif,https://www.mytek.tn/telephone-portable-uniwa-e1802-gold.html,4,49.0
telephones_portables,UNIWA,Gamme unique,profil_descriptif,https://www.mytek.tn/telephone-portable-uniwa-e1802-rouge.html,1,49.0
telephones_portables,UNIWA,Gamme unique,profil_descriptif,https://www.mytek.tn/telephone-portable-uniwa-e1802-rouge.html,2,49.0
telephones_portables,UNIWA,Gamme unique,profil_descriptif,https://www.mytek.tn/telephone-portable-uniwa-e1802-rouge.html,3,49.0
telephones_portables,UNIWA,Gamme unique,profil_descriptif,https://www.mytek.tn/telephone-portable-uniwa-e1802-rouge.html,4,49.0
telephones_portables,UNIWA,Gamme unique,profil_descriptif,https://www.mytek.tn/telephone-portable-uniwa-e1803-gris.html,1,36.9
telephones_portables,UNIWA,Gamme unique,profil_descriptif,https://www.mytek.tn/telephone-portable-uniwa-e1803-gris.html,2,36.9
telephones_portables,UNIWA,Gamme unique,profil_descriptif,https://www.mytek.tn/telephone-portable-uniwa-e1803-gris.html,3,36.9
telephones_portables,UNIWA,Gamme unique,profil_descriptif,https://www.mytek.tn/telephone-portable-uniwa-e1803-gris.html,4,36.9
telephones_portables,UNIWA,Gamme unique,profil_descriptif,https://www.mytek.tn/telephone-portable-uniwa-e1803-ice-bleu.html,1,36.9
telephones_portables,UNIWA,Gamme unique,profil_descriptif,https://www.mytek.tn/telephone-portable-uniwa-e1803-ice-bleu.html,2,36.9
telephones_portables,UNIWA,Gamme unique,profil_descriptif,https://www.mytek.tn/telephone-portable-uniwa-e1803-ice-bleu.html,3,36.9
telephones_portables,UNIWA,Gamme unique,profil_descriptif,https://www.mytek.tn/telephone-portable-uniwa-e1803-ice-bleu.html,4,36.9
telephones_portables,UNIWA,Gamme unique,profil_descriptif,https://www.mytek.tn/telephone-portable-uniwa-e1803-noir.html,1,36.9
telephones_portables,UNIWA,Gamme unique,profil_descriptif,https://www.mytek.tn/telephone-portable-uniwa-e1803-noir.html,2,36.9
telephones_portables,UNIWA,Gamme unique,profil_descriptif,https://www.mytek.tn/telephone-portable-uniwa-e1803-noir.html,3,36.9
telephones_portables,UNIWA,Gamme unique,profil_descriptif,https://www.mytek.tn/telephone-portable-uniwa-e1803-noir.html,4,36.9
telephones_portables,UNIWA,Gamme unique,profil_descriptif,https://www.mytek.tn/telephone-portable-uniwa-e1803-rouge.html,1,36.9
telephones_portables,UNIWA,Gamme unique,profil_descriptif,https://www.mytek.tn/telephone-portable-uniwa-e1803-rouge.html,2,36.9
telephones_portables,UNIWA,Gamme unique,profil_descriptif,https://www.mytek.tn/telephone-portable-uniwa-e1803-rouge.html,3,36.9
telephones_portables,UNIWA,Gamme unique,profil_descriptif,https://www.mytek.tn/telephone-portable-uniwa-e1803-rouge.html,4,36.9
