cle_produit,categorie,marque,gamme,cluster_segmentation
https://www.mytek.tn/smartphone-samsung-galaxy-a07-4go-64go-couleur-noir.html,smartphones,SAMSUNG,Économique,0
https://www.mytek.tn/smartphone-samsung-galaxy-a07-64go-4go-vert.html,smartphones,SAMSUNG,Économique,0
https://www.mytek.tn/smartphone-samsung-galaxy-a07-4go-64go-light-violet.html,smartphones,SAMSUNG,Économique,0
https://www.mytek.tn/smartphone-samsung-galaxy-a07-4go-128go-4g-noir.html,smartphones,SAMSUNG,Économique,0
https://www.mytek.tn/smartphone-samsung-galaxy-a07-4go-128go-4g-green.html,smartphones,SAMSUNG,Économique,0
https://www.mytek.tn/smartphone-samsung-galaxy-a07-4g-8go-128go-violet-clair.html,smartphones,SAMSUNG,Économique,0
https://www.mytek.tn/smartphone-samsung-galaxy-a06-5g-4go-64go-noir.html,smartphones,SAMSUNG,Économique,1
https://www.mytek.tn/smartphone-samsung-galaxy-a07-ta-12go-128go-couleur-vert.html,smartphones,SAMSUNG,Économique,0
https://www.mytek.tn/smartphone-samsung-galaxy-a07-6go-128go-couleur-noir.html,smartphones,SAMSUNG,Économique,0
https://www.mytek.tn/smartphone-samsung-galaxy-a07-12go-128go-violet-clair.html,smartphones,SAMSUNG,Économique,0
https://www.mytek.tn/smartphone-samsung-galaxy-a07-12go-128go-vert.html,smartphones,SAMSUNG,Économique,0
https://www.mytek.tn/samsung-galaxy-a17-4g-8go-128go-gris.html,smartphones,SAMSUNG,Économique,0
https://www.mytek.tn/samsung-galaxy-a17-4g-8go-128go-noir.html,smartphones,SAMSUNG,Économique,0
https://www.mytek.tn/samsung-galaxy-a17-4g-8go-128go-light-blue.html,smartphones,SAMSUNG,Économique,0
https://www.mytek.tn/smartphone-samsung-galaxy-a17-4g-6go-128go-noir.html,smartphones,SAMSUNG,Économique,0
https://www.mytek.tn/smartphone-samsung-galaxy-a17-4g-6go-128go-bleu-clair.html,smartphones,SAMSUNG,Économique,0
https://www.mytek.tn/smartphone-samsung-galaxy-a17-5g-6go-128go-gris.html,smartphones,SAMSUNG,Économique,2
https://www.mytek.tn/smartphone-samsung-galaxy-a17-5g-6go-128go-bleu.html,smartphones,SAMSUNG,Économique,2
https://www.mytek.tn/smartphone-samsung-galaxy-a17-5g-6go-128go-noir.html,smartphones,SAMSUNG,Économique,2
https://www.mytek.tn/smartphone-samsung-galaxy-a16-5g-8go-256go-noir.html,smartphones,SAMSUNG,Économique,1
https://www.mytek.tn/smartphone-samsung-galaxy-a26-5g-6go-128go-noir.html,smartphones,SAMSUNG,Économique,1
https://www.mytek.tn/smartphone-samsung-galaxy-a26-5g-6go-128go-rose.html,smartphones,SAMSUNG,Économique,1
https://www.mytek.tn/smartphone-samsung-galaxy-a17-5g-8go-256go-noir.html,smartphones,SAMSUNG,Économique,2
https://www.mytek.tn/smartphone-samsung-galaxy-a17-5g-8go-256go-bleu.html,smartphones,SAMSUNG,Économique,2
https://www.mytek.tn/smartphone-samsung-galaxy-a17-5g-8go-256go-gris.html,smartphones,SAMSUNG,Économique,2
https://www.mytek.tn/smartphone-samsung-galaxy-a26-5g-8go-256go-blanc.html,smartphones,SAMSUNG,Économique,1
https://www.mytek.tn/smartphone-samsung-galaxy-a26-5g-8go-256go-noir.html,smartphones,SAMSUNG,Économique,1
https://www.mytek.tn/smartphone-samsung-galaxy-a36-5g-8go-128go-noir.html,smartphones,SAMSUNG,Milieu de gamme,1
https://www.mytek.tn/smartphone-samsung-galaxy-a36-5g-8go-128go-blanc.html,smartphones,SAMSUNG,Milieu de gamme,1
https://www.mytek.tn/smartphone-samsung-galaxy-a36-5g-8go-256go-noir.html,smartphones,SAMSUNG,Milieu de gamme,1
https://www.mytek.tn/smartphone-samsung-galaxy-a36-5g-8go-256go-lavender.html,smartphones,SAMSUNG,Milieu de gamme,1
https://www.mytek.tn/smartphone-samsung-galaxy-a36-5g-8go-256go-blanc.html,smartphones,SAMSUNG,Milieu de gamme,1
https://www.mytek.tn/smartphone-samsung-galaxy-a55-5g-16go-256go-awesome-navy.html,smartphones,SAMSUNG,Milieu de gamme,2
https://www.mytek.tn/smartphone-samsung-galaxy-a55-5g-256go-16go-ice-blue.html,smartphones,SAMSUNG,Milieu de gamme,2
https://www.mytek.tn/smartphone-samsung-galaxy-a56-5g-8go-128go-graphite.html,smartphones,SAMSUNG,Milieu de gamme,1
https://www.mytek.tn/smartphone-samsung-galaxy-a56-5g-8go-128go-gris.html,smartphones,SAMSUNG,Milieu de gamme,1
https://www.mytek.tn/smartphone-samsung-galaxy-a37-5g-8go-128go-blanc.html,smartphones,SAMSUNG,Milieu de gamme,0
https://www.mytek.tn/smartphone-samsung-galaxy-a37-5g-8go-128go-lavender.html,smartphones,SAMSUNG,Milieu de gamme,0
https://www.mytek.tn/smartphone-samsung-galaxy-a37-5g-8go-128go-gray-green.html,smartphones,SAMSUNG,Milieu de gamme,0
https://www.mytek.tn/smartphone-samsung-galaxy-a37-5g-8go-128go-awesome-charcoal.html,smartphones,SAMSUNG,Milieu de gamme,0
https://www.mytek.tn/smartphone-samsung-galaxy-a56-5g-8go-256go-graphite.html,smartphones,SAMSUNG,Milieu de gamme,1
https://www.mytek.tn/smartphone-samsung-galaxy-a56-5g-16go-256go-gris.html,smartphones,SAMSUNG,Milieu de gamme,1
https://www.mytek.tn/smartphone-samsung-galaxy-a37-5g-8go-256go-blanc.html,smartphones,SAMSUNG,Milieu de gamme,2
https://www.mytek.tn/smartphone-samsung-galaxy-a37-5g-8go-256go-lavender.html,smartphones,SAMSUNG,Milieu de gamme,2
https://www.mytek.tn/smartphone-samsung-galaxy-a37-5g-8go-256go-gray-green.html,smartphones,SAMSUNG,Milieu de gamme,2
https://www.mytek.tn/smartphone-samsung-galaxy-a37-5g-8go-256go-awesome-charcoal.html,smartphones,SAMSUNG,Milieu de gamme,2
https://www.mytek.tn/smartphone-samsung-galaxy-a57-5g-8go-128go-light-blue.html,smartphones,SAMSUNG,Milieu de gamme,0
https://www.mytek.tn/smartphone-samsung-galaxy-a57-5g-8go-128go-gris.html,smartphones,SAMSUNG,Milieu de gamme,0
https://www.mytek.tn/smartphone-samsung-galaxy-a57-5g-8go-128go-navy.html,smartphones,SAMSUNG,Milieu de gamme,0
https://www.mytek.tn/smartphone-samsung-galaxy-a57-5g-8go-128go-lilas.html,smartphones,SAMSUNG,Milieu de gamme,0
https://www.mytek.tn/smartphone-samsung-galaxy-a57-5g-8go-256go-light-blue.html,smartphones,SAMSUNG,Milieu de gamme,0
https://www.mytek.tn/smartphone-samsung-galaxy-a57-5g-8go-256go-gris.html,smartphones,SAMSUNG,Milieu de gamme,0
https://www.mytek.tn/smartphone-samsung-galaxy-a57-5g-8go-256go-navy.html,smartphones,SAMSUNG,Milieu de gamme,0
https://www.mytek.tn/smartphone-samsung-galaxy-a57-5g-8go-256go-lilas.html,smartphones,SAMSUNG,Milieu de gamme,0
https://www.mytek.tn/smartphone-samsung-galaxy-s25-fe-8go-256go-bleu-clair.html,smartphones,SAMSUNG,Premium,0
https://www.mytek.tn/smartphone-samsung-galaxy-s25-fe-8go-256go-bleu-marine.html,smartphones,SAMSUNG,Premium,0
https://www.mytek.tn/smartphone-samsung-galaxy-s25-fe-8go-256go-noir.html,smartphones,SAMSUNG,Premium,0
https://www.mytek.tn/smartphone-samsung-galaxy-s25-fe-8go-256go-blanc.html,smartphones,SAMSUNG,Premium,0
https://www.mytek.tn/smartphone-samsung-galaxy-s25-5g-12go-256go-ice-bleu.html,smartphones,SAMSUNG,Premium,0
https://www.mytek.tn/smartphone-samsung-galaxy-s25-12go-256go-light-green.html,smartphones,SAMSUNG,Premium,1
https://www.mytek.tn/smartphone-samsung-galaxy-s26-5g-12go-256go-blanc.html,smartphones,SAMSUNG,Premium,0
https://www.mytek.tn/smartphone-samsung-galaxy-s26-5g-12go-256go-violet-de-cobalt.html,smartphones,SAMSUNG,Premium,0
https://www.mytek.tn/smartphone-samsung-galaxy-s26-5g-12go-256go-noir.html,smartphones,SAMSUNG,Premium,0
https://www.mytek.tn/smartphone-samsung-galaxy-s26-5g-12go-256g-bleu-ciel.html,smartphones,SAMSUNG,Premium,0
https://www.mytek.tn/smartphone-samsung-galaxy-s25-ultra-5g-12go-256go-noir-titanium.html,smartphones,SAMSUNG,Premium,1
https://www.mytek.tn/smartphone-samsung-galaxy-s25-ultra-5g-12go-256go-gris-titanium.html,smartphones,SAMSUNG,Premium,1
https://www.mytek.tn/smartphone-samsung-galaxy-s25-ultra-5g-12go-256go-bleu-titanium.html,smartphones,SAMSUNG,Premium,1
https://www.mytek.tn/smartphone-samsung-galaxy-s26-5g-12go-512go-noir.html,smartphones,SAMSUNG,Premium,0
https://www.mytek.tn/smartphone-samsung-galaxy-s26-5g-12go-512go-blanc.html,smartphones,SAMSUNG,Premium,0
https://www.mytek.tn/smartphone-samsung-galaxy-s26-5g-12go-512go-bleu-ciel.html,smartphones,SAMSUNG,Premium,0
https://www.mytek.tn/smartphone-samsung-galaxy-s26-5g-12go-512go-violet-de-cobalt.html,smartphones,SAMSUNG,Premium,0
https://www.mytek.tn/smartphone-samsung-galaxy-s26-ultra-5g-12go-256go-bleu-ciel.html,smartphones,SAMSUNG,Premium,1
https://www.mytek.tn/smartphone-samsung-galaxy-s26-ultra-5g-12go-256go-blanc.html,smartphones,SAMSUNG,Premium,1
https://www.mytek.tn/smartphone-samsung-galaxy-s26-ultra-5g-12go-256go-noir.html,smartphones,SAMSUNG,Premium,1
https://www.mytek.tn/smartphone-samsung-galaxy-s26-ultra-5g-12go-256go-violet-de-cobalt.html,smartphones,SAMSUNG,Premium,1
https://www.mytek.tn/smartphone-samsung-galaxy-s26-ultra-5g-12go-512go-noir.html,smartphones,SAMSUNG,Premium,1
https://www.mytek.tn/smartphone-samsung-galaxy-s26-ultra-5g-12go-512go-blanc.html,smartphones,SAMSUNG,Premium,1
https://www.mytek.tn/smartphone-samsung-galaxy-s26-ultra-5g-12go-512go-bleu-ciel.html,smartphones,SAMSUNG,Premium,1
https://www.mytek.tn/smartphone-samsung-galaxy-s26-ultra-5g-12go-512go-violet-de-cobalt.html,smartphones,SAMSUNG,Premium,1
https://www.mytek.tn/smartphone-xiaomi-redmi-15c-4go-128go-noir-de-minuit.html,smartphones,XIAOMI,Économique,profil_descriptif
https://www.mytek.tn/smartphone-xiaomi-redmi-15c-4go-128go-vert-menthe.html,smartphones,XIAOMI,Économique,profil_descriptif
https://www.mytek.tn/smartphone-xiaomi-redmi-15c-4go-128go-bleu-moonlight.html,smartphones,XIAOMI,Économique,profil_descriptif
https://www.mytek.tn/smartphone-xiaomi-redmi-15c-4go-128go-orange-twilight.html,smartphones,XIAOMI,Économique,profil_descriptif
https://www.mytek.tn/smartphone-xiaomi-redmi-15c-6go-128go-noir-de-minuit.html,smartphones,XIAOMI,Économique,profil_descriptif
https://www.mytek.tn/smartphone-xiaomi-redmi-15c-6go-128go-vert-menthe.html,smartphones,XIAOMI,Économique,profil_descriptif
https://www.mytek.tn/smartphone-xiaomi-redmi-15c-4go-128go-5g-vert-menthe.html,smartphones,XIAOMI,Économique,profil_descriptif
https://www.mytek.tn/smartphone-xiaomi-redmi-note-14-6go-128go-lime-vert.html,smartphones,XIAOMI,Économique,profil_descriptif
https://www.mytek.tn/smartphone-xiaomi-redmi-15c-8go-256go-noir-de-minuit.html,smartphones,XIAOMI,Économique,profil_descriptif
https://www.mytek.tn/smartphone-xiaomi-redmi-15c-8go-256go-vert-menthe.html,smartphones,XIAOMI,Économique,profil_descriptif
https://www.mytek.tn/smartphone-xiaomi-redmi-15c-8go-256go-bleu-moonlight.html,smartphones,XIAOMI,Économique,profil_descriptif
https://www.mytek.tn/smartphone-xiaomi-redmi-15c-8go-256go-orange-twilight.html,smartphones,XIAOMI,Économique,profil_descriptif
https://www.mytek.tn/smartphone-xiaomi-redmi-15-8go-256go-violet-sableux.html,smartphones,XIAOMI,Économique,profil_descriptif
https://www.mytek.tn/smartphone-xiaomi-redmi-15-8go-256go-noir-de-minuit.html,smartphones,XIAOMI,Économique,profil_descriptif
https://www.mytek.tn/smartphone-xiaomi-redmi-15-8go-256go-gris-titane.html,smartphones,XIAOMI,Économique,profil_descriptif
https://www.mytek.tn/smartphone-xiaomi-redmi-15c-4go-128go-5g-noir-de-minuit.html,smartphones,XIAOMI,Économique,profil_descriptif
https://www.mytek.tn/smartphone-xiaomi-redmi-note-14-8go-256go-noir-de-minuit.html,smartphones,XIAOMI,Économique,profil_descriptif
https://www.mytek.tn/smartphone-xiaomi-redmi-note-14-8go-256go-ocean-blue.html,smartphones,XIAOMI,Économique,profil_descriptif
https://www.mytek.tn/smartphone-xiaomi-redmi-note-14-8go-256go-lime-vert.html,smartphones,XIAOMI,Économique,profil_descriptif
https://www.mytek.tn/smartphone-xiaomi-redmi-note-14-4g-8go-256go-sand-gold.html,smartphones,XIAOMI,Économique,profil_descriptif
https://www.mytek.tn/smartphone-xiaomi-redmi-note-14-8go-128go-ocean-blue.html,smartphones,XIAOMI,Milieu de gamme,profil_descriptif
https://www.mytek.tn/smartphone-xiaomi-redmi-note-14-8go-128go-lime-vert.html,smartphones,XIAOMI,Milieu de gamme,profil_descriptif
https://www.mytek.tn/smartphone-xiaomi-redmi-note-14-4g-8go-128go-midnight-black.html,smartphones,XIAOMI,Milieu de gamme,profil_descriptif
https://www.mytek.tn/smartphone-xiaomi-redmi-note-14-4g-8go-128go-purple.html,smartphones,XIAOMI,Milieu de gamme,profil_descriptif
https://www.mytek.tn/smartphone-xiaomi-redmi-note-15-5g-6go-128go-noir.html,smartphones,XIAOMI,Milieu de gamme,profil_descriptif
https://www.mytek.tn/smartphone-xiaomi-redmi-note-15-5g-6go-128go-glacier-blue.html,smartphones,XIAOMI,Milieu de gamme,profil_descriptif
https://www.mytek.tn/smartphone-xiaomi-redmi-note-15-5g-6go-128go-violet.html,smartphones,XIAOMI,Milieu de gamme,profil_descriptif
https://www.mytek.tn/smartphone-xiaomi-redmi-note-15-5g-6go-128go-forest-green.html,smartphones,XIAOMI,Milieu de gamme,profil_descriptif
https://www.mytek.tn/smartphone-xiaomi-redmi-15c-8go-256go-5g-vert-menthe.html,smartphones,XIAOMI,Milieu de gamme,profil_descriptif
https://www.mytek.tn/smartphone-xiaomi-redmi-15c-8go-256go-5g-noir-de-minuit.html,smartphones,XIAOMI,Milieu de gamme,profil_descriptif
https://www.mytek.tn/smartphone-xiaomi-redmi-note-15-4g-8go-256go-noir.html,smartphones,XIAOMI,Milieu de gamme,profil_descriptif
https://www.mytek.tn/smartphone-xiaomi-redmi-note-15-4g-8go-256go-forest-green.html,smartphones,XIAOMI,Milieu de gamme,profil_descriptif
https://www.mytek.tn/smartphone-xiaomi-redmi-note-15-4g-8go-256go-glacier-blue.html,smartphones,XIAOMI,Milieu de gamme,profil_descriptif
https://www.mytek.tn/smartphone-xiaomi-redmi-note-15-4g-8go-256go-violet.html,smartphones,XIAOMI,Milieu de gamme,profil_descriptif
https://www.mytek.tn/smartphone-xiaomi-redmi-note-15-5g-6go-128go-couleur-noir.html,smartphones,XIAOMI,Premium,0
https://www.mytek.tn/smartphone-xiaomi-redmi-note-15-5g-6go-128go-couleur-glacier-blue.html,smartphones,XIAOMI,Premium,0
https://www.mytek.tn/smartphone-xiaomi-redmi-note-15-5g-6go-128go-couleur-violet-lavande.html,smartphones,XIAOMI,Premium,0
https://www.mytek.tn/smartphone-xiaomi-redmi-note-15-5g-8go-256go-couleur-noir.html,smartphones,XIAOMI,Premium,0
https://www.mytek.tn/smartphone-xiaomi-redmi-note-15-5g-8go-256go-couleur-glacier-blue.html,smartphones,XIAOMI,Premium,0
https://www.mytek.tn/smartphone-xiaomi-redmi-note-15-5g-8go-256go-couleur-violet-lavande.html,smartphones,XIAOMI,Premium,0
https://www.mytek.tn/smartphone-xiaomi-redmi-note-15-pro-5g-8go-256go-noir.html,smartphones,XIAOMI,Premium,1
https://www.mytek.tn/smartphone-xiaomi-redmi-note-15-pro-5g-8go-256go-glacier-blue.html,smartphones,XIAOMI,Premium,1
https://www.mytek.tn/smartphone-xiaomi-redmi-note-14-pro-plus-5g-8go-256go-bleu-givre.html,smartphones,XIAOMI,Premium,0
https://www.mytek.tn/smartphone-xiaomi-redmi-note-15-pro-plus-5g-8go-256go-glacier-bleu.html,smartphones,XIAOMI,Premium,1
https://www.mytek.tn/smartphone-xiaomi-redmi-note-15-pro-plus-5g-8go-256go-mocha-brown.html,smartphones,XIAOMI,Premium,1
https://www.mytek.tn/smartphone-xiaomi-redmi-note-15-pro-8go-256go-5g-noir.html,smartphones,XIAOMI,Premium,1
https://www.mytek.tn/smartphone-xiaomi-redmi-note-15-pro-plus-5g-12go-512go-noir.html,smartphones,XIAOMI,Premium,1
https://www.mytek.tn/smartphone-xiaomi-redmi-note-15-pro-plus-5g-12go-512go-glacier-bleu.html,smartphones,XIAOMI,Premium,1
https://www.mytek.tn/smartphone-xiaomi-redmi-note-15-pro-plus-5g-12go-512go-moka-brown.html,smartphones,XIAOMI,Premium,1
https://www.mytek.tn/smartphone-honor-x5c-4go-64go-bleu.html,smartphones,HONOR,Économique,profil_descriptif
https://www.mytek.tn/smartphone-honor-x5b-plus-4go-128go-bleu.html,smartphones,HONOR,Économique,profil_descriptif
https://www.mytek.tn/smartphone-honor-x5c-plus-4g-4go-128go-ocean-cyan.html,smartphones,HONOR,Économique,profil_descriptif
https://www.mytek.tn/smartphone-honor-x5c-plus-4g-128go-4go-midnight-black.html,smartphones,HONOR,Économique,profil_descriptif
https://www.mytek.tn/smartphone-honor-x6c-12go-128go-4g-cyan.html,smartphones,HONOR,Économique,profil_descriptif
https://www.mytek.tn/smartphone-honor-x6c-12go-256go-4g-cyan.html,smartphones,HONOR,Économique,profil_descriptif
https://www.mytek.tn/smartphone-honor-x6c-12go-256go-4g-blanc.html,smartphones,HONOR,Économique,profil_descriptif
https://www.mytek.tn/smartphone-honor-x7d-5g-6go-128go-desert-gold.html,smartphones,HONOR,Économique,profil_descriptif
https://www.mytek.tn/smartphone-honor-x7d-5g-6go-128go-meteor-silver.html,smartphones,HONOR,Économique,profil_descriptif
https://www.mytek.tn/smartphone-honor-x7d-5g-6go-128go-velvet-black.html,smartphones,HONOR,Économique,profil_descriptif
https://www.mytek.tn/smartphone-honor-x7d-5g-8go-256go-desert-gold.html,smartphones,HONOR,Milieu de gamme,profil_descriptif
https://www.mytek.tn/smartphone-honor-x7d-5g-8go-256go-meteor-silver.html,smartphones,HONOR,Milieu de gamme,profil_descriptif
https://www.mytek.tn/smartphone-honor-x7d-5g-8go-256go-velvet-black.html,smartphones,HONOR,Milieu de gamme,profil_descriptif
https://www.mytek.tn/smartphone-honor-x7d-4g-8go-256go-velvet-black.html,smartphones,HONOR,Milieu de gamme,profil_descriptif
https://www.mytek.tn/smartphone-honor-x7d-4g-8go-256go-meteor-silver.html,smartphones,HONOR,Milieu de gamme,profil_descriptif
https://www.mytek.tn/smartphone-honor-x7d-4g-8go-256go-desert-gold.html,smartphones,HONOR,Milieu de gamme,profil_descriptif
https://www.mytek.tn/smartphone-honor-400-lite-5g-8go-256go-gris.html,smartphones,HONOR,Milieu de gamme,profil_descriptif
https://www.mytek.tn/smartphone-honor-x8d-4g-8go-256go-velvet-noir.html,smartphones,HONOR,Milieu de gamme,profil_descriptif
https://www.mytek.tn/smartphone-honor-x8d-4g-8go-256go-velvet-vert.html,smartphones,HONOR,Milieu de gamme,profil_descriptif
https://www.mytek.tn/smartphone-honor-x8d-4g-8go-256go-bleu-clair.html,smartphones,HONOR,Milieu de gamme,profil_descriptif
https://www.mytek.tn/smartphone-honor-x9b-5g-12go-256go-orange.html,smartphones,HONOR,Premium,profil_descriptif
https://www.mytek.tn/smartphone-honor-600-lite-5g-8go-256go-noir.html,smartphones,HONOR,Premium,profil_descriptif
https://www.mytek.tn/smartphone-honor-600-lite-5g-8go-256go-vert.html,smartphones,HONOR,Premium,profil_descriptif
https://www.mytek.tn/smartphone-honor-600-lite-5g-8go-256go-gris.html,smartphones,HONOR,Premium,profil_descriptif
https://www.mytek.tn/smartphone-honor-x9d-5g-12go-256go-marron-rougeatre.html,smartphones,HONOR,Premium,profil_descriptif
https://www.mytek.tn/smartphone-honor-x9d-5g-12go-256go-noir-de-minuit.html,smartphones,HONOR,Premium,profil_descriptif
https://www.mytek.tn/smartphone-honor-x9d-5g-12go-256go-gold.html,smartphones,HONOR,Premium,profil_descriptif
https://www.mytek.tn/smartphone-honor-600-5g-256go-12go-orange.html,smartphones,HONOR,Premium,profil_descriptif
https://www.mytek.tn/smartphone-honor-600-5g-256go-12go-golden-white.html,smartphones,HONOR,Premium,profil_descriptif
https://www.mytek.tn/smartphone-honor-600-5g-256go-12go-noir.html,smartphones,HONOR,Premium,profil_descriptif
https://www.mytek.tn/smartphone-vivo-y04-4go-64go-or-titane.html,smartphones,VIVO,Économique,profil_descriptif
https://www.mytek.tn/smartphone-vivo-y04-4go-64go-vert-jade.html,smartphones,VIVO,Économique,profil_descriptif
https://www.mytek.tn/smartphone-vivo-y04-4go-128go-vert-jade.html,smartphones,VIVO,Économique,profil_descriptif
https://www.mytek.tn/smartphone-vivo-y04-4go-128go-or-titane.html,smartphones,VIVO,Économique,profil_descriptif
https://www.mytek.tn/smartphone-vivo-y19s-12gb-128gb-silver.html,smartphones,VIVO,Économique,profil_descriptif
https://www.mytek.tn/smartphone-vivo-y19s-12go-128go-noir.html,smartphones,VIVO,Économique,profil_descriptif
https://www.mytek.tn/smartphone-vivo-y21d-6go-128go-rouge-corail.html,smartphones,VIVO,Économique,profil_descriptif
https://www.mytek.tn/smartphone-vivo-y21d-6go-256go-rouge-corail.html,smartphones,VIVO,Économique,profil_descriptif
https://www.mytek.tn/smartphone-vivo-v40-lite-8go-256go-silver-titane.html,smartphones,VIVO,Milieu de gamme,profil_descriptif
https://www.mytek.tn/smartphone-vivo-y31d-4g-6go-128go-gris.html,smartphones,VIVO,Milieu de gamme,profil_descriptif
https://www.mytek.tn/smartphone-vivo-y31d-4g-6go-128go-6-75-120hz-gold.html,smartphones,VIVO,Milieu de gamme,profil_descriptif
https://www.mytek.tn/smartphone-vivo-y31d-4g-8go-128go-120hz-7200mah-gold.html,smartphones,VIVO,Milieu de gamme,profil_descriptif
https://www.mytek.tn/smartphone-vivo-y31d-4g-8go-128go-6-75-7200-mah-gris.html,smartphones,VIVO,Milieu de gamme,profil_descriptif
https://www.mytek.tn/smartphone-vivo-y31d-4g-8go-256go-7200mah-gris.html,smartphones,VIVO,Milieu de gamme,profil_descriptif
https://www.mytek.tn/smartphone-vivo-y31d-4g-8go-256go-120hz-7200mah-gold.html,smartphones,VIVO,Milieu de gamme,profil_descriptif
https://www.mytek.tn/smartphone-vivo-y31-5g-16go-256go-noir.html,smartphones,VIVO,Milieu de gamme,profil_descriptif
https://www.mytek.tn/smartphone-vivo-y31-5g-16go-256go-violet.html,smartphones,VIVO,Milieu de gamme,profil_descriptif
https://www.mytek.tn/smartphone-vivo-v70-fe-5g-8go-256go-ocean-blue.html,smartphones,VIVO,Premium,profil_descriptif
https://www.mytek.tn/smartphone-vivo-v70-fe-5g-8go-256go-titanium-silver.html,smartphones,VIVO,Premium,profil_descriptif
https://www.mytek.tn/smartphone-vivo-v50-5g-12go-256go-bleu.html,smartphones,VIVO,Premium,profil_descriptif
https://www.mytek.tn/smartphone-vivo-v70-fe-5g-12go-256go-titanium-silver.html,smartphones,VIVO,Premium,profil_descriptif
https://www.mytek.tn/smartphone-vivo-v70-fe-5g-12go-256go-ocean-blue.html,smartphones,VIVO,Premium,profil_descriptif
https://www.mytek.tn/smartphone-vivo-v70-5g-12go-512go-grey-dunes.html,smartphones,VIVO,Premium,profil_descriptif
https://www.mytek.tn/smartphone-vivo-v70-5g-12go-512go-brun-mat.html,smartphones,VIVO,Premium,profil_descriptif
https://www.mytek.tn/smartphone-infinix-smart-20-4go-64go-shadow-black.html,smartphones,INFINIX,Économique,profil_descriptif
https://www.mytek.tn/smartphone-infinix-smart-20-4go-64go-sunlike-orange.html,smartphones,INFINIX,Économique,profil_descriptif
https://www.mytek.tn/smartphone-infinix-smart-20-4go-64go-polaris-titanium.html,smartphones,INFINIX,Économique,profil_descriptif
https://www.mytek.tn/smartphone-infinix-smart-20-4go-64go-cloudine-blue.html,smartphones,INFINIX,Économique,profil_descriptif
https://www.mytek.tn/smartphone-infinix-smart-20-4go-128go-polaris-titanium.html,smartphones,INFINIX,Économique,profil_descriptif
https://www.mytek.tn/smartphone-infinix-smart-20-4go-128go-cloudine-blue.html,smartphones,INFINIX,Économique,profil_descriptif
https://www.mytek.tn/smartphone-infinix-smart-20-4go-128go-sunlike-orange.html,smartphones,INFINIX,Économique,profil_descriptif
https://www.mytek.tn/smartphone-infinix-smart-20-4go-128go-shadow-black.html,smartphones,INFINIX,Économique,profil_descriptif
https://www.mytek.tn/smartphone-infinix-hot-60-pro-plus-4g-8-8go-256go-sleek-black.html,smartphones,INFINIX,Milieu de gamme,profil_descriptif
https://www.mytek.tn/smartphone-infinix-hot-60-pro-plus-4g-8-8go-256go-titanium-silver.html,smartphones,INFINIX,Milieu de gamme,profil_descriptif
https://www.mytek.tn/smartphone-infinix-hot-60-pro-plus-4g-8-8go-256go-misty-violet.html,smartphones,INFINIX,Milieu de gamme,profil_descriptif
https://www.mytek.tn/smartphone-infinix-hot-60-pro-plus-4g-8-8go-256go-coral-tides.html,smartphones,INFINIX,Milieu de gamme,profil_descriptif
https://www.mytek.tn/smartphone-infinix-hot-60-pro-plus-4g-8-8go-256go-sonic-yellow.html,smartphones,INFINIX,Milieu de gamme,profil_descriptif
https://www.mytek.tn/smartphone-infinix-note-40-5g-pro-24go-256go-edition-racing-gris.html,smartphones,INFINIX,Milieu de gamme,profil_descriptif
https://www.mytek.tn/smartphone-infinix-note-60-edge-5g-16go-256go-lunar-titanium.html,smartphones,INFINIX,Milieu de gamme,profil_descriptif
https://www.mytek.tn/smartphone-infinix-note-60-edge-5g-16go-256go-silk-green.html,smartphones,INFINIX,Milieu de gamme,profil_descriptif
https://www.mytek.tn/smartphone-infinix-note-60-edge-5g-16go-256go-shadow-black.html,smartphones,INFINIX,Milieu de gamme,profil_descriptif
https://www.mytek.tn/smartphone-infinix-note-60-pro-5g-12go-256go-orange.html,smartphones,INFINIX,Premium,profil_descriptif
https://www.mytek.tn/smartphone-infinix-note-60-pro-5g-12go-256go-deep-ocean-blue.html,smartphones,INFINIX,Premium,profil_descriptif
https://www.mytek.tn/smartphone-infinix-note-60-pro-5g-12go-256go-titanium.html,smartphones,INFINIX,Premium,profil_descriptif
https://www.mytek.tn/smartphone-infinix-gt-50-pro-5g-12go-256go-noir.html,smartphones,INFINIX,Premium,profil_descriptif
https://www.mytek.tn/smartphone-infinix-gt-50-pro-5g-12go-256go-rouge.html,smartphones,INFINIX,Premium,profil_descriptif
https://www.mytek.tn/smartphone-oppo-a5x-4go-128go-laser-white.html,smartphones,OPPO,Économique,profil_descriptif
https://www.mytek.tn/smartphone-oppo-a5x-4go-128go-midnight-blue.html,smartphones,OPPO,Économique,profil_descriptif
https://www.mytek.tn/smartphone-oppo-a6x-4go-128go-bleu.html,smartphones,OPPO,Économique,profil_descriptif
https://www.mytek.tn/smartphone-oppo-a6x-4go-128go-violet.html,smartphones,OPPO,Économique,profil_descriptif
https://www.mytek.tn/smartphone-oppo-a5-4g-6go-128go-blanc-brumeux.html,smartphones,OPPO,Économique,profil_descriptif
https://www.mytek.tn/smartphone-oppo-a5-4g-6go-128go-vert-aurore.html,smartphones,OPPO,Économique,profil_descriptif
https://www.mytek.tn/smartphone-oppo-a6x-5g-8go-4go-4go-ram-extensible-128go-plum-purple.html,smartphones,OPPO,Économique,profil_descriptif
https://www.mytek.tn/smartphone-oppo-a6x-5g-8go-4go-4go-ram-extensible-128go-bleu-glacier.html,smartphones,OPPO,Économique,profil_descriptif
https://www.mytek.tn/smartphone-oppo-a76-6go-128go-bleu.html,smartphones,OPPO,Milieu de gamme,profil_descriptif
https://www.mytek.tn/smartphone-oppo-a5-4g-8go-256go-vert-aurore.html,smartphones,OPPO,Milieu de gamme,profil_descriptif
https://www.mytek.tn/smartphone-oppo-a5-4g-8go-256go-blanc-brumeux.html,smartphones,OPPO,Milieu de gamme,profil_descriptif
https://www.mytek.tn/smartphone-oppo-a5-5g-6go-128go-vert.html,smartphones,OPPO,Milieu de gamme,profil_descriptif
https://www.mytek.tn/smartphone-oppo-a5-5g-6go-128go-blanc.html,smartphones,OPPO,Milieu de gamme,profil_descriptif
https://www.mytek.tn/smartphone-oppo-a6-pro-4g-8go-256go-bleu.html,smartphones,OPPO,Milieu de gamme,profil_descriptif
https://www.mytek.tn/smartphone-oppo-a6-pro-4g-8go-256go-rouge.html,smartphones,OPPO,Milieu de gamme,profil_descriptif
https://www.mytek.tn/smartphone-oppo-a6-8go-256go-aurora-gold.html,smartphones,OPPO,Premium,profil_descriptif
https://www.mytek.tn/smartphone-oppo-a6-8go-256go-saphir-bleu.html,smartphones,OPPO,Premium,profil_descriptif
https://www.mytek.tn/smartphone-oppo-a6-pro-5g-8go-256go-bleu.html,smartphones,OPPO,Premium,profil_descriptif
https://www.mytek.tn/smartphone-oppo-a6-pro-5g-8go-256go-rouge.html,smartphones,OPPO,Premium,profil_descriptif
https://www.mytek.tn/smartphone-oppo-reno14-f-5g-12go-256go-opal-blue.html,smartphones,OPPO,Premium,profil_descriptif
https://www.mytek.tn/smartphone-oppo-reno-15f-5g-24go-512go-bleu-crepuscule.html,smartphones,OPPO,Premium,profil_descriptif
https://www.mytek.tn/smartphone-oppo-reno-15f-5g-24go-512go-bleu-aurore.html,smartphones,OPPO,Premium,profil_descriptif
https://www.mytek.tn/smartphone-lesia-young-1-2go-16go-bleu-fonce.html,smartphones,LESIA,Économique,profil_descriptif
https://www.mytek.tn/smartphone-lesia-young-1-2go-16go-violet.html,smartphones,LESIA,Économique,profil_descriptif
https://www.mytek.tn/smartphone-lesia-young-1-2go-16go-bleu-ciel.html,smartphones,LESIA,Économique,profil_descriptif
https://www.mytek.tn/smartphone-lesia-young-6-2go-16go-noir.html,smartphones,LESIA,Économique,profil_descriptif
https://www.mytek.tn/smartphone-lesia-young-6-2go-16go-gold.html,smartphones,LESIA,Économique,profil_descriptif
https://www.mytek.tn/smartphone-lesia-young-6-2-2go-16go-silver.html,smartphones,LESIA,Économique,profil_descriptif
https://www.mytek.tn/smartphone-lesia-young-2-4go-32go-purple.html,smartphones,LESIA,Premium,profil_descriptif
https://www.mytek.tn/smartphone-lesia-young-2-4go-32go-vert.html,smartphones,LESIA,Premium,profil_descriptif
https://www.mytek.tn/smartphone-lesia-young-2-4go-32go-dark-bleu.html,smartphones,LESIA,Premium,profil_descriptif
https://www.mytek.tn/smartphone-lesia-young-3-2-2-go-32go-rose.html,smartphones,LESIA,Premium,profil_descriptif
https://www.mytek.tn/smartphone-lesia-young-3-2-2-go-32go-sky-blue.html,smartphones,LESIA,Premium,profil_descriptif
https://www.mytek.tn/smartphone-lesia-young-3-4go-32go-dark-blue.html,smartphones,LESIA,Premium,profil_descriptif
https://www.mytek.tn/smartphone-oscal-flat-2-4go-128go-bleu.html,smartphones,OSCAL,Gamme unique,profil_descriptif
https://www.mytek.tn/smartphone-oscal-flat-2-12go-128go-noir.html,smartphones,OSCAL,Gamme unique,profil_descriptif
https://www.mytek.tn/smartphone-oscal-flat-2-6go-256go-noir.html,smartphones,OSCAL,Gamme unique,profil_descriptif
https://www.mytek.tn/smartphone-oscal-flat-2-6go-256go-bleu.html,smartphones,OSCAL,Gamme unique,profil_descriptif
https://www.mytek.tn/smartphone-oscal-marine-2-12go-64go-noir.html,smartphones,OSCAL,Gamme unique,profil_descriptif
https://www.mytek.tn/smartphone-oscal-tiger-12-8go-128go-bleu.html,smartphones,OSCAL,Gamme unique,profil_descriptif
https://www.mytek.tn/smartphone-oscal-tiger-12-16go-128go-gris.html,smartphones,OSCAL,Gamme unique,profil_descriptif
https://www.mytek.tn/smartphone-tecno-spark-30c-5g-4go-64go-midnight-shadow.html,smartphones,TECNO,Gamme unique,profil_descriptif
https://www.mytek.tn/smartphone-tecno-spark-30-5g-4-go-128-go-aurora-cloud.html,smartphones,TECNO,Gamme unique,profil_descriptif
https://www.mytek.tn/smartphone-tecno-spark-30-5g-4-go-128-go-midnight-shadow.html,smartphones,TECNO,Gamme unique,profil_descriptif
https://www.mytek.tn/smartphone-tecno-spark-30-5g-4-go-128-go-azure-sky.html,smartphones,TECNO,Gamme unique,profil_descriptif
https://www.mytek.tn/smartphone-tecno-spark-30-5g-6go-128-go-aurora-gold.html,smartphones,TECNO,Gamme unique,profil_descriptif
https://www.mytek.tn/smartphone-tecno-spark-30-5g-6go-128-go-azure-sky.html,smartphones,TECNO,Gamme unique,profil_descriptif
