url,prix_tnd,nom,marque,ram_go,stockage_go,cpu_serie,os_platform,has_5g,has_wifi
https://www.mytek.tn/pc-de-bureau-asus-expertcenter-p500mv-i3-13e-gen-8g-256g-ssd-gris.html,1399.0,Pc de Bureau ASUS ExpertCenter P500MV i3 13è Gén 8G 256G SSD - Gris,ASUS,8.0,256.0,3.0,FreeDos,0,1
https://www.mytek.tn/pc-de-bureau-asus-expertcenter-p500mv-intel-core-3-100u-8go-256go-ssd-gris.html,1399.0,Pc de Bureau ASUS ExpertCenter P500MV Intel Core 3 100U 8Go 256Go SSD - Gris,ASUS,8.0,256.0,3.0,FreeDos,0,1
https://www.mytek.tn/pc-de-bureau-asus-expertcenter-p500mv-i5-13e-gen-8g-512g-ssd-gris.html,1689.0,Pc de Bureau ASUS ExpertCenter P500MV i5 13è Gén 8G 512G SSD - Gris,ASUS,8.0,512.0,5.0,FreeDos,0,1
https://www.mytek.tn/pc-de-bureau-asus-expertcenter-p500mv-intel-core-5-210h-8g-512g-ssd-gris.html,1729.0,Pc de Bureau ASUS ExpertCenter P500MV Intel Core 5 210H 8G 512G SSD - Gris,ASUS,8.0,512.0,5.0,FreeDos,0,1
https://www.mytek.tn/pc-de-bureau-asus-expertcenter-p500mv-i5-13e-gen-8g-512-ssd-gris.html,1789.0,Pc de Bureau ASUS ExpertCenter P500MV i5 13è Gén 8Go 512Go SSD - Gris,ASUS,8.0,512.0,5.0,Windows 11 Pro,0,1
https://www.mytek.tn/pc-de-bureau-asus-expertcenter-p500mv-i3-13e-gen-16g-256g-ssd-gris.html,1799.0,Pc de Bureau ASUS ExpertCenter P500MV i3 13è Gén 16G 256G SSD - Gris,ASUS,16.0,256.0,3.0,FreeDos,0,1
https://www.mytek.tn/pc-de-bureau-asus-expertcenter-p500mv-intel-core-7-240h-8go-512go-ssd-gris.html,1939.0,Pc de Bureau ASUS ExpertCenter P500MV Intel Core 7 240H 8Go 512Go SSD - Gris,ASUS,8.0,512.0,7.0,FreeDos,0,1
https://www.mytek.tn/pc-de-bureau-asus-expertcenter-p500mv-i7-13e-gen-8go-512go-ssd-gris.html,1999.0,Pc de Bureau ASUS ExpertCenter P500MV i7 13è Gén 8Go 512Go SSD - Gris,ASUS,8.0,512.0,7.0,FreeDos,0,1
https://www.mytek.tn/pc-de-bureau-asus-expertcenter-p500mv-i7-13eme-gen-8g-512go-ssd-noir.html,2059.0,Pc de Bureau ASUS ExpertCenter P500MV i7 13ème Gén 8G 512Go SSD - Gris,ASUS,8.0,512.0,7.0,Windows 11 Famille,0,1
https://www.mytek.tn/pc-de-bureau-asus-expertcenter-p500mv-i7-13e-gen-8g-512go-ssd-gris.html,2099.0,Pc de Bureau ASUS ExpertCenter P500MV i7 13è Gén 8G 512Go SSD - Gris,ASUS,8.0,512.0,7.0,FreeDos,0,1
https://www.mytek.tn/pc-de-bureau-asus-expertcenter-p500mv-i5-13e-gen-16go-512go-ssd-gris.html,2129.0,Pc de Bureau ASUS ExpertCenter P500MV i5 13è Gén 16Go 512Go SSD - Gris,ASUS,16.0,512.0,5.0,FreeDos,0,1
https://www.mytek.tn/pc-de-bureau-asus-expertcenter-p500mv-i5-13e-gen-16g-512g-ssd-gris.html,2139.0,Pc de Bureau ASUS ExpertCenter P500MV i5 13è Gén 16G 512G SSD - Gris,ASUS,16.0,512.0,5.0,FreeDos,0,1
https://www.mytek.tn/pc-de-bureau-all-in-one-asus-p440vak-intel-core-5-210h-8go-512go-ssd.html,2269.0,PC de Bureau ALL IN ONE ASUS P440VAK Intel Core 5 210H 8Go 512Go SSD,ASUS,8.0,512.0,5.0,FreeDos,0,1
https://www.mytek.tn/pc-de-bureau-asus-expertcenter-p500mv-i7-13e-gen-16go-512go-ssd-gris.html,2399.0,Pc de Bureau ASUS ExpertCenter P500MV i7 13è Gén 16Go 512Go SSD - Gris,ASUS,16.0,512.0,7.0,FreeDos,0,1
https://www.mytek.tn/pc-de-bureau-asus-expertcenter-p500mv-i5-13e-gen-24go-512go-ssd-gris.html,2529.0,Pc de Bureau ASUS ExpertCenter P500MV i5 13è Gén 24Go 512Go SSD - Gris,ASUS,24.0,512.0,5.0,FreeDos,0,1
https://www.mytek.tn/pc-de-bureau-asus-expertcenter-p500mv-i5-13e-gen-24g-512g-ssd-gris.html,2569.0,Pc de Bureau ASUS ExpertCenter P500MV i5 13è Gén 24G 512G SSD - Gris,ASUS,24.0,512.0,5.0,FreeDos,0,1
https://www.mytek.tn/pc-de-bureau-all-in-one-asus-p440vak-intel-core-7-240h-8go-512go-ssd.html,2599.0,PC de Bureau ALL IN ONE ASUS P440VAK Intel Core 7 240H 8Go 512Go SSD,ASUS,8.0,512.0,7.0,FreeDos,0,1
https://www.mytek.tn/pc-de-bureau-all-in-one-asus-p440vak-intel-core-7-240h-8go-512go-ssd-blanc.html,2599.0,PC de Bureau ALL IN ONE ASUS P440VAK Intel Core 7 240H 8Go 512Go SSD - Blanc,ASUS,8.0,512.0,7.0,FreeDos,0,1
https://www.mytek.tn/mini-pc-de-bureau-bmax-b3-pro-n5095-8go-256go-ssd.html,569.0,Mini PC de Bureau BMAX B3 Pro N5095 8Go 256Go SSD,BMAX,8.0,256.0,0.0,Windows 11,0,1
https://www.mytek.tn/mini-pc-de-bureau-chuwi-larkbox-x-i3-12e-gen-8go-256go-ssd.html,1199.0,Mini PC de Bureau CHUWI LarkBox X i3 12è Gén 8Go 256Go SSD,CHUWI,8.0,256.0,3.0,Windows 11 Pro,0,1
https://www.mytek.tn/pc-de-bureau-dell-pro-tower-essential-qvt1260-i3-14e-gen-8go-512go-ssd-noir.html,1529.0,PC de Bureau DELL Pro Tower Essential QVT1260 i3 14è Gén 8Go 512Go SSD - Noir,DELL,8.0,512.0,3.0,FreeDos,0,1
https://www.mytek.tn/pc-de-bureau-dell-tower-ect1250-i3-14e-gen-8go-512go-ssd-noir.html,1549.0,PC de Bureau DELL Tower ECT1250 i3 14è Gén 8Go 512Go SSD - Noir,DELL,8.0,512.0,3.0,FreeDos,0,1
https://www.mytek.tn/pc-de-bureau-dell-pro-tower-essential-qvt1260-i3-14e-gen-8g-512go-ssd-noir.html,1569.0,PC de Bureau DELL Pro Tower Essential QVT1260 i3 14è Gén 8G 512Go SSD - Noir,DELL,8.0,512.0,3.0,Windows 11 Pro,0,1
https://www.mytek.tn/pc-de-bureau-dell-tower-ect1250-i3-14e-gen-8g-512go-ssd-noir.html,1599.0,PC de Bureau DELL Tower ECT1250 i3 14è Gén 8G 512Go SSD - Noir,DELL,8.0,512.0,3.0,Windows 11 Pro,0,1
https://www.mytek.tn/pc-de-bureau-dell-pro-tower-qct1250-i3-14e-gen-8go-512go-ssd-noir.html,1625.0,PC de Bureau DELL Pro Tower QCT1250 i3 14è Gén 8Go 512Go SSD - Noir,DELL,8.0,512.0,3.0,FreeDos,0,0
https://www.mytek.tn/pc-de-bureau-dell-pro-tower-qct1250-i3-14e-gen-8g-512go-ssd-noir.html,1699.0,PC de Bureau DELL Pro Tower QCT1250 i3 14è Gén 8G 512Go SSD - Noir,DELL,8.0,512.0,3.0,FreeDos,0,0
https://www.mytek.tn/pc-de-bureau-dell-tower-ect1250-i5-14e-gen-8go-512go-ssd-noir.html,1855.0,PC de Bureau DELL Tower ECT1250 i5 14è Gén 8Go 512Go SSD - Noir,DELL,8.0,512.0,5.0,FreeDos,0,1
https://www.mytek.tn/pc-de-bureau-dell-pro-tower-essential-qvt1260-i5-14e-gen-8go-512go-ssd-noir.html,1859.0,PC de Bureau DELL Pro Tower Essential QVT1260 i5 14è Gén 8Go 512Go SSD - Noir,DELL,8.0,512.0,5.0,FreeDos,0,1
https://www.mytek.tn/pc-de-bureau-dell-pro-tower-essential-qvt1260-i5-14e-gen-8g-512go-ssd-noir.html,1899.0,PC de Bureau DELL Pro Tower Essential QVT1260 i5 14è Gén 8Go 512Go SSD - Noir,DELL,8.0,512.0,5.0,Windows 11 Pro,0,1
https://www.mytek.tn/pc-de-bureau-dell-pro-tower-qct1250-i3-14e-gen-16go-512go-ssd-noir.html,2019.0,PC de Bureau DELL Pro Tower QCT1250 i3 14è Gén 16Go 512Go SSD - Noir,DELL,16.0,512.0,3.0,FreeDos,0,0
https://www.mytek.tn/pc-de-bureau-dell-pro-tower-qct1250-i3-14e-gen-16g-512go-ssd-noir.html,2109.0,PC de Bureau DELL Pro Tower QCT1250 i3 14è Gén 16G 512Go SSD - Noir,DELL,16.0,512.0,3.0,FreeDos,0,0
https://www.mytek.tn/pc-de-bureau-dell-pro-tower-plus-qbt1250-ultra-5-235-8go-512go-ssd-noir.html,2199.0,PC de Bureau DELL Pro Tower Plus QBT1250 Ultra 5 235 8Go 512Go SSD - Noir,DELL,8.0,512.0,0.0,FreeDos,0,0
https://www.mytek.tn/pc-de-bureau-dell-tower-ect1250-i5-14e-gen-16go-512go-ssd-noir.html,2289.0,PC de Bureau DELL Tower ECT1250 i5 14è Gén 16Go 512Go SSD - Noir,DELL,16.0,512.0,5.0,FreeDos,0,1
https://www.mytek.tn/pc-de-bureau-dell-pro-tower-qct1250-i5-14e-gen-16go-512go-ssd-noir.html,2459.0,PC de Bureau DELL Pro Tower QCT1250 i5 14è Gén 16Go 512Go SSD - Noir,DELL,16.0,512.0,5.0,FreeDos,0,0
https://www.mytek.tn/pc-de-bureau-dell-tower-ect1250-i5-14e-gen-24go-512go-ssd-noir.html,2689.0,PC de Bureau DELL Tower ECT1250 i5 14è Gén 24Go 512Go SSD - Noir,DELL,24.0,512.0,5.0,FreeDos,0,1
https://www.mytek.tn/pc-de-bureau-dell-pro-tower-qct1250-i7-14e-gen-8go-512go-ssd-noir.html,2699.0,PC de Bureau DELL Pro Tower QCT1250 i7 14è Gén 8Go 512Go SSD - Noir,DELL,8.0,512.0,7.0,FreeDos,0,0
https://www.mytek.tn/pc-de-bureau-all-in-one-dell-pro-24-i5-14e-gen-8go-512go-ssd.html,2779.0,PC de Bureau All In One Dell Pro 24 i5 14è Gén 8Go 512Go SSD,DELL,8.0,512.0,5.0,FreeDos,0,1
https://www.mytek.tn/pc-de-bureau-dell-pro-tower-plus-qbt1250-ultra-7-265-8go-512go-ssd-noir.html,2899.0,PC de Bureau DELL Pro Tower Plus QBT1250 Ultra 7 265 8Go 512Go SSD - Noir,DELL,8.0,512.0,0.0,FreeDos,0,0
https://www.mytek.tn/pc-de-bureau-dell-tower-ect1250-i5-14e-gen-32go-512go-ssd-noir.html,3119.0,PC de Bureau DELL Tower ECT1250 i5 14è Gén 32Go 512Go SSD - Noir,DELL,32.0,512.0,5.0,FreeDos,0,1
https://www.mytek.tn/pc-de-bureau-dell-pro-tower-qct1250-i7-14e-gen-16go-512go-ssd-noir.html,3269.0,PC de Bureau DELL Pro Tower QCT1250 i7 14è Gén 16Go 512Go SSD - Noir,DELL,16.0,512.0,7.0,FreeDos,0,0
https://www.mytek.tn/pc-de-bureau-all-in-one-dell-pro-24-plus-ultra-5-245-16go-512go-ssd.html,3385.0,PC de Bureau All In One Dell Pro 24 Plus Ultra 5 245 16Go 512Go SSD,DELL,16.0,512.0,0.0,FreeDos,0,1
https://www.mytek.tn/pc-de-bureau-all-in-one-dell-pro-24-plus-ultra-7-265-16go-512go-ssd.html,3929.0,PC de Bureau All In One Dell Pro 24 Plus Ultra 7 265 16Go 512Go SSD,DELL,16.0,512.0,0.0,FreeDos,0,1
https://www.mytek.tn/pc-de-bureau-dell-pro-tower-plus-qbt1250-ultra-7-265-32go-512go-ssd-noir.html,4059.0,PC de Bureau DELL Pro Tower Plus QBT1250 Ultra 7 265 32Go 512Go SSD - Noir,DELL,32.0,512.0,0.0,FreeDos,0,0
https://www.mytek.tn/pc-de-bureau-hp-pro-mini-260-g9-i3-13e-gen-8go-256go-ssd-noir.html,1469.0,Pc De Bureau HP Pro Mini 260 G9 i3 13è Gén 8Go 256Go SSD - Noir,HP,8.0,256.0,3.0,FreeDos,0,1
https://www.mytek.tn/pc-de-bureau-hp-pro-mini-260-g9-i3-13e-gen-16go-256go-ssd-noir.html,1685.0,Pc De Bureau HP Pro Mini 260 G9 i3 13è Gén 16Go 256Go SSD - Noir,HP,16.0,256.0,3.0,FreeDos,0,1
https://www.mytek.tn/pc-de-bureau-hp-pro-tower-290-g9-i5-14e-gen-8go-512go-ssd-noir.html,2299.0,Pc De Bureau HP Pro Tower 290 G9 I5 14è Gén 8Go 512Go SSD - Noir,HP,8.0,512.0,5.0,FreeDos,0,1
https://www.mytek.tn/pc-de-bureau-hp-pro-tower-290-g9-i5-14e-gen-8g-512go-ssd-noir.html,2449.0,Pc De Bureau HP Pro Tower 290 G9 I5 14è Gén 8G 512Go SSD - Noir,HP,8.0,512.0,5.0,Windows 11 Pro,0,1
https://www.mytek.tn/pc-de-bureau-all-in-one-hp-24-cr0057nk-amd-ryzen-5-8go-512go-ssd-noir.html,2599.0,PC de Bureau All In One HP 24-cr0057nk AMD Ryzen 5 8Go 512Go SSD - Noir,HP,8.0,512.0,0.0,FreeDos,0,1
https://www.mytek.tn/pc-de-bureau-all-in-one-hp-proone-240-g10-ultra-5-125u-8go-512go-ssd-noir.html,2739.0,PC de Bureau All In One HP ProOne 240 G10 Ultra 5 125U 8Go 512Go SSD - Noir,HP,8.0,512.0,0.0,FreeDos,0,1
https://www.mytek.tn/pc-de-bureau-all-in-one-hp-proone-240-g10-ultra-5-125u-8g-512go-ssd-noir.html,2739.0,PC de Bureau All In One HP ProOne 240 G10 Ultra 5 125U 8G 512Go SSD - Noir,HP,8.0,512.0,0.0,FreeDos,0,1
https://www.mytek.tn/pc-de-bureau-all-in-one-hp-ai-24-cr2012nk-ultra-5-225u-8go-512go-ssd-noir.html,2799.0,PC de Bureau All In One HP AI 24-cr2012nk Ultra 5 225U 8Go 512Go SSD - Noir,HP,8.0,512.0,0.0,FreeDos,0,1
https://www.mytek.tn/pc-de-bureau-all-in-one-hp-ai-24-cr2016nk-ultra-5-225u-16go-512go-ssd-blanc.html,3149.0,PC de Bureau All In One HP AI 24-cr2016nk Ultra 5 225U 16Go 512Go SSD - Blanc,HP,16.0,512.0,0.0,FreeDos,0,1
https://www.mytek.tn/pc-de-bureau-all-in-one-hp-proone-240-g10-ultra-5-125u-16go-512go-ssd-noir.html,3169.0,PC de Bureau All In One HP ProOne 240 G10 Ultra 5 125U 16Go 512Go SSD - Noir,HP,16.0,512.0,0.0,FreeDos,0,1
https://www.mytek.tn/pc-de-bureau-all-in-one-hp-ai-24-cr2004nk-ultra-5-225u-16go-1to-ssd-noir.html,3209.0,PC de Bureau All In One HP AI 24-cr2004nk Ultra 5 225U 16Go 1To SSD - Noir,HP,16.0,1024.0,0.0,FreeDos,0,1
https://www.mytek.tn/pc-de-bureau-all-in-one-hp-proone-240-g10-i3-n300-8go-256go-ssd-noir.html,3385.0,PC de Bureau All In One HP ProOne 240 G10 i3 N300 8Go 256Go SSD - Noir,HP,8.0,256.0,3.0,FreeDos,0,1
https://www.mytek.tn/pc-de-bureau-all-in-one-hp-proone-240-g10-ultra-7-155u-16g-512go-ssd-noir.html,3589.0,PC de Bureau All In One HP ProOne 240 G10 Ultra 7 155U 16G 512Go SSD - Noir,HP,16.0,512.0,0.0,FreeDos,0,1
https://www.mytek.tn/pc-de-bureau-all-in-one-hp-proone-240-g10-i3-n300-16go-256go-ssd-noir.html,3619.0,PC de Bureau All In One HP ProOne 240 G10 i3 N300 16Go 256Go SSD - Noir,HP,16.0,256.0,3.0,FreeDos,0,1
https://www.mytek.tn/pc-de-bureau-all-in-one-hp-proone-240-g10-ultra-7-155u-16go-512go-ssd-noir.html,3619.0,PC de Bureau All In One HP ProOne 240 G10 Ultra 7 155U 16Go 512Go SSD - Noir,HP,16.0,512.0,0.0,FreeDos,0,1
https://www.mytek.tn/pc-de-bureau-all-in-one-hp-ai-24-cr2013nk-ultra-7-255u-16go-512go-ssd-blanc.html,4019.0,PC de Bureau All In One HP AI 24-cr2013nk Ultra 7 255U 16Go 512Go SSD - Blanc,HP,16.0,512.0,0.0,Windows 11 Famille,0,1
https://www.mytek.tn/pc-de-bureau-all-in-one-hp-ai-24-cr2020nk-ultra-7-255u-16go-1to-ssd-noir.html,4259.0,PC de Bureau All In One HP AI 24-cr2020nk Ultra 7 255U 16Go 1To SSD - Noir,HP,16.0,1024.0,0.0,FreeDos,0,1
https://www.mytek.tn/pc-de-bureau-all-in-one-lenovo-a100-intel-n100-8g-256g-ssd.html,1429.0,PC de Bureau ALL IN ONE LENOVO A100 Intel N100 8G 256G SSD,LENOVO,8.0,256.0,0.0,FreeDos,0,1
https://www.mytek.tn/pc-de-bureau-all-in-one-lenovo-a100-intel-n100-8g-256go-ssd-gris.html,1469.0,PC de Bureau ALL IN ONE LENOVO A100 Intel N100 8G 256Go SSD - Gris,LENOVO,8.0,256.0,0.0,FreeDos,0,1
https://www.mytek.tn/pc-de-bureau-all-in-one-lenovo-a100-intel-n100-8go-256g-ssd.html,1469.0,PC de Bureau ALL IN ONE LENOVO A100 Intel N100 8Go 256G SSD,LENOVO,8.0,256.0,0.0,Windows 11 Pro,0,1
https://www.mytek.tn/pc-de-bureau-lenovo-thinkcentre-neo-50q-gen-5-i3-13e-gen-8go-512go-ssd.html,1559.0,PC de Bureau LENOVO ThinkCentre néo 50q Gen 5 i3 13è Gén 8Go 512Go SSD,LENOVO,8.0,512.0,3.0,FreeDos,0,1
https://www.mytek.tn/pc-de-bureau-lenovo-thinkcentre-neo-50t-gen-5-i3-13e-gen-8g-512g-ssd.html,1699.0,PC de Bureau LENOVO ThinkCentre néo 50T Gen 5 i3 14e Gén 8G 512G SSD,LENOVO,8.0,512.0,3.0,FreeDos,0,1
https://www.mytek.tn/pc-de-bureau-all-in-one-lenovo-a100-intel-n100-16g-256g-ssd-gris.html,1749.0,PC de Bureau ALL IN ONE LENOVO A100 Intel N100 16G 256G SSD - Gris,LENOVO,16.0,256.0,0.0,Windows 11 Pro,0,1
https://www.mytek.tn/pc-de-bureau-lenovo-thinkcentre-neo-50t-gen-5-i3-13e-gen-8go-512g-ssd.html,1749.0,PC de Bureau LENOVO ThinkCentre néo 50T Gen 5 i3 14e Gén 8Go 512G SSD,LENOVO,8.0,512.0,3.0,Windows 11 Pro,0,1
https://www.mytek.tn/pc-de-bureau-lenovo-thinkcentre-neo-50q-gen-5-intel-core-5-210h-8g-512g-ssd.html,1939.0,PC de Bureau LENOVO ThinkCentre néo 50Q Gen 5 Intel Core 5 210H 8G 512G SSD,LENOVO,8.0,512.0,5.0,FreeDos,0,1
https://www.mytek.tn/pc-de-bureau-lenovo-thinkcentre-neo-50q-gen-5-i3-13e-gen-16go-512go-ssd.html,1965.0,PC de Bureau LENOVO ThinkCentre néo 50q Gen 5 i3 13è Gén 16Go 512Go SSD,LENOVO,16.0,512.0,3.0,FreeDos,0,1
https://www.mytek.tn/pc-de-bureau-lenovo-thinkcentre-neo-50q-gen-6-ultra-5-226v-16g-512g-ssd.html,2109.0,PC de Bureau LENOVO ThinkCentre néo 50q Gen 6 Ultra 5 226V 16G 512G SSD,LENOVO,16.0,512.0,0.0,FreeDos,0,1
https://www.mytek.tn/pc-de-bureau-lenovo-thinkcentre-neo-50q-gen-6-ultra-5-226v-16go-512g-ssd.html,2149.0,PC de Bureau LENOVO ThinkCentre néo 50q Gen 6 Ultra 5 226V 16Go 512G SSD,LENOVO,16.0,512.0,0.0,Windows 11 Pro,0,1
https://www.mytek.tn/pc-de-bureau-lenovo-thinkcentre-neo-50t-gen-5-i5-14e-gen-8g-512go-ssd.html,2159.0,PC de Bureau LENOVO ThinkCentre néo 50t Gen 5 i5 14è Gén 8G 512Go SSD,LENOVO,8.0,512.0,5.0,FreeDos,0,1
https://www.mytek.tn/pc-de-bureau-lenovo-thinkcentre-neo-50q-gen-5-i3-13e-gen-24go-512go-ssd.html,2369.0,PC de Bureau LENOVO ThinkCentre néo 50q Gen 5 i3 13è Gén 24Go 512Go SSD,LENOVO,24.0,512.0,3.0,FreeDos,0,1
https://www.mytek.tn/pc-de-bureau-all-in-one-lenovo-thinkcentre-neo-50a-24-gen5-i3-13e-gen-8g-512g-ssd.html,2465.0,PC de Bureau ALL IN ONE LENOVO ThinkCentre neo 50a 24 Gen5 i3 13è Gén 8G 512G SSD,LENOVO,8.0,512.0,3.0,FreeDos,0,1
https://www.mytek.tn/pc-de-bureau-lenovo-thinkcentre-neo-50t-gen-5-i7-14e-gen-8go-512go-ssd.html,2519.0,PC de Bureau LENOVO ThinkCentre néo 50t Gen 5 i7 14è Gén 8Go 512Go SSD,LENOVO,8.0,512.0,7.0,FreeDos,0,1
https://www.mytek.tn/pc-de-bureau-all-in-one-lenovo-ideacentre-aio-24irh9-i5-13e-gen-8g-512g-ssd-gris.html,2589.0,PC de Bureau ALL IN ONE LENOVO IdeaCentre AIO 24IRH9 i5 13è Gén 8G 512G SSD - Gris,LENOVO,8.0,512.0,5.0,FreeDos,0,1
https://www.mytek.tn/pc-de-bureau-lenovo-thinkcentre-neo-50q-gen-5-i3-13e-gen-32go-512go-ssd.html,2789.0,PC de Bureau LENOVO ThinkCentre néo 50q Gen 5 i3 13è Gén 32Go 512Go SSD,LENOVO,32.0,512.0,3.0,FreeDos,0,1
https://www.mytek.tn/pc-de-bureau-all-in-one-lenovo-ideacentre-aio-27irh9-i5-13e-gen-8g-512g-ssd.html,2799.0,PC de Bureau ALL IN ONE LENOVO IdeaCentre AIO 27IRH9 i5 13è Gén 8G 512G SSD,LENOVO,8.0,512.0,5.0,FreeDos,0,1
https://www.mytek.tn/pc-de-bureau-lenovo-thinkcentre-neo-50t-gen-5-i7-14e-gen-16go-512go-ssd.html,2919.0,PC de Bureau LENOVO ThinkCentre néo 50t Gen 5 i7 14è Gén 16Go 512Go SSD,LENOVO,16.0,512.0,7.0,FreeDos,0,1
https://www.mytek.tn/pc-de-bureau-lenovo-thinkcentre-neo-50t-gen-5-i7-14e-gen-16g-512go-ssd.html,2969.0,PC de Bureau LENOVO ThinkCentre néo 50t Gen 5 i7 14è Gén 16G 512Go SSD,LENOVO,16.0,512.0,7.0,Windows 11 Pro,0,1
https://www.mytek.tn/pc-de-bureau-all-in-one-lenovo-ideacentre-aio-24irh9-i7-13e-gen-8go-512go-ssd.html,3499.0,PC de Bureau ALL IN ONE LENOVO IdeaCentre AIO 24IRH9 i7 13è Gén 8Go 512Go SSD,LENOVO,8.0,512.0,7.0,FreeDos,0,1
https://www.mytek.tn/pc-de-bureau-all-in-one-lenovo-thinkcentre-neo-50a-27-gen5-i7-13e-gen-8g-512g-ssd.html,3649.0,PC de Bureau ALL IN ONE LENOVO ThinkCentre neo 50a 27 Gen5 i7 13è Gén 8G 512G SSD,LENOVO,8.0,512.0,7.0,FreeDos,0,1
https://www.mytek.tn/pc-de-bureau-lenovo-thinkcentre-neo-50t-gen-5-i7-14e-gen-32go-512go-ssd.html,3719.0,PC de Bureau LENOVO ThinkCentre néo 50t Gen 5 i7 14è Gén 32Go 512Go SSD,LENOVO,32.0,512.0,7.0,FreeDos,0,1
https://www.mytek.tn/pc-de-bureau-gamer-mytek-amd-ryzen-5-16go-rtx-3050-6g.html,1999.0,Pc de Bureau Gamer MYTEK AMD RYZEN 5 16Go RTX 3050 6G,MSI,16.0,500.0,0.0,FreeDos,0,0
https://www.mytek.tn/pc-de-bureau-gamer-mytek-amd-ryzen-5-16g-rtx3050-6g.html,2339.0,Pc de Bureau Gamer MYTEK AMD RYZEN 5 16G RTX3050 6G,MSI,16.0,500.0,0.0,FreeDos,0,0
https://www.mytek.tn/pc-de-bureau-gamer-mytek-amd-ryzen-5-32go-rtx-3050-6g.html,2399.0,Pc de Bureau Gamer MYTEK AMD RYZEN 5 32Go RTX 3050 6G,MSI,32.0,500.0,0.0,FreeDos,0,0
https://www.mytek.tn/pc-de-bureau-gamer-mytek-amd-ryzen-5-16g-rtx5060-8g.html,2559.0,Pc de Bureau Gamer MYTEK AMD RYZEN 5 16G RTX5060 8G,MSI,16.0,500.0,0.0,FreeDos,0,0
https://www.mytek.tn/pc-de-bureau-gamer-mytek-i5-12e-gen-16g-rtx-5050-8g.html,2659.0,Pc de Bureau Gamer MYTEK i5 12è Gén 16G RTX 5050 8G,MSI,16.0,500.0,5.0,FreeDos,0,0
https://www.mytek.tn/pc-de-bureau-gamer-mytek-i3-12e-gen-16go-rtx-5060-8g.html,2699.0,Pc de Bureau Gamer MYTEK i3 12è Gén 16Go RTX 5060 8G,MSI,16.0,500.0,3.0,FreeDos,0,0
https://www.mytek.tn/pc-de-bureau-gamer-mytek-amd-ryzen-5-32g-rtx3050-6g.html,2719.0,Pc de Bureau Gamer MYTEK AMD RYZEN 5 32Go RTX3050 6G,MSI,32.0,500.0,0.0,FreeDos,0,0
https://www.mytek.tn/pc-de-bureau-gamer-mytek-amd-ryzen-5-16g-rtx-5050-8g.html,2849.0,Pc de Bureau Gamer MYTEK AMD RYZEN 5 16G RTX 5050 8G,MSI,16.0,1024.0,0.0,FreeDos,0,0
https://www.mytek.tn/pc-de-bureau-gamer-mytek-i5-12e-gen-16go-rtx-5060-8go.html,2899.0,Pc de Bureau Gamer MYTEK i5 12è Gén 16Go RTX 5060 8Go,MSI,16.0,500.0,5.0,FreeDos,0,0
https://www.mytek.tn/pc-de-bureau-gamer-mytek-i3-12e-gen-32go-rtx-5060-8g.html,2899.0,Pc de Bureau Gamer MYTEK i3 12è Gén 32Go RTX 5060 8G,MSI,32.0,500.0,3.0,FreeDos,0,0
https://www.mytek.tn/pc-de-bureau-gamer-mytek-amd-ryzen-5-16go-rtx-5060-8g.html,2959.0,Pc de Bureau Gamer MYTEK AMD RYZEN 5 16Go RTX 5060 8G,MSI,16.0,1024.0,0.0,FreeDos,0,0
https://www.mytek.tn/pc-de-bureau-gamer-mytek-i5-12e-gen-16go-rtx-5050-8g.html,2959.0,Pc de Bureau Gamer MYTEK i5 12è Gén 16Go RTX 5050 8G,MSI,16.0,1024.0,5.0,FreeDos,0,0
https://www.mytek.tn/pc-de-bureau-gamer-mytek-amd-ryzen-5-32g-rtx5060-8g.html,2999.0,Pc de Bureau Gamer MYTEK AMD RYZEN 5 32G RTX5060 8G,MSI,32.0,500.0,0.0,FreeDos,0,0
https://www.mytek.tn/pc-de-bureau-gamer-mytek-amd-ryzen-5-16g-rtx5060-8go.html,3059.0,Pc de Bureau Gamer MYTEK AMD RYZEN 5 16G RTX5060 8Go,MSI,16.0,500.0,5.0,FreeDos,0,0
https://www.mytek.tn/pc-de-bureau-gamer-mytek-i5-12e-gen-16go-rtx-5060-8g.html,3059.0,Pc de Bureau Gamer MYTEK i5 12è Gén 16Go RTX 5060 8G,MSI,16.0,1024.0,5.0,FreeDos,0,0
https://www.mytek.tn/pc-de-bureau-gamer-mytek-amd-ryzen-5-16g-rtx-5060-8g.html,3069.0,Pc de Bureau Gamer MYTEK AMD RYZEN 5 16G RTX 5060 8G,MSI,16.0,1024.0,0.0,FreeDos,0,0
https://www.mytek.tn/pc-de-bureau-gamer-mytek-i5-13e-gen-16go-rtx-5060-8g.html,3079.0,Pc de Bureau Gamer MYTEK i5 13è Gén 16Go RTX 5060 8G,MSI,16.0,1024.0,5.0,FreeDos,0,0
https://www.mytek.tn/pc-de-bureau-gamer-mytek-i5-12e-gen-16go-rtx-5060-ti-8go.html,3079.0,Pc de Bureau Gamer MYTEK i5 12è Gén 16Go RTX 5060 Ti 8Go,MSI,16.0,500.0,5.0,FreeDos,0,0
https://www.mytek.tn/pc-de-bureau-gamer-mytek-i5-12e-gen-16g-rtx-5060-8g.html,3129.0,Pc de Bureau Gamer MYTEK i5 12è Gén 16G RTX 5060 8G,MSI,16.0,1024.0,5.0,FreeDos,0,0
https://www.mytek.tn/pc-de-bureau-gamer-mytek-i5-12e-gen-16g-rtx-5060-8g-1to-ssd.html,3199.0,Pc de Bureau Gamer MYTEK i5 12è Gén 16G RTX 5060 8G 1To SSD,MSI,16.0,1024.0,5.0,FreeDos,0,0
https://www.mytek.tn/pc-de-bureau-gamer-mytek-amd-ryzen-5-32g-rtx5060-8go.html,3199.0,Pc de Bureau Gamer MYTEK AMD RYZEN 5 32G RTX5060 8Go,MSI,32.0,500.0,0.0,FreeDos,0,0
https://www.mytek.tn/pc-de-bureau-gamer-mytek-i5-14e-gen-16go-rtx-5060-8g.html,3209.0,Pc de Bureau Gamer MYTEK i5 14è Gén 16Go RTX 5060 8G,MSI,16.0,1024.0,5.0,FreeDos,0,0
https://www.mytek.tn/pc-de-bureau-gamer-mytek-i5-12e-gen-16go-rtx-5060-ti-8g.html,3259.0,Pc de Bureau Gamer MYTEK i5 12è Gén 16Go RTX 5060 Ti 8G,MSI,16.0,500.0,5.0,FreeDos,0,0
https://www.mytek.tn/pc-de-bureau-gamer-mytek-i5-12e-gen-32go-rtx-5060-8go.html,3299.0,Pc de Bureau Gamer MYTEK i5 12è Gén 32Go RTX 5060 8Go,MSI,32.0,500.0,5.0,FreeDos,0,0
https://www.mytek.tn/pc-de-bureau-gamer-mytek-i5-12e-gen-16g-rtx-5060-ti-8g.html,3299.0,Pc de Bureau Gamer MYTEK i5 12è Gén 16G RTX 5060 Ti 8G,MSI,16.0,1024.0,5.0,FreeDos,0,0
https://www.mytek.tn/pc-de-bureau-gamer-mytek-amd-ryzen-5-32go-rtx-5060-8g.html,3379.0,Pc de Bureau Gamer MYTEK AMD RYZEN 5 32Go RTX 5060 8G,MSI,32.0,1024.0,0.0,FreeDos,0,0
https://www.mytek.tn/pc-de-bureau-gamer-mytek-i5-14e-gen-16go-rtx-5060-ti-8g.html,3469.0,Pc de Bureau Gamer MYTEK i5 14è Gén 16Go RTX 5060 Ti 8G,MSI,16.0,1024.0,5.0,FreeDos,0,0
https://www.mytek.tn/pc-de-bureau-gamer-mytek-i5-12e-gen-16g-rtx-5060ti-8go.html,3479.0,Pc de Bureau Gamer MYTEK i5 12è Gén 16G RTX 5060Ti 8Go,MSI,16.0,1024.0,5.0,FreeDos,0,0
https://www.mytek.tn/pc-de-bureau-gamer-mytek-i5-12e-gen-32go-rtx-5060-8g.html,3489.0,Pc de Bureau Gamer MYTEK i5 12è Gén 32Go RTX 5060 8G,MSI,32.0,1024.0,5.0,FreeDos,0,0
https://www.mytek.tn/pc-de-bureau-gamer-mytek-amd-ryzen-5-32g-rtx-5060-8g.html,3499.0,Pc de Bureau Gamer MYTEK AMD RYZEN 5 32G RTX 5060 8G,MSI,32.0,1024.0,0.0,FreeDos,0,0
https://www.mytek.tn/pc-de-bureau-gamer-mytek-i5-12eme-gen-32g-rtx-5060-8g.html,3499.0,Pc de Bureau Gamer MYTEK i5 12ème Gén 32G RTX 5060 8G,MSI,32.0,1024.0,5.0,FreeDos,0,0
https://www.mytek.tn/pc-de-bureau-gamer-mytek-i5-12e-gen-32g-rtx-5060-8g.html,3539.0,Pc de Bureau Gamer MYTEK i5 12è Gén 32G RTX 5060 8G,MSI,32.0,1024.0,5.0,FreeDos,0,0
https://www.mytek.tn/pc-de-bureau-gamer-mytek-i5-12e-gen-32g-rtx-5060-8g-1to-ssd.html,3599.0,Pc de Bureau Gamer MYTEK i5 12è Gén 32G RTX 5060 8G 1To SSD,MSI,32.0,1024.0,5.0,FreeDos,0,0
https://www.mytek.tn/pc-de-bureau-gamer-mytek-i5-12e-gen-16go-rtx-5060-ti-16g.html,3619.0,Pc de Bureau Gamer MYTEK i5 12è Gén 16Go RTX 5060 Ti 16G,MSI,16.0,1024.0,5.0,FreeDos,0,0
https://www.mytek.tn/pc-de-bureau-gamer-mytek-amd-ryzen-5-16go-rtx5060-8go.html,3669.0,Pc de Bureau Gamer MYTEK AMD RYZEN 5 16Go RTX5060 8Go,MSI,16.0,1024.0,0.0,FreeDos,0,0
https://www.mytek.tn/pc-de-bureau-gamer-mytek-i5-14e-gen-32go-rtx-5060-8g.html,3679.0,Pc de Bureau Gamer MYTEK i5 14è Gén 32Go RTX 5060 8G,MSI,32.0,1024.0,5.0,FreeDos,0,0
https://www.mytek.tn/pc-de-bureau-gamer-mytek-i5-14e-gen-16go-rtx-5060-ti-16g.html,3769.0,Pc de Bureau Gamer MYTEK i5 14è Gén 16Go RTX 5060 Ti 16G,MSI,16.0,1024.0,5.0,FreeDos,0,0
https://www.mytek.tn/pc-de-bureau-gamer-mytek-i7-12e-gen-16go-rtx-5060-8g.html,3859.0,Pc de Bureau Gamer MYTEK i7 12è Gén 16Go RTX 5060 8G,MSI,16.0,1024.0,7.0,FreeDos,0,0
https://www.mytek.tn/pc-de-bureau-gamer-mytek-i5-14e-gen-32go-rtx-5060-ti-8g.html,3889.0,Pc de Bureau Gamer MYTEK i5 14è Gén 32Go RTX 5060 Ti 8G,MSI,32.0,1024.0,5.0,FreeDos,0,0
https://www.mytek.tn/pc-de-bureau-gamer-mytek-amd-ryzen-5-16go-rtx5060-8g.html,3949.0,Pc de Bureau Gamer MYTEK AMD RYZEN 5 16Go RTX5060 8G,MSI,16.0,1024.0,0.0,FreeDos,0,0
https://www.mytek.tn/pc-de-bureau-gamer-mytek-i5-12e-gen-32go-rtx-5060-ti-16g.html,4089.0,Pc de Bureau Gamer MYTEK i5 12è Gén 32Go RTX 5060 Ti 16G,MSI,32.0,1024.0,5.0,FreeDos,0,0
https://www.mytek.tn/pc-de-bureau-gamer-mytek-i7-14e-gen-16go-rtx-5060-8g.html,4149.0,Pc de Bureau Gamer MYTEK i7 14è Gén 16Go RTX 5060 8G,MSI,16.0,1024.0,7.0,FreeDos,0,0
https://www.mytek.tn/pc-de-bureau-gamer-mytek-i5-14e-gen-32go-rtx-5060-ti-16g.html,4199.0,Pc de Bureau Gamer MYTEK i5 14è Gén 32Go RTX 5060 Ti 16G,MSI,32.0,1024.0,5.0,FreeDos,0,0
https://www.mytek.tn/pc-de-bureau-gamer-mytek-i7-12e-gen-32go-rtx-5060-8g.html,4289.0,Pc de Bureau Gamer MYTEK i7 12è Gén 32Go RTX 5060 8G,MSI,32.0,1024.0,7.0,FreeDos,0,0
https://www.mytek.tn/pc-de-bureau-gamer-mytek-i7-12e-gen-16go-rtx-5060-ti-16g.html,4339.0,Pc de Bureau Gamer MYTEK i7 12è Gén 16Go RTX 5060 Ti 16G,MSI,16.0,1024.0,7.0,FreeDos,0,0
https://www.mytek.tn/pc-de-bureau-gamer-mytek-i7-12e-gen-16g-rtx-5060-8g.html,4369.0,Pc de Bureau Gamer MYTEK i7 12è Gén 16G RTX 5060 8G,MSI,16.0,1024.0,7.0,FreeDos,0,0
https://www.mytek.tn/pc-de-bureau-gamer-mytek-i5-12e-gen-16go-rtx-5070-12g.html,4379.0,Pc de Bureau Gamer MYTEK i5 12è Gén 16Go RTX 5070 12G,MSI,16.0,1024.0,5.0,FreeDos,0,0
https://www.mytek.tn/pc-de-bureau-gamer-mytek-amd-ryzen5-32go-rtx-5060-8g.html,4379.0,Pc de Bureau Gamer MYTEK AMD RYZEN5 32Go RTX 5060 8G,MSI,32.0,1024.0,0.0,FreeDos,0,0
https://www.mytek.tn/pc-de-bureau-gamer-mytek-amd-ryzen-5-32go-rtx5060-8go.html,4409.0,Pc de Bureau Gamer MYTEK AMD RYZEN 5 32Go RTX5060 8Go,MSI,32.0,1024.0,0.0,FreeDos,0,0
https://www.mytek.tn/pc-de-bureau-gamer-mytek-i7-14e-gen-32go-rtx-5060-8g.html,4569.0,Pc de Bureau Gamer MYTEK i7 14è Gén 32Go RTX 5060 8G,MSI,32.0,1024.0,7.0,FreeDos,0,0
https://www.mytek.tn/pc-de-bureau-gamer-mytek-i7-14e-gen-16go-rtx-5060-ti-16g.html,4649.0,Pc de Bureau Gamer MYTEK i7 14è Gén 16Go RTX 5060 Ti 16G,MSI,16.0,1024.0,7.0,FreeDos,0,0
https://www.mytek.tn/pc-de-bureau-gamer-mytek-i7-12e-gen-16g-rtx-5060-ti-16g.html,4699.0,Pc de Bureau Gamer MYTEK i7 12è Gén 16G RTX 5060 Ti 16G,MSI,16.0,1024.0,7.0,FreeDos,0,0
https://www.mytek.tn/pc-de-bureau-gamer-mytek-i5-14e-gen-16go-rtx-5070-12g.html,4709.0,Pc de Bureau Gamer MYTEK i5 14è Gén 16Go RTX 5070 12G,MSI,16.0,1024.0,5.0,FreeDos,1,0
https://www.mytek.tn/pc-de-bureau-gamer-mytek-amd-ryzen-5-32go-rtx5060-8g.html,4749.0,Pc de Bureau Gamer MYTEK AMD RYZEN 5 32Go RTX5060 8G,MSI,32.0,1024.0,0.0,FreeDos,0,0
https://www.mytek.tn/pc-de-bureau-gamer-mytek-i7-12e-gen-32go-rtx-5060-ti-16g.html,4759.0,Pc de Bureau Gamer MYTEK i7 12è Gén 32Go RTX 5060 Ti 16G,MSI,32.0,1024.0,7.0,FreeDos,0,0
https://www.mytek.tn/pc-de-bureau-gamer-mytek-i5-12e-gen-32go-rtx-5070-12g.html,4799.0,Pc de Bureau Gamer MYTEK i5 12è Gén 32Go RTX 5070 12G,MSI,32.0,1024.0,5.0,FreeDos,0,0
https://www.mytek.tn/pc-de-bureau-gamer-mytek-i7-12e-gen-32g-rtx-5060-8g.html,4799.0,Pc de Bureau Gamer MYTEK i7 12è Gén 32G RTX 5060 8G,MSI,32.0,1024.0,7.0,FreeDos,0,0
https://www.mytek.tn/pc-de-bureau-gamer-mytek-amd-ryzen-5-16g-rtx-5070-12g.html,4929.0,Pc de Bureau Gamer MYTEK AMD RYZEN 5 16G RTX 5070 12G,MSI,16.0,1024.0,0.0,FreeDos,0,0
https://www.mytek.tn/pc-de-bureau-gamer-mytek-i5-14e-gen-32go-rtx-5070-12go.html,5049.0,Pc de Bureau Gamer MYTEK i5 14è Gén 32Go RTX 5070 12Go,MSI,32.0,1024.0,5.0,FreeDos,0,0
https://www.mytek.tn/pc-de-bureau-gamer-mytek-i7-14e-gen-32go-rtx-5060-ti-16g.html,5079.0,Pc de Bureau Gamer MYTEK i7 14è Gén 32Go RTX 5060 Ti 16G,MSI,32.0,1024.0,7.0,FreeDos,1,0
https://www.mytek.tn/pc-de-bureau-gamer-mytek-i7-12e-gen-32g-rtx-5060ti-16g.html,5119.0,Pc de Bureau Gamer MYTEK i7 12è Gén 32G RTX 5060Ti 16G,MSI,32.0,1024.0,7.0,FreeDos,0,0
https://www.mytek.tn/pc-de-bureau-gamer-mytek-i7-13e-gen-32go-rtx5060-ti-16g.html,5129.0,Pc de Bureau Gamer MYTEK i7 13è Gén 32Go RTX5060 Ti 16G,MSI,32.0,1024.0,7.0,FreeDos,1,0
https://www.mytek.tn/pc-de-bureau-gamer-mytek-i5-14e-gen-32go-rtx-5070-12g.html,5139.0,Pc de Bureau Gamer MYTEK i5 14è Gén 32Go RTX 5070 12G,MSI,32.0,1024.0,5.0,FreeDos,1,0
https://www.mytek.tn/pc-de-bureau-gamer-mytek-i7-12e-gen-16g-rtx-5070-12g.html,5169.0,Pc de Bureau Gamer MYTEK i7 12è Gén 16G RTX 5070 12G,MSI,16.0,1024.0,7.0,FreeDos,1,0
https://www.mytek.tn/pc-de-bureau-gamer-mytek-i5-14e-gen-32go-rtx5070-12g.html,5239.0,Pc de Bureau Gamer MYTEK i5 14è Gén 32Go RTX5070 12G,MSI,32.0,1024.0,5.0,FreeDos,1,0
https://www.mytek.tn/pc-de-bureau-gamer-mytek-i7-14e-gen-16go-rtx-5070-12go.html,5289.0,Pc de Bureau Gamer MYTEK i7 14è Gén 16Go RTX 5070 12Go,MSI,16.0,1024.0,7.0,FreeDos,1,0
https://www.mytek.tn/pc-de-bureau-gamer-mytek-i7-12e-gen-32go-rtx5070-12g.html,5299.0,Pc de Bureau Gamer MYTEK i7 12è Gén 32Go RTX5070 12G,MSI,32.0,1024.0,7.0,FreeDos,1,0
https://www.mytek.tn/pc-de-bureau-gamer-mytek-amd-ryzen-7-16go-rtx-5070-12go.html,5359.0,Pc de Bureau Gamer MYTEK AMD Ryzen 7 16Go RTX 5070 12Go,MSI,16.0,1024.0,7.0,FreeDos,0,0
https://www.mytek.tn/pc-de-bureau-gamer-mytek-i7-13e-gen-32go-rtx5070-12g.html,5389.0,Pc de Bureau Gamer MYTEK i7 13è Gén 32Go RTX5070 12G,MSI,32.0,1024.0,7.0,FreeDos,1,0
https://www.mytek.tn/pc-de-bureau-gamer-mytek-ultra-5-245kf-32go-rtx-5060-ti-16g.html,5419.0,Pc de Bureau Gamer MYTEK Ultra 5 245KF 32Go RTX 5060 Ti 16G,MSI,32.0,1024.0,0.0,FreeDos,0,1
https://www.mytek.tn/pc-de-bureau-gamer-mytek-i7-12e-gen-32g-rtx-5070-12g.html,5599.0,Pc de Bureau Gamer MYTEK i7 12è Gén 32G RTX 5070 12G,MSI,32.0,1024.0,7.0,FreeDos,1,0
https://www.mytek.tn/pc-de-bureau-gamer-mytek-i7-14e-gen-32go-rtx-5070-12go.html,5709.0,Pc de Bureau Gamer MYTEK i7 14è Gén 32Go RTX 5070 12Go,MSI,32.0,1024.0,7.0,FreeDos,1,0
https://www.mytek.tn/pc-de-bureau-gamer-mytek-amd-ryzen-5-32g-rtx-5070-12g.html,5729.0,Pc de Bureau Gamer MYTEK AMD RYZEN 5 32G RTX 5070 12G,MSI,32.0,1024.0,0.0,FreeDos,0,0
https://www.mytek.tn/pc-de-bureau-gamer-mytek-amd-ryzen-7-32go-rtx-5070-12go.html,5859.0,Pc de Bureau Gamer MYTEK AMD Ryzen 7 32Go RTX 5070 12Go,MSI,32.0,1024.0,7.0,FreeDos,0,0
https://www.mytek.tn/pc-de-bureau-gamer-mytek-i7-14e-gen-32go-rtx5070-12g.html,5899.0,Pc de Bureau Gamer MYTEK i7 14è Gén 32Go RTX5070 12G,MSI,32.0,1024.0,7.0,FreeDos,1,0
https://www.mytek.tn/pc-de-bureau-gamer-mytek-amd-ryzen-7-32go-rtx-5070-12g.html,6049.0,Pc de Bureau Gamer MYTEK AMD Ryzen 7 32Go RTX 5070 12G,MSI,32.0,1024.0,7.0,FreeDos,0,0
https://www.mytek.tn/pc-de-bureau-gamer-mytek-amd-ryzen-7-32go-rtx5070-12g.html,6599.0,Pc de Bureau Gamer MYTEK AMD RYZEN 7 32Go RTX5070 12G,MSI,32.0,1024.0,0.0,FreeDos,0,1
https://www.mytek.tn/pc-de-bureau-gamer-mytek-i7-14e-gen-32g-rtx5070-12g.html,7169.0,Pc de Bureau Gamer MYTEK i7 14è Gén 32G RTX5070 12G,MSI,32.0,1024.0,7.0,FreeDos,0,1
https://www.mytek.tn/pc-de-bureau-gamer-mytek-amd-ryzen-7-32g-rtx5070-ti-16g.html,8699.0,Pc de Bureau Gamer MYTEK AMD RYZEN 7 32G RTX5070 Ti 16G,MSI,32.0,1024.0,0.0,FreeDos,0,0
https://www.mytek.tn/pc-de-bureau-gamer-mytek-amd-ryzen-7-32g-rtx-5070ti-16go.html,8999.0,Pc de Bureau Gamer MYTEK AMD RYZEN 7 32G RTX 5070Ti 16Go,MSI,32.0,1024.0,0.0,FreeDos,0,0
https://www.mytek.tn/pc-de-bureau-gamer-mytek-ultra-7-265k-64go-msi-rtx-5070-ti-16g.html,10659.0,Pc de Bureau Gamer MYTEK Ultra 7 265K 64Go MSI RTX 5070 Ti 16G,MSI,64.0,2048.0,0.0,FreeDos,0,1
https://www.mytek.tn/pc-de-bureau-pro-mytek-intel-celeron-g5900-16go-240go-ssd-noir.html,829.0,Pc de Bureau Pro MYTEK Intel Celeron G5900 16Go 240Go SSD - Noir,MYTEK,16.0,240.0,0.0,FreeDos,0,0
https://www.mytek.tn/pc-de-bureau-pro-mytek-amd-ryzen-3-8g-500g-ssd-noir.html,979.0,Pc de Bureau Pro MYTEK AMD RYZEN 3 8G 500G SSD - Noir,MYTEK,8.0,500.0,0.0,FreeDos,0,0
https://www.mytek.tn/pc-de-bureau-pro-mytek-amd-ryzen-5-16go-512go-ssd-noir.html,999.0,Pc de Bureau Pro MYTEK AMD RYZEN 5 16Go 512Go SSD - Noir,MYTEK,16.0,512.0,0.0,FreeDos,0,0
https://www.mytek.tn/pc-de-bureau-pro-mytek-amd-ryzen-3-16g-500g-ssd-noir.html,1189.0,Pc de Bureau Pro MYTEK AMD RYZEN 3 16G 500G SSD - Noir,MYTEK,16.0,500.0,0.0,FreeDos,0,0
https://www.mytek.tn/pc-de-bureau-pro-mytek-amd-ryzen5-8go-500go-ssd-noir.html,1259.0,Pc de Bureau Pro MYTEK AMD RYZEN5 8Go 500Go SSD - Noir,MYTEK,8.0,500.0,0.0,FreeDos,0,0
https://www.mytek.tn/pc-de-bureau-pro-mytek-i3-12eme-gen-8g-500go-ssd-noir.html,1379.0,Pc de Bureau Pro MYTEK i3 12ème Gén 8G 500Go SSD - Noir,MYTEK,8.0,500.0,3.0,FreeDos,0,0
https://www.mytek.tn/pc-de-bureau-pro-mytek-amd-ryzen5-16go-500go-ssd-noir.html,1469.0,Pc de Bureau Pro MYTEK AMD RYZEN5 16Go 500Go SSD - Noir,MYTEK,16.0,500.0,0.0,FreeDos,0,0
https://www.mytek.tn/pc-de-bureau-pro-mytek-i5-12eme-gen-8g-500go-ssd-noir.html,1499.0,Pc de Bureau Pro MYTEK i5 12ème Gén 8G 500Go SSD - Noir,MYTEK,8.0,500.0,5.0,FreeDos,0,0
https://www.mytek.tn/pc-de-bureau-pro-mytek-amd-ryzen-5-16go-500go-ssd-noir.html,1499.0,Pc de Bureau Pro MYTEK AMD RYZEN 5 16Go 500Go SSD - Noir,MYTEK,16.0,500.0,0.0,FreeDos,0,0
https://www.mytek.tn/pc-de-bureau-pro-mytek-i3-12eme-gen-16g-500go-ssd-noir.html,1579.0,Pc de Bureau Pro MYTEK i3 12ème Gén 16G 500Go SSD - Noir,MYTEK,16.0,500.0,3.0,FreeDos,0,0
https://www.mytek.tn/pc-de-bureau-pro-mytek-amd-ryzen-3-32g-500g-ssd-noir.html,1619.0,Pc de Bureau Pro MYTEK AMD RYZEN 3 32G 500G SSD - Noir,MYTEK,32.0,500.0,0.0,FreeDos,0,0
https://www.mytek.tn/pc-de-bureau-pro-mytek-i5-12eme-gen-16g-500go-ssd-noir.html,1699.0,Pc de Bureau Pro MYTEK i5 12ème Gén 16G 500Go SSD - Noir,MYTEK,16.0,500.0,5.0,FreeDos,0,0
https://www.mytek.tn/pc-de-bureau-pro-mytek-i5-12eme-gen-16g-1to-ssd-noir.html,1849.0,Pc de Bureau Pro MYTEK i5 12ème Gén 16G 1To SSD - Noir,MYTEK,16.0,1024.0,5.0,FreeDos,0,0
https://www.mytek.tn/pc-de-bureau-pro-mytek-amd-ryzen5-32go-500go-ssd-noir.html,1899.0,Pc de Bureau Pro MYTEK AMD RYZEN5 32Go 500Go SSD - Noir,MYTEK,32.0,500.0,0.0,FreeDos,0,0
https://www.mytek.tn/pc-de-bureau-gamer-mytek-amd-ryzen5-16g-rtx-3050-6go.html,1959.0,Pc de Bureau Gamer MYTEK AMD RYZEN 5 16G RTX 3050 6Go,MYTEK,16.0,512.0,0.0,FreeDos,0,0
https://www.mytek.tn/pc-de-bureau-gamer-mytek-amd-ryzen5-16go-rtx-3050-6go.html,1959.0,Pc de Bureau Gamer MYTEK AMD RYZEN 5 16Go RTX 3050 6Go,MYTEK,16.0,512.0,0.0,FreeDos,0,0
https://www.mytek.tn/pc-de-bureau-pro-mytek-i3-12eme-gen-32g-500go-ssd-noir.html,1999.0,Pc de Bureau Pro MYTEK i3 12ème Gén 32G 500Go SSD - Noir,MYTEK,32.0,500.0,3.0,FreeDos,0,0
https://www.mytek.tn/pc-de-bureau-gamer-mytek-amd-ryzen-5-16g-rtx-3050-6g.html,2049.0,Pc de Bureau Gamer MYTEK AMD RYZEN 5 16G RTX 3050 6G,MYTEK,16.0,500.0,0.0,FreeDos,0,0
https://www.mytek.tn/pc-de-bureau-pro-mytek-i5-12eme-gen-32g-500go-ssd-noir.html,2169.0,Pc de Bureau Pro MYTEK i5 12ème Gén 32G 500Go SSD - Noir,MYTEK,32.0,500.0,5.0,FreeDos,0,0
https://www.mytek.tn/pc-de-bureau-gamer-mytek-i5-11e-gen-16go-rtx-5050-8go.html,2249.0,Pc de Bureau Gamer MYTEK i5 11è Gén 16Go RTX 5050 8Go,MYTEK,16.0,500.0,5.0,FreeDos,0,0
https://www.mytek.tn/pc-de-bureau-gamer-mytek-amd-ryzen5-16go-rtx3050-6go.html,2259.0,Pc de Bureau Gamer MYTEK AMD RYZEN 5 16Go RTX3050 6Go,MYTEK,16.0,512.0,0.0,FreeDos,0,0
https://www.mytek.tn/pc-de-bureau-gamer-mytek-i5-12e-gen-16g-rtx-3050-6g.html,2299.0,Pc de Bureau Gamer MYTEK i5 12è Gén 16G RTX 3050 6G,MYTEK,16.0,500.0,5.0,FreeDos,0,0
https://www.mytek.tn/pc-de-bureau-pro-mytek-i5-12eme-gen-32g-1to-ssd-noir.html,2329.0,Pc de Bureau Pro MYTEK i5 12ème Gén 32G 1To SSD - Noir,MYTEK,32.0,1024.0,5.0,FreeDos,0,0
https://www.mytek.tn/pc-de-bureau-gamer-mytek-amd-ryzen-5-32g-rtx-3050-6g.html,2459.0,Pc de Bureau Gamer MYTEK AMD RYZEN 5 32G RTX 3050 6G,MYTEK,32.0,500.0,0.0,FreeDos,0,0
https://www.mytek.tn/pc-de-bureau-gamer-mytek-amd-ryzen-5-16go-rtx-5050-8g.html,2549.0,Pc de Bureau Gamer MYTEK AMD RYZEN 5 16Go RTX 5050 8G,MYTEK,16.0,500.0,0.0,FreeDos,0,0
https://www.mytek.tn/pc-de-bureau-gamer-mytek-amd-ryzen5-16go-rtx-5050-8g.html,2729.0,Pc de Bureau Gamer MYTEK AMD RYZEN5 16Go RTX 5050 8G,MYTEK,16.0,500.0,0.0,FreeDos,0,0
https://www.mytek.tn/pc-de-bureau-gamer-mytek-i5-12e-gen-16go-rtx5060-8g.html,2819.0,Pc de Bureau Gamer MYTEK i5 12è Gén 16Go RTX5060 8G,MYTEK,16.0,500.0,5.0,FreeDos,0,0
https://www.mytek.tn/pc-de-bureau-gamer-mytek-i3-14e-gen-16go-rtx-5060-8g.html,2829.0,Pc de Bureau Gamer MYTEK i3 14è Gén 16Go RTX 5060 8G,MYTEK,16.0,500.0,3.0,FreeDos,0,0
https://www.mytek.tn/pc-de-bureau-gamer-mytek-i5-12e-gen-16g-rtx-5060-8go.html,2899.0,Pc de Bureau Gamer MYTEK i5 12è Gén 16G RTX 5060 8Go,MYTEK,16.0,500.0,5.0,FreeDos,1,0
https://www.mytek.tn/pc-de-bureau-gamer-mytek-amd-ryzen-7-16go-rtx5060-8g.html,2919.0,Pc de Bureau Gamer MYTEK AMD Ryzen 7 16Go RTX5060 8G,MYTEK,16.0,16.0,0.0,FreeDos,0,0
https://www.mytek.tn/pc-de-bureau-gamer-mytek-amd-ryzen5-16g-rtx-5050-8g.html,3029.0,Pc de Bureau Gamer MYTEK AMD RYZEN5 16G RTX 5050 8G,MYTEK,16.0,1024.0,0.0,FreeDos,0,0
https://www.mytek.tn/pc-de-bureau-gamer-mytek-i5-12e-gen-16go-rtx-5060ti-8go.html,3079.0,Pc de Bureau Gamer MYTEK i5 12è Gén 16Go RTX 5060Ti 8Go,MYTEK,16.0,500.0,5.0,FreeDos,0,0
https://www.mytek.tn/pc-de-bureau-gamer-mytek-i5-12e-gen-32go-rtx5060-8g.html,3219.0,Pc de Bureau Gamer MYTEK i5 12è Gén 32Go RTX5060 8G,MYTEK,32.0,500.0,5.0,FreeDos,0,0
https://www.mytek.tn/pc-de-bureau-gamer-mytek-i7-12e-gen-16go-rtx-5050-8g.html,3319.0,Pc de Bureau Gamer MYTEK i7 12è Gén 16Go RTX 5050 8G,MYTEK,16.0,500.0,7.0,FreeDos,0,0
https://www.mytek.tn/pc-de-bureau-gamer-mytek-i5-12e-gen-16g-rtx-5060-ti-8go.html,3359.0,Pc de Bureau Gamer MYTEK i5 12è Gén 16G RTX 5060 TI 8Go,MYTEK,16.0,1024.0,5.0,FreeDos,0,0
https://www.mytek.tn/pc-de-bureau-gamer-mytek-i5-12e-gen-32go-rtx-5060ti-8go.html,3379.0,Pc de Bureau Gamer MYTEK i5 12è Gén 32Go RTX 5060Ti 8Go,MYTEK,32.0,500.0,5.0,FreeDos,0,0
https://www.mytek.tn/pc-de-bureau-gamer-mytek-i5-12e-gen-32go-rtx-5050-8g.html,3379.0,Pc de Bureau Gamer MYTEK i5 12è Gén 32Go RTX 5050 8G,MYTEK,32.0,1024.0,5.0,FreeDos,0,0
https://www.mytek.tn/pc-de-bureau-gamer-mytek-amd-ryzen-7-32go-rtx5060-8g.html,3399.0,Pc de Bureau Gamer MYTEK AMD Ryzen 7 32Go RTX5060 8G,MYTEK,32.0,32.0,0.0,FreeDos,0,0
https://www.mytek.tn/pc-de-bureau-gamer-mytek-i5-12e-gen-32g-rtx5060-8g.html,3519.0,Pc de Bureau Gamer MYTEK i5 12è Gén 32G RTX5060 8G,MYTEK,32.0,1024.0,5.0,FreeDos,0,0
https://www.mytek.tn/pc-de-bureau-gamer-mytek-i7-12e-gen-16g-rtx-5050-8g.html,3619.0,Pc de Bureau Gamer MYTEK i7 12è Gén 16G RTX 5050 8G,MYTEK,16.0,1024.0,7.0,FreeDos,0,0
https://www.mytek.tn/pc-de-bureau-gamer-mytek-i5-14e-gen-32g-rtx-5060-8go.html,3699.0,Pc de Bureau Gamer MYTEK i5 14è Gén 32G RTX 5060 8Go,MYTEK,32.0,1024.0,5.0,FreeDos,0,0
https://www.mytek.tn/pc-de-bureau-gamer-mytek-i5-14e-gen-32go-rtx-5060-ti-16go.html,4299.0,Pc de Bureau Gamer MYTEK i5 14è Gén 32Go RTX 5060 TI 16Go,MYTEK,32.0,1024.0,5.0,FreeDos,0,0
https://www.mytek.tn/pc-de-bureau-gamer-mytek-i5-14e-gen-32g-rtx-5060ti-16go.html,4399.0,Pc de Bureau Gamer MYTEK i5 14è Gén 32G RTX 5060TI 16Go,MYTEK,32.0,16.0,5.0,FreeDos,0,0
https://www.mytek.tn/pc-de-bureau-gamer-mytek-i5-14e-gen-32go-rtx5060-ti-16g.html,4779.0,Pc de Bureau Gamer MYTEK i5 14è Gén 32Go RTX5060 Ti 16G,MYTEK,32.0,1024.0,5.0,FreeDos,0,0
https://www.mytek.tn/pc-de-bureau-gamer-mytek-i7-12e-gen-32g-rtx-5060ti-16go.html,4899.0,Pc de Bureau Gamer MYTEK i7 12è Gén 32G RTX 5060TI 16Go,MYTEK,32.0,1024.0,7.0,FreeDos,0,0
https://www.mytek.tn/pc-de-bureau-gamer-mytek-i7-12e-gen-32go-rtx5060-ti-16g.html,5099.0,Pc de Bureau Gamer MYTEK i7 12è Gén 32Go RTX5060 Ti 16G,MYTEK,32.0,1024.0,7.0,FreeDos,1,0
https://www.mytek.tn/pc-de-bureau-gamer-mytek-i7-12e-gen-32g-rtx-5070-12-go.html,5299.0,Pc de Bureau Gamer MYTEK i7 12è Gén 32G RTX 5070 12 Go,MYTEK,32.0,1024.0,7.0,FreeDos,0,0
https://www.mytek.tn/pc-de-bureau-gamer-mytek-i7-12e-gen-32g-zotac-rtx-5070-12go.html,5449.0,Pc de Bureau Gamer MYTEK i7 12è Gén 32G ZOTAC RTX 5070 12Go,MYTEK,32.0,1024.0,7.0,FreeDos,0,0
https://www.mytek.tn/pc-de-bureau-gamer-mytek-i7-14e-gen-32go-rtx5060-ti-16g.html,5449.0,Pc de Bureau Gamer MYTEK i7 14è Gén 32Go RTX5060 Ti 16G,MYTEK,32.0,1024.0,7.0,FreeDos,1,0
https://www.mytek.tn/pc-de-bureau-gamer-mytek-i7-12e-gen-32go-zotac-rtx-5070-12go.html,5539.0,Pc de Bureau Gamer MYTEK i7 12è Gén 32Go ZOTAC RTX 5070 12Go,MYTEK,32.0,1024.0,7.0,FreeDos,1,1
https://www.mytek.tn/pc-de-bureau-gamer-mytek-i5-14e-gen-32g-rtx5060-ti-16g.html,5859.0,Pc de Bureau Gamer MYTEK i5 14è Gén 32G RTX5060 Ti 16G,MYTEK,32.0,1024.0,5.0,FreeDos,0,1
https://www.mytek.tn/pc-de-bureau-gamer-mytek-amd-ryzen-7-32go-rtx5060-ti-16g.html,6149.0,Pc de Bureau Gamer MYTEK AMD RYZEN 7 32Go RTX5060 Ti 16G,MYTEK,32.0,1024.0,0.0,FreeDos,0,1
https://www.mytek.tn/pc-de-bureau-gamer-mytek-i9-12e-gen-32g-rtx5060-ti.html,6459.0,Pc de Bureau Gamer MYTEK i9 12è Gén 32G RTX5060 Ti 16G,MYTEK,32.0,1024.0,9.0,FreeDos,0,1
https://www.mytek.tn/pc-de-bureau-gamer-mytek-i7-14e-gen-32g-rtx5060-ti-16g.html,6699.0,Pc de Bureau Gamer MYTEK i7 14è Gén 32G RTX5060 Ti 16G,MYTEK,32.0,1024.0,7.0,FreeDos,0,1
https://www.mytek.tn/pc-de-bureau-gamer-mytek-ultra-7-265kf-32go-rtx-5070-12go.html,6919.0,Pc de Bureau Gamer MYTEK Ultra 7 265KF 32Go RTX 5070 12Go,MYTEK,32.0,1024.0,0.0,FreeDos,0,1
https://www.mytek.tn/pc-de-bureau-gamer-mytek-i7-14e-gen-32go-rtx-5070-ti-16g.html,7699.0,Pc de Bureau Gamer MYTEK i7 14è Gén 32Go RTX 5070 Ti 16G,MYTEK,32.0,1024.0,7.0,FreeDos,0,1
https://www.mytek.tn/pc-de-bureau-gamer-mytek-i7-13e-gen-32go-msi-rtx-5070-12g.html,7999.0,Pc de Bureau Gamer MYTEK i7 13è Gén 32Go MSI RTX 5070 12G,MYTEK,32.0,2048.0,7.0,FreeDos,0,0
https://www.mytek.tn/pc-de-bureau-gamer-mytek-ultra-7-265k-32go-rtx-5080-16go.html,8499.0,Pc de Bureau Gamer MYTEK Ultra 7 265K 32Go RTX 5080 16Go,MYTEK,32.0,1024.0,0.0,Windows 11 Pro,0,1
