url,prix_tnd,nom,marque,ram_go,stockage_go,taille_ecran,cpu_brand,os_platform,has_4g,has_5g,has_wifi6,has_wifi,has_bluetooth
https://www.mytek.tn/smartphone-honor-x5c-4go-64go-bleu.html,379.0,Smartphone HONOR X5C 4Go 64Go - Bleu,HONOR,4.0,64.0,6.74,MediaTek,Android,1,0,0,1,1
https://www.mytek.tn/smartphone-honor-x5b-plus-4go-128go-bleu.html,469.0,Smartphone HONOR X5b Plus 4Go 128Go - Bleu,HONOR,4.0,128.0,6.56,MediaTek,Android,1,0,0,1,1
https://www.mytek.tn/smartphone-honor-x5c-plus-4g-4go-128go-ocean-cyan.html,479.0,Smartphone HONOR X5C Plus 4G 8Go 128Go - OCEAN CYAN,HONOR,8.0,128.0,6.74,MediaTek,Android,1,0,0,1,1
https://www.mytek.tn/smartphone-honor-x5c-plus-4g-128go-4go-midnight-black.html,479.0,Smartphone HONOR X5C Plus 4G 128Go 8Go - Midnight Black,HONOR,8.0,128.0,6.74,MediaTek,Android,1,0,0,1,1
https://www.mytek.tn/smartphone-honor-x6c-12go-256go-4g-cyan.html,599.0,Smartphone HONOR X6C 12Go 256Go 4G - Cyan,HONOR,6.0,256.0,6.61,MediaTek,Android,1,0,0,1,1
https://www.mytek.tn/smartphone-honor-x6c-12go-256go-4g-blanc.html,599.0,Smartphone HONOR X6C 12Go 256Go 4G - Blanc,HONOR,6.0,256.0,6.61,MediaTek,Android,1,0,0,1,1
https://www.mytek.tn/smartphone-honor-x7d-5g-6go-128go-desert-gold.html,639.0,Smartphone HONOR X7D 5G  6Go 128Go - Desert Gold,HONOR,6.0,128.0,6.77,Qualcomm,Android,0,1,0,1,1
https://www.mytek.tn/smartphone-honor-x7d-5g-6go-128go-meteor-silver.html,639.0,Smartphone HONOR X7D 5G  6Go 128Go - Meteor Silver,HONOR,6.0,128.0,6.77,Qualcomm,Android,0,1,0,1,1
https://www.mytek.tn/smartphone-honor-x7d-5g-6go-128go-velvet-black.html,639.0,Smartphone HONOR X7D 5G  6Go 128Go - Velvet Black,HONOR,6.0,128.0,6.77,Qualcomm,Android,0,1,0,1,1
https://www.mytek.tn/smartphone-honor-x7d-5g-8go-256go-velvet-black.html,799.0,Smartphone HONOR X7D 5G  8Go 256Go - Velvet Black,HONOR,8.0,256.0,6.77,Qualcomm,Android,0,1,0,1,1
https://www.mytek.tn/smartphone-honor-x7d-4g-8go-256go-velvet-black.html,799.0,Smartphone HONOR X7D 4G  8Go 256Go - Velours Noir,HONOR,8.0,256.0,6.77,Qualcomm,Android,1,0,0,1,1
https://www.mytek.tn/smartphone-honor-x7d-4g-8go-256go-meteor-silver.html,799.0,Smartphone HONOR X7D 4G  8Go 256Go - Meteor Silver,HONOR,8.0,256.0,6.77,Qualcomm,Android,1,0,0,1,1
https://www.mytek.tn/smartphone-honor-x7d-4g-8go-256go-desert-gold.html,799.0,Smartphone HONOR X7D 4G  8Go 256Go - Desert Gold,HONOR,8.0,256.0,6.77,Qualcomm,Android,1,0,0,1,1
https://www.mytek.tn/smartphone-honor-x8d-4g-8go-256go-velvet-noir.html,979.0,Smartphone HONOR X8D 4G 8Go 256Go - Velvet Noir,HONOR,8.0,256.0,6.77,Qualcomm,Android,1,0,0,1,1
https://www.mytek.tn/smartphone-honor-x8d-4g-8go-256go-velvet-vert.html,979.0,Smartphone HONOR X8D 4G 8Go 256Go - Velvet Vert,HONOR,8.0,256.0,6.77,Qualcomm,Android,1,0,0,1,1
https://www.mytek.tn/smartphone-honor-x8d-4g-8go-256go-bleu-clair.html,979.0,Smartphone HONOR X8D 4G 8Go 256Go - Bleu Clair,HONOR,8.0,256.0,6.77,Qualcomm,Android,1,0,0,1,1
https://www.mytek.tn/smartphone-honor-x9b-5g-12go-256go-orange.html,1199.0,Smartphone HONOR X9b 5G 12Go 256Go - Orange,HONOR,12.0,256.0,6.78,Qualcomm,Android,0,1,0,1,1
https://www.mytek.tn/smartphone-honor-600-lite-5g-8go-256go-noir.html,1399.0,Smartphone HONOR 600 Lite 5G 8Go 256Go - Noir,HONOR,8.0,256.0,6.6,MediaTek,Android,0,1,0,1,1
https://www.mytek.tn/smartphone-honor-600-lite-5g-8go-256go-vert.html,1399.0,Smartphone HONOR 600 Lite 5G 8Go 256Go - vert,HONOR,8.0,256.0,6.6,MediaTek,Android,0,1,0,1,1
https://www.mytek.tn/smartphone-honor-600-lite-5g-8go-256go-gris.html,1399.0,Smartphone HONOR 600 Lite 5G 8Go 256Go - Gris,HONOR,8.0,256.0,6.6,MediaTek,Android,0,1,0,1,1
https://www.mytek.tn/smartphone-honor-x9d-5g-12go-256go-marron-rougeatre.html,1499.0,Smartphone HONOR X9D 5G 12Go 256Go - Marron Rougeâtre,HONOR,12.0,256.0,6.79,Qualcomm,Android,0,1,1,1,1
https://www.mytek.tn/smartphone-honor-x9d-5g-12go-256go-noir-de-minuit.html,1499.0,Smartphone HONOR X9D 5G 12Go 256Go - Noir De Minuit,HONOR,12.0,256.0,6.79,Qualcomm,Android,0,1,1,1,1
https://www.mytek.tn/smartphone-honor-x9d-5g-12go-256go-gold.html,1499.0,Smartphone HONOR X9D 5G 12Go 256Go - Gold,HONOR,12.0,256.0,6.79,Qualcomm,Android,0,1,1,1,1
https://www.mytek.tn/smartphone-honor-600-5g-256go-12go-orange.html,1999.0,Smartphone HONOR 600 5G 256Go 12Go - Orange,HONOR,12.0,256.0,6.57,Qualcomm,Android,0,1,0,1,1
https://www.mytek.tn/smartphone-honor-600-5g-256go-12go-golden-white.html,1999.0,Smartphone HONOR 600 5G 256Go 12Go - Golden White,HONOR,12.0,256.0,6.57,Qualcomm,Android,0,1,0,1,1
https://www.mytek.tn/smartphone-honor-600-5g-256go-12go-noir.html,1999.0,Smartphone HONOR 600 5G 256Go 12Go - Noir,HONOR,12.0,256.0,6.57,Qualcomm,Android,0,1,0,1,1
https://www.mytek.tn/smartphone-huawei-nova-11i-8go-128go-vert-menthe.html,699.0,Smartphone HUAWEI Nova 11i 8Go 128Go - Vert Menthe,HUAWEI,8.0,128.0,6.8,Qualcomm,Android,1,0,0,0,0
https://www.mytek.tn/smartphone-huawei-nova-y91-8go-256go-moonlight-silver.html,799.0,Smartphone HUAWEI Nova Y91 8Go 256Go - Moonlight Silver,HUAWEI,8.0,256.0,6.95,Qualcomm,Android,1,0,0,0,0
https://www.mytek.tn/smartphone-infinix-smart-20-4go-64go-shadow-black.html,399.0,Smartphone INFINIX Smart 20 8Go 64Go - Shadow BLACK,INFINIX,4.0,64.0,6.78,MediaTek,Android,1,0,0,0,1
https://www.mytek.tn/smartphone-infinix-smart-20-4go-64go-sunlike-orange.html,399.0,Smartphone INFINIX Smart 20 8Go 64Go - SUNLIKE ORANGE,INFINIX,4.0,64.0,6.78,MediaTek,Android,1,0,0,0,1
https://www.mytek.tn/smartphone-infinix-smart-20-4go-64go-polaris-titanium.html,399.0,Smartphone INFINIX Smart 20 8Go 64Go - POLARIS TITANIUM,INFINIX,4.0,64.0,6.78,MediaTek,Android,1,0,0,0,1
https://www.mytek.tn/smartphone-infinix-smart-20-4go-64go-cloudine-blue.html,399.0,Smartphone INFINIX Smart 20 8Go 64Go -CLOUDINE BLUE,INFINIX,4.0,64.0,6.78,MediaTek,Android,1,0,0,0,1
https://www.mytek.tn/smartphone-infinix-smart-20-4go-128go-polaris-titanium.html,439.0,Smartphone INFINIX Smart 20 8Go 128Go - POLARIS TITANIUM,INFINIX,4.0,128.0,6.78,MediaTek,Android,1,0,0,0,1
https://www.mytek.tn/smartphone-infinix-smart-20-4go-128go-cloudine-blue.html,439.0,Smartphone INFINIX Smart 20 8Go 128Go - CLOUDINE BLUE,INFINIX,4.0,128.0,6.78,MediaTek,Android,1,0,0,0,1
https://www.mytek.tn/smartphone-infinix-smart-20-4go-128go-sunlike-orange.html,439.0,Smartphone INFINIX Smart 20 8Go 128Go - SUNLIKE ORANGE,INFINIX,4.0,128.0,6.78,MediaTek,Android,1,0,0,0,1
https://www.mytek.tn/smartphone-infinix-smart-20-4go-128go-shadow-black.html,439.0,Smartphone INFINIX Smart 20 8Go 128Go - Shadow BLACK,INFINIX,4.0,128.0,6.78,MediaTek,Android,1,0,0,0,1
https://www.mytek.tn/smartphone-infinix-hot-60-pro-plus-4g-8-8go-256go-sleek-black.html,799.0,Smartphone INFINIX Hot 60 Pro Plus 4G 8+8Go 256Go - Sleek Black,INFINIX,8.0,256.0,6.78,MediaTek,Android,1,0,0,1,1
https://www.mytek.tn/smartphone-infinix-hot-60-pro-plus-4g-8-8go-256go-titanium-silver.html,799.0,Smartphone INFINIX Hot 60 Pro Plus 4G 8+8Go 256Go - Titanium Silver,INFINIX,8.0,256.0,6.78,MediaTek,Android,1,0,0,1,1
https://www.mytek.tn/smartphone-infinix-hot-60-pro-plus-4g-8-8go-256go-misty-violet.html,799.0,Smartphone INFINIX Hot 60 Pro Plus 4G 8+8Go 256Go - Misty Violet,INFINIX,8.0,256.0,6.78,MediaTek,Android,1,0,0,1,1
https://www.mytek.tn/smartphone-infinix-hot-60-pro-plus-4g-8-8go-256go-coral-tides.html,799.0,Smartphone INFINIX Hot 60 Pro Plus 4G 8+8Go 256Go - Coral Tides,INFINIX,8.0,256.0,6.78,MediaTek,Android,1,0,0,1,1
https://www.mytek.tn/smartphone-infinix-hot-60-pro-plus-4g-8-8go-256go-sonic-yellow.html,799.0,Smartphone INFINIX Hot 60 Pro Plus 4G 8+8Go 256Go - Sonic Yellow,INFINIX,8.0,256.0,6.78,MediaTek,Android,1,0,0,1,1
https://www.mytek.tn/smartphone-infinix-note-60-edge-5g-16go-256go-lunar-titanium.html,1129.0,Smartphone Infinix Note 60 Edge 5G 16Go 256Go - Lunar Titanium,INFINIX,16.0,256.0,6.78,MediaTek,Android,0,1,0,1,1
https://www.mytek.tn/smartphone-infinix-note-60-edge-5g-16go-256go-silk-green.html,1129.0,Smartphone Infinix Note 60 Edge 5G 16Go 256Go - Silk Green,INFINIX,16.0,256.0,6.78,MediaTek,Android,0,1,0,1,1
https://www.mytek.tn/smartphone-infinix-note-60-edge-5g-16go-256go-shadow-black.html,1129.0,Smartphone Infinix Note 60 Edge 5G 16Go 256Go - Shadow BLACK,INFINIX,16.0,256.0,6.78,MediaTek,Android,0,1,0,1,1
https://www.mytek.tn/smartphone-infinix-note-60-pro-5g-12go-256go-orange.html,1569.0,Smartphone Infinix Note 60 Pro 5G 12Go 256Go - Orange,INFINIX,12.0,256.0,6.78,Qualcomm,Android,1,1,0,1,1
https://www.mytek.tn/smartphone-infinix-note-60-pro-5g-12go-256go-deep-ocean-blue.html,1569.0,Smartphone Infinix Note 60 Pro 5G 12Go 256Go - Deep Ocean Blue,INFINIX,12.0,256.0,6.78,Qualcomm,Android,1,1,0,1,1
https://www.mytek.tn/smartphone-infinix-note-60-pro-5g-12go-256go-titanium.html,1569.0,Smartphone Infinix Note 60 Pro 5G 12Go 256Go - Titanium,INFINIX,12.0,256.0,6.78,Qualcomm,Android,1,1,0,1,1
https://www.mytek.tn/smartphone-infinix-gt-50-pro-5g-12go-256go-noir.html,1869.0,Smartphone Infinix GT 50 Pro 5G 12Go 256Go - Noir,INFINIX,12.0,256.0,6.78,MediaTek,Android,0,1,0,0,0
https://www.mytek.tn/smartphone-infinix-gt-50-pro-5g-12go-256go-rouge.html,1869.0,Smartphone Infinix GT 50 Pro 5G 12Go 256Go - Rouge,INFINIX,12.0,256.0,6.78,MediaTek,Android,0,1,0,0,0
https://www.mytek.tn/smartphone-lesia-young-1-2go-16go-bleu-fonce.html,169.9,Smartphone LESIA YOUNG 1 2Go 16Go - Bleu Foncé,LESIA,2.0,16.0,5.5,Autre,Android,0,0,0,0,0
https://www.mytek.tn/smartphone-lesia-young-1-2go-16go-violet.html,169.9,Smartphone LESIA YOUNG 1 2Go 16Go - Violet,LESIA,2.0,16.0,5.5,Autre,Android,0,0,0,0,0
https://www.mytek.tn/smartphone-lesia-young-1-2go-16go-bleu-ciel.html,169.9,Smartphone LESIA YOUNG 1 2Go 16Go - Bleu Ciel,LESIA,2.0,16.0,5.5,Autre,Android,0,0,0,0,0
https://www.mytek.tn/smartphone-lesia-young-6-2go-16go-noir.html,189.9,Smartphone LESIA YOUNG 6  4Go 16Go - Noir,LESIA,2.0,16.0,6.0,Autre,Android,0,0,0,0,0
https://www.mytek.tn/smartphone-lesia-young-6-2go-16go-gold.html,189.9,Smartphone LESIA YOUNG 6 4Go 16Go - Gold,LESIA,2.0,16.0,6.0,Autre,Android,0,0,0,0,0
https://www.mytek.tn/smartphone-lesia-young-6-2-2go-16go-silver.html,189.9,Smartphone Lesia Young 6 2 + 2Go 16Go - Silver,LESIA,2.0,16.0,6.1,Autre,Android,1,0,0,0,0
https://www.mytek.tn/smartphone-lesia-young-2-4go-32go-purple.html,209.9,Smartphone LESIA YOUNG 2   4Go 32Go - Purple,LESIA,2.0,32.0,6.56,Autre,Android,0,0,0,0,0
https://www.mytek.tn/smartphone-lesia-young-2-4go-32go-vert.html,209.9,Smartphone LESIA YOUNG 2 4Go 32Go - Vert,LESIA,2.0,32.0,6.56,Autre,Android,0,0,0,0,0
https://www.mytek.tn/smartphone-lesia-young-2-4go-32go-dark-bleu.html,209.9,Smartphone LESIA YOUNG 2 4Go 32Go - Dark Bleu,LESIA,2.0,32.0,6.56,Autre,Android,0,0,0,0,0
https://www.mytek.tn/smartphone-lesia-young-3-2-2-go-32go-rose.html,229.9,Smartphone LESIA YOUNG 3  2+2 Go 32Go - Rose,LESIA,4.0,32.0,6.56,Autre,Android,1,0,0,0,0
https://www.mytek.tn/smartphone-lesia-young-3-2-2-go-32go-sky-blue.html,229.9,Smartphone LESIA YOUNG 3  2+2 Go 32Go - Sky blue,LESIA,4.0,32.0,6.56,Autre,Android,1,0,0,0,0
https://www.mytek.tn/smartphone-lesia-young-3-4go-32go-dark-blue.html,229.9,Smartphone LESIA YOUNG 3 2+2 Go 32Go - Dark blue,LESIA,4.0,32.0,6.56,Autre,Android,1,0,0,0,0
https://www.mytek.tn/smartphone-lesia-young-9-6go-32go-sky-blue.html,239.0,Smartphone LESIA YOUNG 9 6Go 32Go - Sky Blue,LESIA,6.0,32.0,6.56,Autre,Android,0,0,0,0,0
https://www.mytek.tn/smartphone-lesia-young-9-6go-32go-bleu-fonce.html,239.9,Smartphone LESIA YOUNG 9 6Go 32Go - Bleu Foncé,LESIA,6.0,32.0,6.56,Autre,Android,0,0,0,0,0
https://www.mytek.tn/smartphone-oppo-a5x-4go-128go-laser-white.html,599.0,SMARTPHONE OPPO A5X 4GO 128GO - LASER WHITE,OPPO,4.0,128.0,6.67,Qualcomm,Android,1,0,0,1,1
https://www.mytek.tn/smartphone-oppo-a6x-4go-128go-bleu.html,599.0,Smartphone OPPO A6x 4Go 128Go - Bleu,OPPO,4.0,128.0,6.75,Qualcomm,Android,1,0,0,1,1
https://www.mytek.tn/smartphone-oppo-a6x-4go-128go-violet.html,599.0,Smartphone OPPO A6x 4Go 128Go - Violet,OPPO,4.0,128.0,6.75,Qualcomm,Android,1,0,0,1,1
https://www.mytek.tn/smartphone-oppo-a5-4g-6go-128go-blanc-brumeux.html,699.0,Smartphone OPPO A5 4G 6Go 128Go - Blanc brumeux,OPPO,6.0,128.0,6.67,Qualcomm,Android,1,0,0,1,1
https://www.mytek.tn/smartphone-oppo-a5-4g-6go-128go-vert-aurore.html,699.0,Smartphone OPPO A5 4G 6Go 128Go - Vert aurore,OPPO,6.0,128.0,6.67,Qualcomm,Android,1,0,0,1,1
https://www.mytek.tn/smartphone-oppo-a6x-5g-8go-4go-4go-ram-extensible-128go-plum-purple.html,699.0,Smartphone OPPO A6x 5G 8Go 128Go - Plum Purple,OPPO,4.0,128.0,6.75,MediaTek,Android,0,1,0,1,1
https://www.mytek.tn/smartphone-oppo-a6x-5g-8go-4go-4go-ram-extensible-128go-bleu-glacier.html,699.0,Smartphone OPPO A6x 5G 8Go  128Go -  Bleu Glacier,OPPO,8.0,128.0,6.75,MediaTek,Android,1,1,0,1,1
https://www.mytek.tn/smartphone-oppo-a76-6go-128go-bleu.html,869.0,Smartphone OPPO A76 6Go 128Go - Bleu,OPPO,6.0,128.0,6.56,Qualcomm,Android,1,0,0,1,1
https://www.mytek.tn/smartphone-oppo-a5-4g-8go-256go-vert-aurore.html,899.0,Smartphone OPPO A5 4G 8Go 256Go - Vert aurore,OPPO,8.0,256.0,6.67,Qualcomm,Android,1,0,0,1,1
https://www.mytek.tn/smartphone-oppo-a5-4g-8go-256go-blanc-brumeux.html,899.0,Smartphone OPPO A5 4G 8Go 256Go - Blanc brumeux,OPPO,8.0,256.0,6.67,Qualcomm,Android,1,0,0,1,1
https://www.mytek.tn/smartphone-oppo-a5-5g-6go-128go-vert.html,899.0,Smartphone OPPO A5 5G 6Go 128Go - Vert,OPPO,6.0,128.0,6.67,MediaTek,Android,0,1,0,1,1
https://www.mytek.tn/smartphone-oppo-a5-5g-6go-128go-blanc.html,899.0,Smartphone OPPO A5 5G 6Go 128Go - Blanc,OPPO,6.0,128.0,6.67,MediaTek,Android,0,1,0,1,1
https://www.mytek.tn/smartphone-oppo-a6-pro-4g-8go-256go-bleu.html,999.0,Smartphone OPPO A6 PRO 4G 8Go 256Go - Bleu,OPPO,8.0,256.0,6.57,MediaTek,Android,1,0,0,1,1
https://www.mytek.tn/smartphone-oppo-a6-pro-4g-8go-256go-rouge.html,999.0,Smartphone OPPO A6 PRO 4G 8Go 256Go - Rouge,OPPO,8.0,256.0,6.57,MediaTek,Android,1,0,0,1,1
https://www.mytek.tn/smartphone-oppo-a6-8go-256go-aurora-gold.html,1199.0,Smartphone OPPO A6 8Go 256Go - Aurora Gold,OPPO,8.0,256.0,6.75,MediaTek,Android,0,1,0,1,1
https://www.mytek.tn/smartphone-oppo-a6-8go-256go-saphir-bleu.html,1199.0,Smartphone OPPO A6 8Go 256Go - Saphir Bleu,OPPO,8.0,256.0,6.75,MediaTek,Android,0,1,0,1,1
https://www.mytek.tn/smartphone-oppo-a6-pro-5g-8go-256go-bleu.html,1399.0,Smartphone OPPO A6 PRO 5G 8Go 256Go - Bleu,OPPO,8.0,256.0,6.57,MediaTek,Android,0,1,0,1,1
https://www.mytek.tn/smartphone-oppo-a6-pro-5g-8go-256go-rouge.html,1399.0,Smartphone OPPO A6 PRO 5G 8Go 256Go - Rouge,OPPO,8.0,256.0,6.57,MediaTek,Android,0,1,0,1,1
https://www.mytek.tn/smartphone-oppo-reno14-f-5g-12go-256go-opal-blue.html,1999.0,Smartphone OPPO Reno14 F 5G 12Go 512Go OPAL BLUE,OPPO,12.0,512.0,6.57,Qualcomm,Android,0,1,0,1,1
https://www.mytek.tn/smartphone-oppo-reno-15f-5g-24go-512go-bleu-crepuscule.html,2099.0,Smartphone OPPO Reno 15F 5G 24Go 512Go - Bleu Crépuscule,OPPO,12.0,512.0,6.57,Qualcomm,Android,0,1,0,1,1
https://www.mytek.tn/smartphone-oppo-reno-15f-5g-24go-512go-bleu-aurore.html,2099.0,Smartphone OPPO Reno 15F 5G 24Go 512Go - Bleu Aurore,OPPO,12.0,512.0,6.57,Qualcomm,Android,0,1,0,1,1
https://www.mytek.tn/smartphone-oscal-flat-2-4go-128go-bleu.html,329.0,Smartphone OSCAL Flat 2 12Go 128Go - Bleu,OSCAL,4.0,2048.0,6.56,Autre,Android,1,0,0,1,1
https://www.mytek.tn/smartphone-oscal-flat-2-12go-128go-noir.html,329.0,Smartphone OSCAL Flat 2 12Go 128Go - Noir,OSCAL,4.0,2048.0,6.56,Autre,Android,1,0,0,1,1
https://www.mytek.tn/smartphone-oscal-flat-2-6go-256go-noir.html,399.0,Smartphone OSCAL Flat 2 18Go 256Go - Noir,OSCAL,6.0,2048.0,6.56,Autre,Android,1,0,0,1,1
https://www.mytek.tn/smartphone-oscal-flat-2-6go-256go-bleu.html,399.0,Smartphone OSCAL Flat 2 18Go 256Go - Bleu,OSCAL,6.0,2048.0,6.56,Autre,Android,1,0,0,1,1
https://www.mytek.tn/smartphone-oscal-marine-2-12go-64go-noir.html,449.0,Smartphone OSCAL Marine 2 12Go 64Go - Noir,OSCAL,4.0,2048.0,6.56,Autre,Android,1,0,0,1,1
https://www.mytek.tn/smartphone-oscal-tiger-12-8go-128go-bleu.html,499.0,Smartphone OSCAL Tiger 12 16Go 128Go - Bleu,OSCAL,8.0,1024.0,6.78,MediaTek,Android,1,0,0,1,1
https://www.mytek.tn/smartphone-oscal-tiger-12-16go-128go-gris.html,499.0,Smartphone OSCAL Tiger 12 16Go 128Go - Gris,OSCAL,8.0,128.0,6.78,MediaTek,Android,1,0,0,1,1
https://www.mytek.tn/smartphone-samsung-galaxy-a07-4go-64go-couleur-noir.html,399.0,Smartphone SAMSUNG GALAXY A07 8Go 64Go - Couleur Noir,SAMSUNG,8.0,64.0,6.7,MediaTek,Android,1,0,0,1,1
https://www.mytek.tn/smartphone-samsung-galaxy-a07-64go-4go-vert.html,399.0,Smartphone SAMSUNG GALAXY A07 64Go 8Go - Vert,SAMSUNG,8.0,64.0,6.7,MediaTek,Android,1,0,0,1,1
https://www.mytek.tn/smartphone-samsung-galaxy-a07-4go-64go-light-violet.html,399.0,Smartphone SAMSUNG GALAXY A07 8Go 64Go - Light Violet,SAMSUNG,8.0,64.0,6.7,MediaTek,Android,1,0,0,1,1
https://www.mytek.tn/smartphone-samsung-galaxy-a07-4go-128go-4g-noir.html,479.0,Smartphone SAMSUNG Galaxy A07 8Go 128Go 4G - Noir,SAMSUNG,8.0,128.0,6.7,MediaTek,Android,1,0,0,1,1
https://www.mytek.tn/smartphone-samsung-galaxy-a07-4g-8go-128go-violet-clair.html,479.0,Smartphone Samsung Galaxy A07 4G 8Go 128Go - Violet Clair,SAMSUNG,8.0,128.0,6.7,MediaTek,Android,1,0,0,1,1
https://www.mytek.tn/smartphone-samsung-galaxy-a07-4go-128go-4g-green.html,479.0,Smartphone SAMSUNG Galaxy A07 8Go 128Go 4G - Green,SAMSUNG,8.0,128.0,6.7,MediaTek,Android,1,0,0,1,1
https://www.mytek.tn/smartphone-samsung-galaxy-a06-5g-4go-64go-noir.html,499.0,Smartphone SAMSUNG GALAXY A06 5G 8Go 64Go - Noir,SAMSUNG,4.0,64.0,6.7,Autre,Android,1,1,0,1,1
https://www.mytek.tn/smartphone-samsung-galaxy-a07-ta-12go-128go-couleur-vert.html,499.0,Smartphone SAMSUNG GALAXY A07 TA 12Go 128Go - Vert,SAMSUNG,12.0,128.0,6.7,MediaTek,Android,1,0,0,1,1
https://www.mytek.tn/smartphone-samsung-galaxy-a07-6go-128go-couleur-noir.html,569.0,Smartphone SAMSUNG GALAXY A07 12Go 128Go - Noir,SAMSUNG,12.0,128.0,6.7,MediaTek,Android,1,0,0,1,1
https://www.mytek.tn/smartphone-samsung-galaxy-a07-12go-128go-violet-clair.html,569.0,Smartphone SAMSUNG GALAXY A07 12Go 128Go - Violet Clair,SAMSUNG,6.0,128.0,6.7,MediaTek,Android,1,0,0,1,1
https://www.mytek.tn/smartphone-samsung-galaxy-a07-12go-128go-vert.html,569.0,Smartphone SAMSUNG GALAXY A07 12Go 128Go - Vert,SAMSUNG,6.0,128.0,6.7,MediaTek,Android,1,0,0,1,1
https://www.mytek.tn/samsung-galaxy-a17-4g-8go-128go-gris.html,699.0,Samsung Galaxy A17 4G 8Go 128Go - Gris,SAMSUNG,4.0,128.0,6.7,MediaTek,Android,1,0,0,1,1
https://www.mytek.tn/samsung-galaxy-a17-4g-8go-128go-noir.html,699.0,Samsung Galaxy A17 4G 8Go 128Go - Noir,SAMSUNG,4.0,128.0,6.7,MediaTek,Android,1,0,0,1,1
https://www.mytek.tn/samsung-galaxy-a17-4g-8go-128go-light-blue.html,699.0,Samsung Galaxy A17 4G 8Go 128Go - Light Blue,SAMSUNG,4.0,128.0,6.7,MediaTek,Android,1,0,0,1,1
https://www.mytek.tn/smartphone-samsung-galaxy-a17-4g-6go-128go-noir.html,799.0,Smartphone SAMSUNG GALAXY A17 4G 12Go 128Go - Noir,SAMSUNG,6.0,128.0,6.7,MediaTek,Android,1,0,0,1,1
https://www.mytek.tn/smartphone-samsung-galaxy-a17-4g-6go-128go-bleu-clair.html,799.0,Smartphone SAMSUNG GALAXY A17 4G 12Go 128Go - Bleu Clair,SAMSUNG,6.0,128.0,6.7,MediaTek,Android,1,0,0,1,1
https://www.mytek.tn/smartphone-samsung-galaxy-a17-5g-6go-128go-gris.html,899.0,Smartphone SAMSUNG GALAXY A17 5G 12Go 128Go - Gris,SAMSUNG,6.0,128.0,6.7,Samsung Exynos,Android,0,1,0,1,1
https://www.mytek.tn/smartphone-samsung-galaxy-a17-5g-6go-128go-bleu.html,899.0,Smartphone SAMSUNG GALAXY A17 5G 12Go 128Go - Bleu,SAMSUNG,6.0,128.0,6.7,Samsung Exynos,Android,0,1,0,1,1
https://www.mytek.tn/smartphone-samsung-galaxy-a17-5g-6go-128go-noir.html,899.0,Smartphone SAMSUNG GALAXY A17 5G 12Go 128Go - Noir,SAMSUNG,6.0,128.0,6.7,Samsung Exynos,Android,0,1,0,1,1
https://www.mytek.tn/smartphone-samsung-galaxy-a26-5g-6go-128go-noir.html,1069.0,Smartphone SAMSUNG Galaxy A26 5G 12Go 128Go - Noir,SAMSUNG,12.0,128.0,6.7,Autre,Android,0,1,0,1,1
https://www.mytek.tn/smartphone-samsung-galaxy-a26-5g-6go-128go-rose.html,1069.0,Smartphone SAMSUNG Galaxy A26 5G 12Go 128Go - Rose,SAMSUNG,12.0,128.0,6.7,Autre,Android,0,1,0,1,1
https://www.mytek.tn/smartphone-samsung-galaxy-a17-5g-8go-256go-noir.html,1199.0,Smartphone SAMSUNG GALAXY A17 5G 16Go 256Go - Noir,SAMSUNG,16.0,256.0,6.7,Samsung Exynos,Android,0,1,0,1,1
https://www.mytek.tn/smartphone-samsung-galaxy-a17-5g-8go-256go-bleu.html,1199.0,Smartphone SAMSUNG GALAXY A17 5G 16Go 256Go - Bleu,SAMSUNG,16.0,256.0,6.7,Samsung Exynos,Android,0,1,0,1,1
https://www.mytek.tn/smartphone-samsung-galaxy-a17-5g-8go-256go-gris.html,1199.0,Smartphone SAMSUNG GALAXY A17 5G 16Go 256Go - Gris,SAMSUNG,16.0,256.0,6.7,Samsung Exynos,Android,0,1,0,1,1
https://www.mytek.tn/smartphone-samsung-galaxy-a26-5g-8go-256go-blanc.html,1269.0,Smartphone SAMSUNG Galaxy A26 5G 16Go 256Go - Blanc,SAMSUNG,16.0,256.0,6.7,Autre,Android,0,1,0,1,1
https://www.mytek.tn/smartphone-samsung-galaxy-a26-5g-8go-256go-noir.html,1269.0,Smartphone SAMSUNG Galaxy A26 5G 16Go 256Go - Noir,SAMSUNG,16.0,256.0,6.7,Autre,Android,0,1,0,1,1
https://www.mytek.tn/smartphone-samsung-galaxy-a36-5g-8go-128go-noir.html,1359.0,Smartphone SAMSUNG Galaxy A36 5G 16Go 128Go - Noir,SAMSUNG,16.0,128.0,6.7,Autre,Android,0,1,0,1,1
https://www.mytek.tn/smartphone-samsung-galaxy-a36-5g-8go-128go-blanc.html,1359.0,Smartphone SAMSUNG Galaxy A36 5G 16Go 128Go - blanc,SAMSUNG,16.0,128.0,6.7,Autre,Android,0,1,0,1,1
https://www.mytek.tn/smartphone-samsung-galaxy-a36-5g-8go-256go-noir.html,1549.0,Smartphone SAMSUNG Galaxy A36 5G 16Go 256Go - Noir,SAMSUNG,16.0,256.0,6.7,Autre,Android,0,1,0,1,1
https://www.mytek.tn/smartphone-samsung-galaxy-a36-5g-8go-256go-lavender.html,1549.0,Smartphone SAMSUNG Galaxy A36 5G 16Go 256Go - Lavender,SAMSUNG,16.0,256.0,6.7,Autre,Android,0,1,0,1,1
https://www.mytek.tn/smartphone-samsung-galaxy-a36-5g-8go-256go-blanc.html,1549.0,Smartphone SAMSUNG Galaxy A36 5G 16Go 256Go - Blanc,SAMSUNG,16.0,256.0,6.7,Autre,Android,0,1,0,1,1
https://www.mytek.tn/smartphone-samsung-galaxy-a55-5g-16go-256go-awesome-navy.html,1599.0,Smartphone SAMSUNG GALAXY A55 5G 16Go 256Go - Awesome Navy,SAMSUNG,16.0,256.0,6.6,Samsung Exynos,Android,0,1,0,1,1
https://www.mytek.tn/smartphone-samsung-galaxy-a55-5g-256go-16go-ice-blue.html,1599.0,Smartphone Samsung Galaxy A55 5G 256Go 16Go - Ice Blue,SAMSUNG,16.0,256.0,6.6,Samsung Exynos,Android,0,1,0,1,1
https://www.mytek.tn/smartphone-samsung-galaxy-a56-5g-8go-128go-graphite.html,1699.0,Smartphone SAMSUNG Galaxy A56 5G 16Go 128Go - Graphite,SAMSUNG,16.0,128.0,6.7,Autre,Android,0,1,0,1,1
https://www.mytek.tn/smartphone-samsung-galaxy-a56-5g-8go-128go-gris.html,1699.0,Smartphone SAMSUNG Galaxy A56 5G 16Go 128Go - Gris,SAMSUNG,16.0,128.0,6.7,Autre,Android,0,1,0,1,1
https://www.mytek.tn/smartphone-samsung-galaxy-a37-5g-8go-128go-blanc.html,1799.0,Smartphone Samsung Galaxy A37 5G 16Go 128Go - Blanc,SAMSUNG,16.0,128.0,6.7,Samsung Exynos,Android,0,1,1,0,1
https://www.mytek.tn/smartphone-samsung-galaxy-a37-5g-8go-128go-lavender.html,1799.0,Smartphone Samsung Galaxy A37 5G 16Go 128Go - Lavender,SAMSUNG,16.0,128.0,6.7,Samsung Exynos,Android,0,1,1,0,1
https://www.mytek.tn/smartphone-samsung-galaxy-a37-5g-8go-128go-gray-green.html,1799.0,Smartphone Samsung Galaxy A37 5G 16Go 128Go - Gray Green,SAMSUNG,16.0,128.0,6.7,Samsung Exynos,Android,0,1,1,0,1
https://www.mytek.tn/smartphone-samsung-galaxy-a37-5g-8go-128go-awesome-charcoal.html,1799.0,Smartphone Samsung Galaxy A37 5G 16Go 128Go - Awesome Charcoal,SAMSUNG,16.0,128.0,6.7,Samsung Exynos,Android,0,1,1,0,1
https://www.mytek.tn/smartphone-samsung-galaxy-a56-5g-8go-256go-graphite.html,1899.0,Smartphone SAMSUNG Galaxy A56 5G 16Go 256Go - Graphite,SAMSUNG,16.0,256.0,6.7,Autre,Android,0,1,0,1,1
https://www.mytek.tn/smartphone-samsung-galaxy-a56-5g-16go-256go-gris.html,1899.0,Smartphone SAMSUNG Galaxy A56 5G 16Go 256Go - Gris,SAMSUNG,16.0,256.0,6.7,Autre,Android,0,1,0,1,1
https://www.mytek.tn/smartphone-samsung-galaxy-a37-5g-8go-256go-blanc.html,1999.0,Smartphone Samsung Galaxy A37 5G 16Go 256Go - Blanc,SAMSUNG,16.0,256.0,6.7,Samsung Exynos,Android,0,1,0,1,1
https://www.mytek.tn/smartphone-samsung-galaxy-a37-5g-8go-256go-lavender.html,1999.0,Smartphone Samsung Galaxy A37 5G 16Go 256Go - Lavender,SAMSUNG,16.0,256.0,6.7,Samsung Exynos,Android,0,1,0,1,1
https://www.mytek.tn/smartphone-samsung-galaxy-a37-5g-8go-256go-gray-green.html,1999.0,Smartphone Samsung Galaxy A37 5G 16Go 256Go - Gray Green,SAMSUNG,16.0,256.0,6.7,Samsung Exynos,Android,0,1,0,1,1
https://www.mytek.tn/smartphone-samsung-galaxy-a37-5g-8go-256go-awesome-charcoal.html,1999.0,Smartphone Samsung Galaxy A37 5G 16Go 256Go - Awesome Charcoal,SAMSUNG,16.0,256.0,6.7,Samsung Exynos,Android,0,1,0,1,1
https://www.mytek.tn/smartphone-samsung-galaxy-a57-5g-8go-128go-light-blue.html,2099.0,Smartphone Samsung Galaxy A57 5G 16Go 128Go - Light Blue,SAMSUNG,16.0,128.0,6.7,Samsung Exynos,Android,0,1,1,0,1
https://www.mytek.tn/smartphone-samsung-galaxy-a57-5g-8go-128go-navy.html,2099.0,Smartphone Samsung Galaxy A57 5G 16Go 128Go - Navy,SAMSUNG,16.0,128.0,6.7,Samsung Exynos,Android,0,1,1,0,1
https://www.mytek.tn/smartphone-samsung-galaxy-a57-5g-8go-128go-lilas.html,2099.0,Smartphone Samsung Galaxy A57 5G 16Go 128Go - Lilas,SAMSUNG,16.0,128.0,6.7,Samsung Exynos,Android,0,1,1,0,1
https://www.mytek.tn/smartphone-samsung-galaxy-a57-5g-8go-128go-gris.html,2099.0,Smartphone Samsung Galaxy A57 5G 16Go 128Go - Gris,SAMSUNG,16.0,128.0,6.7,Samsung Exynos,Android,0,1,1,0,1
https://www.mytek.tn/smartphone-samsung-galaxy-a57-5g-8go-256go-light-blue.html,2299.0,Smartphone Samsung Galaxy A57 5G 16Go 256Go - Light Blue,SAMSUNG,16.0,256.0,6.7,Samsung Exynos,Android,0,1,1,0,1
https://www.mytek.tn/smartphone-samsung-galaxy-a57-5g-8go-256go-gris.html,2299.0,Smartphone Samsung Galaxy A57 5G 16Go 256Go - Gris,SAMSUNG,16.0,256.0,6.7,Samsung Exynos,Android,0,1,1,0,1
https://www.mytek.tn/smartphone-samsung-galaxy-a57-5g-8go-256go-navy.html,2299.0,Smartphone Samsung Galaxy A57 5G 16Go 256Go - Navy,SAMSUNG,16.0,256.0,6.7,Samsung Exynos,Android,0,1,1,0,1
https://www.mytek.tn/smartphone-samsung-galaxy-a57-5g-8go-256go-lilas.html,2299.0,Smartphone Samsung Galaxy A57 5G 16Go 256Go - LiLas,SAMSUNG,16.0,256.0,6.7,Samsung Exynos,Android,0,1,1,0,1
https://www.mytek.tn/smartphone-samsung-galaxy-s25-fe-8go-256go-bleu-clair.html,2799.0,Smartphone SAMSUNG GALAXY S25 FE 8Go 256Go - Ice Bleu,SAMSUNG,8.0,256.0,6.7,Samsung Exynos,Android,0,1,0,1,1
https://www.mytek.tn/smartphone-samsung-galaxy-s25-fe-8go-256go-bleu-marine.html,2799.0,Smartphone SAMSUNG GALAXY S25 FE 8Go 256Go - Bleu Marine,SAMSUNG,8.0,256.0,6.7,Samsung Exynos,Android,0,1,0,1,1
https://www.mytek.tn/smartphone-samsung-galaxy-s25-fe-8go-256go-noir.html,2799.0,Smartphone SAMSUNG GALAXY S25 FE 8Go 256Go - Noir,SAMSUNG,8.0,256.0,6.7,Samsung Exynos,Android,0,1,0,1,1
https://www.mytek.tn/smartphone-samsung-galaxy-s25-fe-8go-256go-blanc.html,2799.0,Smartphone SAMSUNG GALAXY S25 FE 8Go 256Go - Blanc,SAMSUNG,8.0,256.0,6.7,Samsung Exynos,Android,0,1,0,1,1
https://www.mytek.tn/smartphone-samsung-galaxy-s25-5g-12go-256go-ice-bleu.html,3399.0,Smartphone SAMSUNG GALAXY S25 5G 12Go 256Go - Ice bleu,SAMSUNG,12.0,256.0,6.2,Autre,Android,1,1,0,1,1
https://www.mytek.tn/smartphone-samsung-galaxy-s25-12go-256go-light-green.html,3899.0,Smartphone SAMSUNG GALAXY S25+ 5G 12Go 256Go - Light Green,SAMSUNG,12.0,256.0,6.7,Autre,Android,0,1,0,1,1
https://www.mytek.tn/smartphone-samsung-galaxy-s26-5g-12go-256go-blanc.html,3999.0,Smartphone SAMSUNG GALAXY S26 5G 12Go 256Go - Blanc,SAMSUNG,12.0,256.0,6.3,Samsung Exynos,Android,1,1,0,1,1
https://www.mytek.tn/smartphone-samsung-galaxy-s26-5g-12go-256go-violet-de-cobalt.html,3999.0,Smartphone SAMSUNG GALAXY S26 5G 12Go 256Go -Violet de Cobalt,SAMSUNG,12.0,256.0,6.3,Samsung Exynos,Android,1,1,0,1,1
https://www.mytek.tn/smartphone-samsung-galaxy-s26-5g-12go-256go-noir.html,3999.0,Smartphone SAMSUNG GALAXY S26 5G 12Go 256Go - Noir,SAMSUNG,12.0,256.0,6.3,Samsung Exynos,Android,1,1,0,1,1
https://www.mytek.tn/smartphone-samsung-galaxy-s26-5g-12go-256g-bleu-ciel.html,3999.0,Smartphone SAMSUNG GALAXY S26 5G 12Go 256Go -Bleu Ciel,SAMSUNG,12.0,256.0,6.3,Samsung Exynos,Android,1,1,0,1,1
https://www.mytek.tn/smartphone-samsung-galaxy-s25-ultra-5g-12go-256go-noir-titanium.html,4799.0,Smartphone SAMSUNG GALAXY S25 Ultra 5G 12Go 256Go - Noir Titanium,SAMSUNG,12.0,256.0,6.9,Qualcomm,Android,0,1,0,1,1
https://www.mytek.tn/smartphone-samsung-galaxy-s25-ultra-5g-12go-256go-bleu-titanium.html,4799.0,Smartphone SAMSUNG GALAXY S25 Ultra 5G 12Go 256Go -Bleu Titanium,SAMSUNG,12.0,256.0,6.9,Qualcomm,Autre,0,1,0,1,1
https://www.mytek.tn/smartphone-samsung-galaxy-s26-5g-12go-512go-noir.html,4999.0,Smartphone SAMSUNG GALAXY S26 5G 12Go 512Go - Noir,SAMSUNG,12.0,512.0,6.3,Samsung Exynos,Android,1,1,0,1,1
https://www.mytek.tn/smartphone-samsung-galaxy-s26-5g-12go-512go-blanc.html,4999.0,Smartphone SAMSUNG GALAXY S26 5G 12Go 512Go - Blanc,SAMSUNG,12.0,512.0,6.3,Samsung Exynos,Android,1,1,0,1,1
https://www.mytek.tn/smartphone-samsung-galaxy-s26-5g-12go-512go-bleu-ciel.html,4999.0,Smartphone SAMSUNG GALAXY S26 5G 12Go 512Go -Bleu Ciel,SAMSUNG,12.0,512.0,6.3,Samsung Exynos,Android,1,1,0,1,1
https://www.mytek.tn/smartphone-samsung-galaxy-s26-5g-12go-512go-violet-de-cobalt.html,4999.0,Smartphone SAMSUNG GALAXY S26 5G 12Go 512Go -Violet de Cobalt,SAMSUNG,12.0,512.0,6.3,Samsung Exynos,Android,1,1,0,1,1
https://www.mytek.tn/smartphone-samsung-galaxy-s26-ultra-5g-12go-256go-bleu-ciel.html,5999.0,Smartphone SAMSUNG GALAXY S26 Ultra 5G 12Go 256Go - Bleu Ciel,SAMSUNG,12.0,256.0,6.9,Qualcomm,Android,1,1,0,1,1
https://www.mytek.tn/smartphone-samsung-galaxy-s26-ultra-5g-12go-256go-blanc.html,5999.0,Smartphone SAMSUNG GALAXY S26 Ultra 5G 12Go 256Go - Blanc,SAMSUNG,12.0,256.0,6.9,Qualcomm,Android,1,1,0,1,1
https://www.mytek.tn/smartphone-samsung-galaxy-s26-ultra-5g-12go-256go-noir.html,5999.0,Smartphone SAMSUNG GALAXY S26 Ultra 5G 12Go 256Go - Noir,SAMSUNG,12.0,256.0,6.9,Qualcomm,Android,1,1,0,1,1
https://www.mytek.tn/smartphone-samsung-galaxy-s26-ultra-5g-12go-256go-violet-de-cobalt.html,5999.0,Smartphone SAMSUNG GALAXY S26 Ultra 5G 12Go 256Go - Violet de Cobalt,SAMSUNG,12.0,256.0,6.9,Qualcomm,Android,1,1,0,1,1
https://www.mytek.tn/smartphone-samsung-galaxy-s26-ultra-5g-12go-512go-noir.html,6999.0,Smartphone SAMSUNG GALAXY S26 Ultra 5G 12Go 512Go - Noir,SAMSUNG,12.0,512.0,6.9,Qualcomm,Android,0,1,0,1,1
https://www.mytek.tn/smartphone-samsung-galaxy-s26-ultra-5g-12go-512go-blanc.html,6999.0,Smartphone SAMSUNG GALAXY S26 Ultra 5G 12Go 512Go - Blanc,SAMSUNG,12.0,512.0,6.9,Qualcomm,Android,0,1,0,1,1
https://www.mytek.tn/smartphone-samsung-galaxy-s26-ultra-5g-12go-512go-bleu-ciel.html,6999.0,Smartphone SAMSUNG GALAXY S26 Ultra 5G 12Go 512Go -Bleu Ciel,SAMSUNG,12.0,512.0,6.9,Qualcomm,Android,0,1,0,1,1
https://www.mytek.tn/smartphone-samsung-galaxy-s26-ultra-5g-12go-512go-violet-de-cobalt.html,6999.0,Smartphone SAMSUNG GALAXY S26 Ultra 5G 12Go 512Go -Violet de Cobalt,SAMSUNG,12.0,512.0,6.9,Qualcomm,Android,0,1,0,1,1
https://www.mytek.tn/smartphone-tecno-spark-30-5g-4-go-128-go-aurora-cloud.html,559.0,Smartphone TECNO Spark 30 5G 4 Go 128 Go - Aurora Cloud,TECNO,4.0,128.0,6.67,MediaTek,Android,1,1,0,1,1
https://www.mytek.tn/smartphone-tecno-spark-30-5g-4-go-128-go-midnight-shadow.html,559.0,Smartphone TECNO Spark 30 5G 4 Go 128 Go - midnight shadow,TECNO,4.0,128.0,6.67,MediaTek,Android,1,1,0,1,1
https://www.mytek.tn/smartphone-tecno-spark-30-5g-4-go-128-go-azure-sky.html,559.0,Smartphone TECNO Spark 30 5G 4 Go 128 Go - Azure Sky,TECNO,4.0,128.0,6.67,MediaTek,Android,1,1,0,1,1
https://www.mytek.tn/smartphone-tecno-spark-30-5g-6go-128-go-aurora-gold.html,599.0,Smartphone TECNO Spark 30 5G 6GO 128 GO - Aurora Gold,TECNO,6.0,128.0,6.67,MediaTek,Android,0,1,0,1,1
https://www.mytek.tn/smartphone-tekno-digital-uniwa-w555-4go-64go-4g-noir-silver.html,249.0,Smartphone Tekno Digital UNIWA W555 4Go 64Go 4G - Noir Silver,UNIWA,4.0,64.0,5.71,Autre,Android,1,0,0,1,1
https://www.mytek.tn/smartphone-vivo-y04-4go-64go-or-titane.html,379.0,Smartphone VIVO Y04 8Go 64Go - Or Titane,VIVO,4.0,64.0,6.74,Autre,Android,1,0,0,1,1
https://www.mytek.tn/smartphone-vivo-y04-4go-64go-vert-jade.html,379.0,Smartphone VIVO Y04 8Go 64Go - Vert jade,VIVO,4.0,64.0,6.74,Autre,Android,1,0,0,1,1
https://www.mytek.tn/smartphone-vivo-y04-4go-128go-vert-jade.html,409.0,Smartphone VIVO Y04 8Go 128Go - Vert jade,VIVO,4.0,128.0,6.74,Autre,Android,1,0,0,1,1
https://www.mytek.tn/smartphone-vivo-y04-4go-128go-or-titane.html,409.0,Smartphone VIVO Y04 8Go 128Go - Or Titane,VIVO,4.0,128.0,6.74,Autre,Android,1,0,0,1,1
https://www.mytek.tn/smartphone-vivo-y19s-12go-128go-noir.html,459.0,Smartphone VIVO Y19s 12Go 128Go - Noir,VIVO,6.0,1024.0,6.68,Autre,Android,1,0,0,1,1
https://www.mytek.tn/smartphone-vivo-v40-lite-8go-256go-silver-titane.html,699.0,Smartphone VIVO V40 Lite 8Go 256Go - Silver Titane,VIVO,8.0,256.0,6.67,Qualcomm,Android,1,0,0,1,1
https://www.mytek.tn/smartphone-vivo-y31d-4g-6go-128go-gris.html,839.0,Smartphone VIVO Y31D 4G 6Go 128Go - Gris,VIVO,6.0,128.0,6.75,Qualcomm,Android,1,0,0,1,1
https://www.mytek.tn/smartphone-vivo-y31d-4g-6go-128go-6-75-120hz-gold.html,839.0,"Smartphone VIVO Y31D 4G 6Go 128Go 6,75"" 120Hz - Gold",VIVO,6.0,128.0,6.75,Qualcomm,Android,1,0,0,1,1
https://www.mytek.tn/smartphone-vivo-y31d-4g-8go-128go-120hz-7200mah-gold.html,949.0,Smartphone Vivo Y31D 4G 8Go 128Go 120Hz 7200mAh - Gold,VIVO,8.0,128.0,6.75,Qualcomm,Android,1,0,0,1,1
https://www.mytek.tn/smartphone-vivo-y31d-4g-8go-128go-6-75-7200-mah-gris.html,949.0,"Smartphone Vivo Y31D 4G 8Go 128Go 6.75"" 7200 mAh - Gris",VIVO,8.0,128.0,6.75,Qualcomm,Android,1,0,0,1,1
https://www.mytek.tn/smartphone-vivo-y31d-4g-8go-256go-7200mah-gris.html,1069.0,Smartphone VIVO Y31D 4G 8Go 256Go 7200mAh - Gris,VIVO,8.0,256.0,6.75,Qualcomm,Android,1,0,0,1,1
https://www.mytek.tn/smartphone-vivo-y31d-4g-8go-256go-120hz-7200mah-gold.html,1069.0,Smartphone VIVO Y31D 4G 8Go 256Go 120Hz 7200mAh - Gold,VIVO,8.0,256.0,6.75,Qualcomm,Android,1,0,0,1,1
https://www.mytek.tn/smartphone-vivo-y31-5g-16go-256go-noir.html,1169.0,Smartphone VIVO Y31 5G 16Go 256Go - Noir,VIVO,16.0,256.0,6.68,Qualcomm,Android,0,1,0,1,1
https://www.mytek.tn/smartphone-vivo-y31-5g-16go-256go-violet.html,1169.0,Smartphone VIVO Y31 5G 16Go 256Go - Violet,VIVO,16.0,256.0,6.68,Qualcomm,Android,0,1,0,1,1
https://www.mytek.tn/smartphone-vivo-v70-fe-5g-8go-256go-ocean-blue.html,1499.0,Smartphone Vivo V70 FE 5G 8Go 256Go - Ocean Blue,VIVO,8.0,256.0,6.83,MediaTek,Android,0,1,0,1,1
https://www.mytek.tn/smartphone-vivo-v70-fe-5g-8go-256go-titanium-silver.html,1499.0,Smartphone VIVO V70 FE 5G 8Go 256Go - Titanium Silver,VIVO,8.0,256.0,6.83,MediaTek,Android,0,1,0,1,1
https://www.mytek.tn/smartphone-vivo-v50-5g-12go-256go-bleu.html,1599.0,Smartphone VIVO V50 5G 12Go 256Go - Bleu,VIVO,12.0,256.0,6.77,Qualcomm,Android,1,1,0,1,1
https://www.mytek.tn/smartphone-vivo-v70-fe-5g-12go-256go-titanium-silver.html,1699.0,Smartphone VIVO V70 FE 5G 12Go 256Go - Titanium Silver,VIVO,12.0,256.0,6.83,MediaTek,Android,0,1,0,1,1
https://www.mytek.tn/smartphone-vivo-v70-fe-5g-12go-256go-ocean-blue.html,1699.0,Smartphone VIVO V70 FE 5G 12Go 256Go - Ocean Blue,VIVO,12.0,256.0,6.83,MediaTek,Android,0,1,0,1,1
https://www.mytek.tn/smartphone-vivo-v70-5g-12go-512go-grey-dunes.html,2199.0,Smartphone VIVO V70 5G 12Go 512Go - Grey Dunes,VIVO,12.0,512.0,6.59,Qualcomm,Android,0,1,0,1,1
https://www.mytek.tn/smartphone-vivo-v70-5g-12go-512go-brun-mat.html,2199.0,Smartphone VIVO V70 5G 12Go 512Go - Brun Mat,VIVO,12.0,512.0,6.59,Qualcomm,Android,0,1,0,1,1
https://www.mytek.tn/smartphone-xiaomi-redmi-a7-pro-4g-4go-128go-sunset-orange.html,499.0,Smartphone Xiaomi Redmi A7 Pro 4G 128Go 4Go - Sunset Orange,XIAOMI,4.0,128.0,6.9,Autre,Android,1,0,0,0,0
https://www.mytek.tn/smartphone-xiaomi-redmi-15c-4go-128go-noir-de-minuit.html,529.0,Smartphone XIAOMI Redmi 15C 4Go 128Go - Noir De Minuit,XIAOMI,4.0,128.0,6.9,MediaTek,Android,1,0,0,1,1
https://www.mytek.tn/smartphone-xiaomi-redmi-15c-4go-128go-vert-menthe.html,529.0,Smartphone XIAOMI Redmi 15C 4Go 128Go - Vert Menthe,XIAOMI,4.0,128.0,6.9,MediaTek,Android,1,0,0,1,1
https://www.mytek.tn/smartphone-xiaomi-redmi-15c-4go-128go-bleu-moonlight.html,529.0,Smartphone XIAOMI Redmi 15C 4Go 128Go - Bleu Moonlight,XIAOMI,4.0,128.0,6.9,MediaTek,Android,1,0,0,1,1
https://www.mytek.tn/smartphone-xiaomi-redmi-15c-4go-128go-orange-twilight.html,529.0,Smartphone XIAOMI Redmi 15C 4Go 128Go - Orange Twilight,XIAOMI,4.0,128.0,6.9,MediaTek,Android,1,0,0,1,1
https://www.mytek.tn/smartphone-xiaomi-redmi-15c-6go-128go-noir-de-minuit.html,599.0,Smartphone XIAOMI Redmi 15C 6Go 128Go - Noir De Minuit,XIAOMI,6.0,128.0,6.9,MediaTek,Android,1,0,0,1,1
https://www.mytek.tn/smartphone-xiaomi-redmi-15c-6go-128go-vert-menthe.html,599.0,Smartphone XIAOMI Redmi 15C 6Go 128Go - Vert Menthe,XIAOMI,6.0,128.0,6.9,MediaTek,Android,1,0,0,1,1
https://www.mytek.tn/smartphone-xiaomi-redmi-note-14-6go-128go-lime-vert.html,649.0,Smartphone Xiaomi Redmi Note 14  4G  6Go 128Go -  Lime Green,XIAOMI,6.0,128.0,6.67,Autre,Android,1,0,0,0,0
https://www.mytek.tn/smartphone-xiaomi-redmi-15c-8go-256go-noir-de-minuit.html,679.0,"Xiaomi Redmi 15C – 8Go RAM, 256Go, Noir de Minuit, Performance",XIAOMI,8.0,256.0,6.9,MediaTek,Android,1,0,0,1,1
https://www.mytek.tn/smartphone-xiaomi-redmi-15c-8go-256go-vert-menthe.html,679.0,Smartphone XIAOMI Redmi 15C 8Go 256Go - Vert Menthe,XIAOMI,8.0,256.0,6.9,MediaTek,Android,1,0,0,1,1
https://www.mytek.tn/smartphone-xiaomi-redmi-15c-8go-256go-bleu-moonlight.html,679.0,Smartphone XIAOMI Redmi 15C 8Go 256Go - Bleu Moonlight,XIAOMI,8.0,256.0,6.9,MediaTek,Android,1,0,0,1,1
https://www.mytek.tn/smartphone-xiaomi-redmi-15c-8go-256go-orange-twilight.html,679.0,Smartphone XIAOMI Redmi 15C 8Go 256Go - Orange Twilight,XIAOMI,8.0,256.0,6.9,MediaTek,Android,1,0,0,1,1
https://www.mytek.tn/smartphone-xiaomi-redmi-15-8go-256go-violet-sableux.html,699.0,Smartphone XIAOMI Redmi 15 8Go 256Go - Violet Sableux,XIAOMI,8.0,256.0,6.9,Qualcomm,Android,1,0,0,1,1
https://www.mytek.tn/smartphone-xiaomi-redmi-15-8go-256go-noir-de-minuit.html,699.0,Smartphone XIAOMI Redmi 15 8Go 256Go - Noir De Minuit,XIAOMI,8.0,256.0,6.9,Qualcomm,Android,1,0,0,1,1
https://www.mytek.tn/smartphone-xiaomi-redmi-15-8go-256go-gris-titane.html,699.0,Smartphone XIAOMI Redmi 15 8Go 256Go - Gris Titane,XIAOMI,8.0,256.0,6.9,Qualcomm,Android,1,0,0,1,1
https://www.mytek.tn/smartphone-xiaomi-redmi-15c-4go-128go-5g-vert-menthe.html,699.0,Smartphone XIAOMI Redmi 15C 4Go 128Go 5G - Vert Menthe,XIAOMI,4.0,128.0,6.09,MediaTek,Android,0,1,0,0,1
https://www.mytek.tn/smartphone-xiaomi-redmi-15c-4go-128go-5g-violet.html,699.0,Smartphone XIAOMI Redmi 15C 4Go 128Go 5G - Violet,XIAOMI,4.0,128.0,6.9,MediaTek,Android,0,1,0,0,1
https://www.mytek.tn/smartphone-xiaomi-redmi-15c-4go-128go-5g-noir-de-minuit.html,699.0,Smartphone XIAOMI Redmi 15C 4Go 128Go 5G -  Noir De Minuit,XIAOMI,4.0,128.0,6.09,MediaTek,Android,0,1,0,0,1
https://www.mytek.tn/smartphone-xiaomi-redmi-note-14-8go-256go-lime-vert.html,729.0,Smartphone Xiaomi Redmi Note 14  4G  8Go 256Go - Lime Green,XIAOMI,8.0,256.0,6.67,Autre,Android,1,0,0,0,0
https://www.mytek.tn/smartphone-xiaomi-redmi-note-14-8go-128go-ocean-blue.html,749.0,Smartphone Xiaomi Redmi Note 14 4G 8Go 128Go - Océan blue,XIAOMI,8.0,128.0,6.67,Autre,Android,1,0,0,0,0
https://www.mytek.tn/smartphone-xiaomi-redmi-note-14-4g-8go-128go-midnight-black.html,749.0,Smartphone Xiaomi Redmi Note 14 4G 8Go 128Go - Midnight Black,XIAOMI,8.0,128.0,6.67,Autre,Android,1,0,0,0,0
https://www.mytek.tn/smartphone-xiaomi-redmi-note-14-4g-8go-128go-purple.html,749.0,Smartphone Xiaomi Redmi Note 14 4G 8Go 128Go - Purple,XIAOMI,8.0,128.0,6.67,MediaTek,Android,1,0,0,0,0
https://www.mytek.tn/smartphone-xiaomi-redmi-note-14-8go-128go-lime-vert.html,749.0,Smartphone Xiaomi Redmi Note 14 4G  8Go 128Go - Lime Green,XIAOMI,8.0,128.0,6.67,Autre,Android,1,0,0,0,0
https://www.mytek.tn/smartphone-xiaomi-redmi-note-15-5g-6go-128go-noir.html,799.0,Smartphone Xiaomi Redmi Note 15  4G  6Go 128Go - Noir,XIAOMI,6.0,128.0,6.77,MediaTek,Android,1,0,0,1,1
https://www.mytek.tn/smartphone-xiaomi-redmi-note-15-5g-6go-128go-glacier-blue.html,799.0,Smartphone Xiaomi Redmi Note 15 4G  6Go 128Go - Glacier Blue,XIAOMI,6.0,128.0,6.77,MediaTek,Android,1,0,0,1,1
https://www.mytek.tn/smartphone-xiaomi-redmi-note-15-5g-6go-128go-violet.html,799.0,Smartphone Xiaomi Redmi Note 15 4G 6Go 128Go - Violet,XIAOMI,6.0,128.0,6.77,MediaTek,Android,1,0,0,1,1
https://www.mytek.tn/smartphone-xiaomi-redmi-note-15-5g-6go-128go-forest-green.html,799.0,Smartphone Xiaomi Redmi Note 15 4G 6Go 128Go - Forest Green,XIAOMI,6.0,128.0,6.77,MediaTek,Android,1,0,0,1,1
https://www.mytek.tn/smartphone-xiaomi-redmi-15c-8go-256go-5g-vert-menthe.html,839.0,Smartphone XIAOMI Redmi 15C 8Go 256Go 5G - Vert Menthe,XIAOMI,8.0,256.0,6.09,MediaTek,Android,0,1,0,1,1
https://www.mytek.tn/smartphone-xiaomi-redmi-15c-8go-256go-5g-noir-de-minuit.html,839.0,Smartphone XIAOMI Redmi 15C 8Go 256Go 5G - Noir De Minuit,XIAOMI,8.0,256.0,6.09,MediaTek,Android,0,1,0,1,1
https://www.mytek.tn/smartphone-xiaomi-redmi-note-15-4g-8go-256go-forest-green.html,899.0,Smartphone Xiaomi Redmi Note 15  4G  8Go 256Go - Forest Green,XIAOMI,8.0,256.0,6.77,MediaTek,Android,1,0,0,1,1
https://www.mytek.tn/smartphone-xiaomi-redmi-note-15-4g-8go-256go-violet.html,899.0,Smartphone Xiaomi Redmi Note 15  4G  8Go 256Go - Violet,XIAOMI,8.0,256.0,6.77,MediaTek,Android,1,0,0,1,1
https://www.mytek.tn/smartphone-xiaomi-redmi-note-15-4g-8go-256go-noir.html,899.0,Smartphone Xiaomi Redmi Note 15 4G 8Go 256Go - Noir,XIAOMI,8.0,256.0,6.77,MediaTek,Android,1,0,0,1,1
https://www.mytek.tn/smartphone-xiaomi-redmi-note-15-4g-8go-256go-glacier-blue.html,899.0,Smartphone Xiaomi Redmi Note 15  4G  8Go 256Go - Glacier Blue,XIAOMI,8.0,256.0,6.77,MediaTek,Android,1,0,0,1,1
https://www.mytek.tn/smartphone-xiaomi-redmi-note-15-5g-6go-128go-couleur-noir.html,1069.0,Smartphone Xiaomi Redmi Note 15  5G  6Go 128Go -Couleur Noir,XIAOMI,6.0,128.0,6.77,Qualcomm,Android,0,1,0,1,1
https://www.mytek.tn/smartphone-xiaomi-redmi-note-15-5g-6go-128go-couleur-glacier-blue.html,1069.0,Smartphone Xiaomi Redmi Note 15  5G  6Go 128Go -Couleur  Glacier Blue,XIAOMI,6.0,128.0,6.77,Qualcomm,Android,0,1,0,1,1
https://www.mytek.tn/smartphone-xiaomi-redmi-note-15-5g-6go-128go-couleur-violet-lavande.html,1069.0,Smartphone Xiaomi Redmi Note 15  5G  6Go 128Go -Couleur Violet lavande,XIAOMI,6.0,128.0,6.77,Qualcomm,Android,0,1,0,1,1
https://www.mytek.tn/smartphone-xiaomi-redmi-note-15-5g-8go-256go-couleur-noir.html,1199.0,Smartphone Xiaomi Redmi Note 15  5G  8Go 256Go -Couleur Noir,XIAOMI,8.0,256.0,6.77,Qualcomm,Android,0,1,0,1,1
https://www.mytek.tn/smartphone-xiaomi-redmi-note-15-5g-8go-256go-couleur-violet-lavande.html,1199.0,Smartphone Xiaomi Redmi Note 15  5G  8Go 256Go - Violet Lavande,XIAOMI,8.0,256.0,6.77,Qualcomm,Android,0,1,0,1,1
https://www.mytek.tn/smartphone-xiaomi-redmi-note-15-5g-8go-256go-couleur-glacier-blue.html,1199.0,Smartphone Xiaomi Redmi Note 15  5G  8Go 256Go - GLACIER BLUE,XIAOMI,8.0,256.0,6.77,Qualcomm,Android,0,1,0,1,1
https://www.mytek.tn/smartphone-xiaomi-redmi-note-15-pro-5g-8go-256go-noir.html,1319.0,Smartphone Xiaomi Redmi Note 15 Pro 5G  8Go 256Go - Noir,XIAOMI,8.0,256.0,6.83,MediaTek,Android,0,1,1,1,1
https://www.mytek.tn/smartphone-xiaomi-redmi-note-15-pro-5g-8go-256go-glacier-blue.html,1319.0,Smartphone Xiaomi Redmi Note 15 Pro 5G  8Go 256Go - Glacier Bleu,XIAOMI,8.0,256.0,6.83,MediaTek,Android,0,1,1,1,1
https://www.mytek.tn/smartphone-xiaomi-redmi-note-14-pro-plus-5g-8go-256go-bleu-givre.html,1699.0,Smartphone Xiaomi Redmi Note 14 Pro Plus 5G 8Go 256Go Frost Blue,XIAOMI,8.0,256.0,6.67,Qualcomm,Android,0,1,0,0,0
https://www.mytek.tn/smartphone-xiaomi-redmi-note-15-pro-plus-5g-8go-256go-glacier-bleu.html,1849.0,Smartphone Xiaomi Redmi Note 15 Pro Plus 5G  8Go 256Go - Glacier Bleu,XIAOMI,8.0,256.0,6.83,Qualcomm,Android,0,1,1,1,1
https://www.mytek.tn/smartphone-xiaomi-redmi-note-15-pro-plus-5g-8go-256go-mocha-brown.html,1849.0,Smartphone Xiaomi Redmi Note 15 Pro Plus 5G  8Go 256Go - Moka Brown,XIAOMI,8.0,256.0,6.83,Qualcomm,Android,0,1,1,1,1
https://www.mytek.tn/smartphone-xiaomi-redmi-note-15-pro-8go-256go-5g-noir.html,1849.0,Smartphone Xiaomi Redmi Note 15 Pro+ 8Go 256Go 5G - Noir,XIAOMI,8.0,256.0,6.83,Qualcomm,Android,0,1,1,1,1
https://www.mytek.tn/smartphone-xiaomi-redmi-note-15-pro-plus-5g-12go-512go-noir.html,2099.0,Smartphone Xiaomi Redmi Note 15 Pro Plus 5G  12Go 512Go - Noir,XIAOMI,12.0,512.0,6.83,Qualcomm,Android,0,1,1,1,1
https://www.mytek.tn/smartphone-xiaomi-redmi-note-15-pro-plus-5g-12go-512go-glacier-bleu.html,2099.0,Smartphone Xiaomi Redmi Note 15 Pro Plus 5G  12Go 512Go - Glacier Bleu,XIAOMI,12.0,512.0,6.83,Qualcomm,Android,0,1,1,1,1
https://www.mytek.tn/smartphone-xiaomi-redmi-note-15-pro-plus-5g-12go-512go-moka-brown.html,2099.0,Smartphone Xiaomi Redmi Note 15 Pro Plus 5G  12Go 512Go - Moka Brown,XIAOMI,12.0,512.0,6.83,Qualcomm,Android,0,1,1,1,1
