nom,url,prix_tnd,marque,ram_go,stockage_go,taille_ecran,os_platform,has_bluetooth
Téléphone Portable AMI C14 Style 3 - Noir Gris,https://www.mytek.tn/telephone-portable-ami-c14-style-3-noir-gris.html,35.9,AMI,16.0,19.2,1.77,Autres,1
Téléphone Portable AMI C14 Style 3 - Bleu Champagne,https://www.mytek.tn/telephone-portable-ami-c14-style-3-bleu-champagne.html,35.9,AMI,16.0,19.2,1.77,Autres,1
Téléphone Portable AMI C14 Style 3 - Noir Vert,https://www.mytek.tn/telephone-portable-ami-c14-style-3-noir-vert.html,35.9,AMI,16.0,19.2,1.77,Autres,1
Téléphone Portable AMI C14 Style 4 -Bleu Noir,https://www.mytek.tn/telephone-portable-ami-c14-style-4-bleu-noir.html,35.9,AMI,16.0,19.2,1.77,Autres,1
Téléphone Portable AMI C14 Style 4 - Noir,https://www.mytek.tn/telephone-portable-ami-c14-style-4-noir.html,35.9,AMI,16.0,19.2,1.77,Autres,1
Téléphone Portable AMI C14 Style 4 - Vert Noir,https://www.mytek.tn/telephone-portable-ami-c14-style-4-vert-noir.html,35.9,AMI,16.0,19.2,1.77,Autres,1
Téléphone Portable AMI C14 FASHION 1- Couleur Noir,https://www.mytek.tn/telephone-portable-ami-c14-fashion-1-couleur-noir.html,39.9,AMI,0.0296875,181.0,1.8,Autres,1
Téléphone Portable AMI C14 FASHION 1- Couleur Vert,https://www.mytek.tn/telephone-portable-ami-c14-fashion-1-couleur-vert.html,39.9,AMI,0.0296875,181.0,1.8,Autres,1
Téléphone Portable AMI C14 FASHION 2- Marron Foncé,https://www.mytek.tn/telephone-portable-ami-c14-fashion-2-marron-fonce.html,39.9,AMI,0.0296875,181.0,1.8,Autres,1
Téléphone Portable AMI C14 FASHION 2- Bleu Noir,https://www.mytek.tn/telephone-portable-ami-c14-fashion-2-bleu-noir.html,39.9,AMI,0.0296875,181.0,1.8,Autres,1
Téléphone Portable AMI F35 Strong 2  - Noir Champagne,https://www.mytek.tn/telephone-portable-ami-f35-strong-2-noir-orange.html,79.9,AMI,51.21875,16.0,2.4,Autres,1
Téléphone Portable AMI F35 Strong 2 - Noir Gris,https://www.mytek.tn/telephone-portable-ami-f35-strong-2-noir-gris.html,79.9,AMI,51.21875,16.0,2.4,Autres,1
Téléphone Portable AMI F35 Strong 2  - Vert Silver,https://www.mytek.tn/telephone-portable-ami-f35-strong-2-vert-silver.html,79.9,AMI,51.21875,16.0,2.4,Autres,1
Téléphone Portable AMI D20 Strong 1 - Couleur Noir,https://www.mytek.tn/telephone-portable-ami-d20-strong-1-couleur-noir.html,79.9,AMI,51.21875,16.0,2.4,Autres,1
Téléphone Portable AMI D20 Strong 1- Couleur Bleu,https://www.mytek.tn/telephone-portable-ami-d20-strong-1-couleur-bleu.html,79.9,AMI,51.21875,16.0,2.4,Autres,1
Téléphone Portable AMI D20 Strong 1- Couleur Vert,https://www.mytek.tn/telephone-portable-ami-d20-strong-1-couleur-vert.html,79.9,AMI,51.21875,16.0,2.4,Autres,1
Téléphone Portable Clever C4 - Gold,https://www.mytek.tn/telephone-portable-clever-c4-gold.html,32.9,CLEVER,16.0,16.0,1.77,Sans Système,1
Téléphone Portable Clever C4 -Blanc,https://www.mytek.tn/telephone-portable-clever-c4-blanc.html,32.9,CLEVER,16.0,16.0,1.77,Sans Système,1
Téléphone Portable Clever C4 - Purple,https://www.mytek.tn/telephone-portable-clever-c4-purple.html,32.9,CLEVER,16.0,16.0,1.77,Sans Système,1
Téléphone Portable Clever C4 - Vert,https://www.mytek.tn/telephone-portable-clever-c4-vert.html,32.9,CLEVER,16.0,16.0,1.77,Sans Système,1
Téléphone Portable Clever C4 - Bleu,https://www.mytek.tn/telephone-portable-clever-c4-bleu.html,32.9,CLEVER,16.0,16.0,1.77,Sans Système,1
Téléphone Portable Clever F10 - Noir,https://www.mytek.tn/telephone-portable-clever-f10-noir.html,89.0,CLEVER,51.21875,16.0,2.4,Sans Système,0
Téléphone Portable Clever F10 - Rose,https://www.mytek.tn/telephone-portable-clever-f10-rose.html,89.0,CLEVER,51.21875,16.0,2.4,Sans Système,0
Téléphone Portable Clever F10 - Vert,https://www.mytek.tn/telephone-portable-clever-f10-vert.html,89.0,CLEVER,51.21875,16.0,2.4,Sans Système,0
Téléphone Portable Clever F10 - Violet,https://www.mytek.tn/telephone-portable-clever-f10-violet.html,89.0,CLEVER,51.21875,16.0,2.4,Sans Système,0
Téléphone Portable Clever F10 - Blanc,https://www.mytek.tn/telephone-portable-clever-f10-blanc.html,89.0,CLEVER,51.21875,16.0,2.4,Sans Système,0
Téléphone Portable Clever F10 - Gold,https://www.mytek.tn/telephone-portable-clever-f10-gold.html,89.0,CLEVER,51.21875,16.0,2.4,Sans Système,0
Téléphone Portable Clever F10 - Bleu,https://www.mytek.tn/telephone-portable-clever-f10-bleu.html,89.0,CLEVER,256.0,16.0,2.4,Sans Système,0
Téléphone Portable EVERTEK EX18 - Orange,https://www.mytek.tn/telephone-portable-evertek-ex18-orange.html,35.0,EVERTEK,0.0234375,181.0,1.8,Autres,1
Téléphone Portable EVERTEK E3218 - Silver,https://www.mytek.tn/telephone-portable-evertek-e3218-silver.html,38.0,EVERTEK,0.03125,181.0,1.77,Autres,1
Téléphone Portable EVERTEK E3218 - Rouge,https://www.mytek.tn/telephone-portable-evertek-e3218-rouge.html,38.0,EVERTEK,0.03125,181.0,1.77,Autres,1
Téléphone Portable EVERTEK E3218 - Bleu,https://www.mytek.tn/telephone-portable-evertek-e3218-bleu.html,38.0,EVERTEK,0.03125,181.0,1.77,Autres,1
Téléphone Portable EVERTEK E3218 - Noir,https://www.mytek.tn/telephone-portable-evertek-e3218-noir.html,38.0,EVERTEK,0.03125,181.0,1.77,Autres,1
Téléphone Portable EVERTEK E3218 - Vert,https://www.mytek.tn/telephone-portable-evertek-e3218-vert.html,38.0,EVERTEK,0.03125,181.0,1.77,Autres,1
Téléphone Portable EVERTEK E3218 - Bleu Marine,https://www.mytek.tn/telephone-portable-evertek-e3218-bleu-marine.html,38.0,EVERTEK,0.03125,181.0,1.77,Autres,1
Téléphone Portable EVERTEK E3224 - Bleu foncé,https://www.mytek.tn/telephone-portable-evertek-e3224-bleu-fonce.html,49.0,EVERTEK,0.0234375,16.0,2.4,Autres,1
Téléphone Portable ITEL it2165 - Noir,https://www.mytek.tn/telephone-portable-itel-it2165-noir.html,35.0,ITEL,0.0296875,181.0,1.8,Autres,0
Téléphone Portable ITEL it2165 - Bleu Cité,https://www.mytek.tn/telephone-portable-itel-it2165-bleu-cite.html,35.0,ITEL,0.0296875,181.0,1.8,Autres,0
Téléphone Portable Maxfone 16 Max - Noir,https://www.mytek.tn/telephone-portable-maxfone-16-max-noir.html,79.9,MAXFONE,0.03125,16.0,2.4,Autres,1
Téléphone Portable Maxfone 16 Max - Gold,https://www.mytek.tn/telephone-portable-maxfone-16-max-gold.html,79.9,MAXFONE,0.03125,16.0,2.4,Autres,1
Téléphone Portable NOKIA 105 CRAZY 5 - Noir,https://www.mytek.tn/telephone-portable-nokia-105-crazy-5-noir.html,59.0,NOKIA,0.00390625,181.0,1.77,Inconnu,0
Téléphone portable NOKIA 130 HMD Nina - Dark Gray,https://www.mytek.tn/telephone-portable-nokia-130-hmd-nina-dark-gray.html,89.0,NOKIA,0.0078125,16.0,2.4,Autres,1
Téléphone portable NOKIA HMD 130 Nina - Bleu,https://www.mytek.tn/telephone-portable-nokia-130-hmd-nina-bleu.html,89.0,NOKIA,0.0078125,16.0,2.4,Autres,1
Téléphone portable Nokia 110 Power - Gris,https://www.mytek.tn/telephone-portable-nokia-110-power-gris.html,99.0,NOKIA,0.00390625,181.0,2.0,S30+,1
Téléphone portable NOKIA HMD 150 Nina - Dark Gray,https://www.mytek.tn/telephone-portable-nokia-hmd-150-nina-dark-gray.html,109.0,NOKIA,0.0078125,825.0,2.4,S30+,1
Téléphone portable NOKIA HMD 150 Nina - Purple,https://www.mytek.tn/telephone-portable-nokia-hmd-150-nina-purple.html,109.0,NOKIA,0.0078125,16.0,2.4,S30+,1
Téléphone Portable NOKIA 2660 Flip - Noir,https://www.mytek.tn/telephone-portable-nokia-2660-flip-noir.html,249.0,NOKIA,0.046875,181.0,2.8,S30+,0
"Téléphone Portable PHILIPS Fun 100 Dual SIM 2"" 1000 mAh - Noir",https://www.mytek.tn/telephone-portable-philips-e2106-noir.html,45.9,PHILIPS,0.00390625,181.0,2.0,Autres,0
"Téléphone Portable PHILIPS Fun 100 Dual SIM 2"" 1000 mAh - Bleu",https://www.mytek.tn/telephone-portable-philips-fun-100-dual-sim-2-1000-mah-bleu.html,45.9,PHILIPS,0.00390625,181.0,2.0,Autres,0
"Téléphone Portable PHILIPS Fun 100 Dual SIM 2"" 1000 mAh - Deep Blue",https://www.mytek.tn/telephone-portable-philips-fun-100-dual-sim-2-1000-mah-deep-blue.html,45.9,PHILIPS,0.00390625,181.0,2.0,Autres,0
"Téléphone portable PHILIPS FUN101 2"" 1500 mAh - Deep Bleu",https://www.mytek.tn/telephone-portable-philips-e2130-deep-bleu.html,56.9,PHILIPS,0.00390625,181.0,2.0,Autres,0
"Téléphone portable PHILIPS FUN101 2"" 1500 mAh - Noir",https://www.mytek.tn/telephone-portable-philips-fun101-2-1500-mah-noir.html,56.9,PHILIPS,0.00390625,181.0,2.0,Autres,0
Téléphone Portable PHILIPS XENIUM 210 - Noir,https://www.mytek.tn/telephone-portable-philips-xenium-210-noir.html,89.9,PHILIPS,0.0078125,16.0,2.4,Autres,0
"Téléphone Portable PHILIPS E2830 3.0"" 2000 mAh - Gris",https://www.mytek.tn/telephone-portable-philips-e2830-3-0-2000-mah-gris.html,99.0,PHILIPS,0.0078125,32.0,3.0,Autres,0
Téléphone Portable SMARTEC V2 - Noir,https://www.mytek.tn/telephone-portable-smartec-v2-noir.html,39.0,SMARTEC,0.03125,181.0,2.0,Inconnu,1
Téléphone Portable SMARTEC V2 - Bleu,https://www.mytek.tn/telephone-portable-smartec-v2-bleu.html,39.0,SMARTEC,0.03125,181.0,2.0,Inconnu,1
"Téléphone Portable Smartec V1 Double SIM 2"" - Bleu",https://www.mytek.tn/telephone-portable-smartec-v1-double-sim-2-bleu.html,39.0,SMARTEC,0.03125,32.0,2.0,Autres,1
Téléphone Portable SMARTEC V1 Écran 2.0” 800mAh - Gris,https://www.mytek.tn/telephone-portable-smartec-v1-ecran-2-0-800mah-gris.html,39.0,SMARTEC,0.03125,181.0,2.0,Autres,1
"Téléphone Portable SMARTEC V1 Écran 2"" LCD 800 mAh - Noir",https://www.mytek.tn/telephone-portable-smartec-v1-ecran-2-lcd-800-mah-noir.html,39.0,SMARTEC,0.03125,181.0,2.0,Autres,1
Téléphone Portable SMARTEC V1 Double SIM 800mAh - bleu foncé,https://www.mytek.tn/telephone-portable-smartec-v1-double-sim-800mah-bleu-fonce.html,39.0,SMARTEC,0.03125,181.0,2.0,Autres,1
Téléphone Portable SMARTEC V2 - Blanc,https://www.mytek.tn/telephone-portable-smartec-v2-blanc.html,39.0,SMARTEC,0.03125,181.0,2.0,Inconnu,1
Téléphone Portable SMARTEC V2 - Rose,https://www.mytek.tn/telephone-portable-smartec-v2-rose.html,39.0,SMARTEC,0.03125,181.0,2.0,Inconnu,1
Téléphone Portable SMARTEC F1 FLIP - Noir,https://www.mytek.tn/telephone-portable-smartec-f1-flip-noir.html,85.0,SMARTEC,51.21875,16.0,2.4,Inconnu,0
Téléphone Portable SMARTEC F1 FLIP - Bleu,https://www.mytek.tn/telephone-portable-smartec-f1-flip-bleu.html,85.0,SMARTEC,51.21875,16.0,2.4,Autres,0
Téléphone Portable SMARTEC F1 FLIP - Gris,https://www.mytek.tn/telephone-portable-smartec-f1-flip-gris.html,85.0,SMARTEC,51.21875,16.0,2.4,Autres,0
Téléphone Portable SMARTEC F1 FLIP - Rouge,https://www.mytek.tn/telephone-portable-smartec-f1-flip-rouge.html,85.0,SMARTEC,51.21875,16.0,2.4,Inconnu,0
TÉLÉPHONE PORTABLE UNIWA E1803 -NOIR,https://www.mytek.tn/telephone-portable-uniwa-e1803-noir.html,36.9,UNIWA,16.0,16.0,1.77,Autres,0
TÉLÉPHONE PORTABLE UNIWA E1803 - Rouge,https://www.mytek.tn/telephone-portable-uniwa-e1803-rouge.html,36.9,UNIWA,16.0,16.0,1.77,Autres,0
TÉLÉPHONE PORTABLE UNIWA E1803 - Gris,https://www.mytek.tn/telephone-portable-uniwa-e1803-gris.html,36.9,UNIWA,16.0,16.0,1.77,Autres,0
TÉLÉPHONE PORTABLE UNIWA E1803 - ice bleu,https://www.mytek.tn/telephone-portable-uniwa-e1803-ice-bleu.html,36.9,UNIWA,16.0,16.0,1.77,Autres,0
Téléphone Portable UNIWA E1801 - Rouge,https://www.mytek.tn/telephone-portable-uniwa-e1801-rouge.html,37.9,UNIWA,0.03125,181.0,1.77,Inconnu,0
Téléphone Portable UNIWA E1801 - Bleu,https://www.mytek.tn/telephone-portable-uniwa-e1801-bleu.html,37.9,UNIWA,0.03125,181.0,1.77,Autres,0
Téléphone Portable UNIWA E1802 - Rouge,https://www.mytek.tn/telephone-portable-uniwa-e1802-rouge.html,49.0,UNIWA,51.21875,16.0,2.4,Autres,0
Téléphone Portable UNIWA E1802 - Gold,https://www.mytek.tn/telephone-portable-uniwa-e1802-gold.html,49.0,UNIWA,51.21875,16.0,2.4,Autres,0
Téléphone Portable UNIWA E1802 - Bleu,https://www.mytek.tn/telephone-portable-uniwa-e1802-bleu.html,49.0,UNIWA,51.21875,16.0,2.4,Autres,0
